Date,Tree Name,QAQC,tree id,Genus,Species,Species ID Code,Tree tag present,Tree tag information,ID Notes,Multi-stemmed,DBH (in),Total DBH,Esimated DBH,Height Measured (DBH),Land Use Type,Site type,Percent Imperv in Root Zone,Street,Sidewalk,Powerline,Mulch,Mulch Volcano,Tree guard,Stake,Irrigation infrastructure,Irrigation infrastructure description,Gator bag,Pruned,Prune - Cut to branch collar,Prune - hatrack,Prune - flush cut,Prune - tear bark,Prune - bleeding wound,Gardenscape,Mowing,Grass Description,Other Cues to Care,Roots visible above soil,Girdling Roots,Fungal Conch,Road/Sidewalk Lift,Road/Sidewalk crack,Broken or Dead Branches in crown,Trunk damage,Leaf curling or Wrinkling,Other Notable Damage,Other notes,Discoloration,Defoliation,Dieback,Crown Vigor,Transparency,Crown Light Exposure,"Dead
",Missing or Removed,Exclude,To Update
8/15/2023,UIC-1717,FALSE,1717,Tilia,cordata,TICO,FALSE,,,FALSE,12.5,12.5,,,INST,OM,trace,FALSE,FALSE,FALSE,TRUE,FALSE,FALSE,FALSE,FALSE,,FALSE,TRUE,TRUE,FALSE,FALSE,FALSE,FALSE,None,recent,Lush,,TRUE,FALSE,FALSE,FALSE,FALSE,FALSE,FALSE,TRUE,leaf gall,,trace,25-Feb,5-Feb,2,25,3,FALSE,FALSE,FALSE,FALSE
8/15/2023,UIC-1019,FALSE,1019,Tilia,cordata,TICO,FALSE,,,FALSE,17.1,17.1,,,INST,SY,25-Feb,FALSE,FALSE,FALSE,FALSE,FALSE,FALSE,FALSE,FALSE,,FALSE,TRUE,TRUE,FALSE,FALSE,FALSE,FALSE,None,recent,Patchy but green,,TRUE,TRUE,FALSE,FALSE,FALSE,TRUE,FALSE,TRUE,,,25-Feb,trace,10-Jun,3,35,2,FALSE,FALSE,FALSE,FALSE
8/15/2023,UIC-1015,FALSE,1015,Celtis,occidentalis,CEOC,FALSE,,,FALSE,20,20,,,INST,BY,51-75,FALSE,TRUE,FALSE,FALSE,FALSE,FALSE,FALSE,FALSE,,FALSE,TRUE,TRUE,FALSE,FALSE,FALSE,FALSE,None,recent,Patchy but green,,TRUE,TRUE,FALSE,FALSE,FALSE,FALSE,FALSE,TRUE,,,51-75,25-Feb,5-Feb,4,25,4,FALSE,FALSE,FALSE,FALSE
8/15/2023,UIC-216,FALSE,216,Acer,platanoides,ACPL,FALSE,,,FALSE,19,19,,,INST,OH,26-50,TRUE,FALSE,FALSE,FALSE,FALSE,FALSE,FALSE,FALSE,,FALSE,TRUE,TRUE,FALSE,FALSE,FALSE,FALSE,None,recent,Patchy but green,,TRUE,FALSE,FALSE,FALSE,FALSE,TRUE,FALSE,TRUE,leaf gall,,trace,25-Feb,trace,1,25,2,FALSE,FALSE,FALSE,FALSE
8/15/2023,UIC-215,FALSE,215,Acer,platanoides,ACPL,FALSE,,,FALSE,18.2,18.2,,,INST,OH,26-50,TRUE,FALSE,FALSE,TRUE,FALSE,FALSE,FALSE,FALSE,,FALSE,TRUE,TRUE,FALSE,FALSE,FALSE,FALSE,None,N/A,None,,TRUE,TRUE,FALSE,FALSE,FALSE,TRUE,FALSE,FALSE,,,25-Feb,trace,5-Feb,1,35,2,FALSE,FALSE,FALSE,FALSE
8/15/2023,UIC-1038,FALSE,1038,Acer,platanoides,ACPL,FALSE,,,FALSE,15.5,15.5,,,INST,OH,51-75,FALSE,TRUE,FALSE,FALSE,FALSE,FALSE,FALSE,FALSE,,FALSE,TRUE,TRUE,FALSE,FALSE,FALSE,FALSE,None,recent,Patchy but green,,TRUE,TRUE,FALSE,TRUE,FALSE,TRUE,TRUE,TRUE,,,25-Feb,trace,15-Nov,3,35,2,FALSE,FALSE,FALSE,FALSE
8/15/2023,UIC-1043,FALSE,1043,Acer,x freemanii,ACXF,FALSE,,,FALSE,16.7,16.7,,,INST,OH,76-100,TRUE,TRUE,FALSE,FALSE,FALSE,FALSE,FALSE,FALSE,,FALSE,TRUE,TRUE,FALSE,FALSE,FALSE,FALSE,None,recent,Dry/brown,,FALSE,FALSE,FALSE,TRUE,FALSE,TRUE,FALSE,TRUE,,,76-100,25-Feb,51-55,4,65,4,FALSE,FALSE,FALSE,FALSE
8/15/2023,UIC-228,FALSE,228,Celtis,occidentalis,CEOC,FALSE,,,FALSE,19.2,19.2,,,INST,OH,76-100,TRUE,FALSE,FALSE,TRUE,FALSE,FALSE,FALSE,FALSE,,FALSE,TRUE,TRUE,FALSE,FALSE,FALSE,FALSE,None,recent,Patchy but green,,TRUE,FALSE,FALSE,FALSE,TRUE,TRUE,TRUE,TRUE,leaf gall,,51-75,trace,5-Feb,4,35,4,FALSE,FALSE,FALSE,FALSE
8/15/2023,UIC-225,FALSE,225,Celtis,occidentalis,CEOC,FALSE,,,FALSE,11.1,11.1,,,INST,SP,76-100,TRUE,TRUE,FALSE,TRUE,FALSE,FALSE,FALSE,FALSE,,FALSE,TRUE,TRUE,FALSE,FALSE,FALSE,FALSE,None,N/A,None,,FALSE,FALSE,FALSE,TRUE,FALSE,TRUE,FALSE,TRUE,leaf gall,,26-50,25-Feb,36-40,4,55,3,FALSE,FALSE,FALSE,FALSE
8/15/2023,UIC-1064,FALSE,1064,Gymnocladus,dioicus,GYDI,FALSE,,,FALSE,12.6,12.6,,,INST,OM,26-50,FALSE,TRUE,FALSE,TRUE,FALSE,FALSE,FALSE,FALSE,,FALSE,TRUE,TRUE,FALSE,FALSE,FALSE,FALSE,None,recent,Lush,,FALSE,FALSE,FALSE,TRUE,FALSE,TRUE,FALSE,FALSE,,,26-50,trace,5-Feb,3,35,3,FALSE,FALSE,FALSE,FALSE
8/15/2023,UIC-1065,FALSE,1065,Gymnocladus,dioicus,GYDI,FALSE,,,FALSE,18.5,18.5,,,INST,OM,26-50,FALSE,TRUE,FALSE,TRUE,FALSE,FALSE,FALSE,FALSE,,FALSE,TRUE,TRUE,TRUE,FALSE,FALSE,FALSE,None,recent,Patchy but green,,FALSE,FALSE,FALSE,TRUE,FALSE,TRUE,FALSE,TRUE,,,51-75,trace,5-Feb,4,35,3,FALSE,FALSE,FALSE,FALSE
8/15/2023,UIC-1075,FALSE,1075,Celtis,occidentalis,CEOC,FALSE,,,FALSE,15,15,,,INST,FY,26-50,FALSE,TRUE,FALSE,TRUE,FALSE,FALSE,FALSE,FALSE,,FALSE,TRUE,TRUE,TRUE,FALSE,FALSE,FALSE,None,recent,Patchy but green,,FALSE,FALSE,FALSE,TRUE,FALSE,FALSE,FALSE,FALSE,,,26-50,25-Feb,5-Feb,3,25,3,FALSE,FALSE,FALSE,FALSE
8/15/2023,UIC-1096,FALSE,1096,Acer,x freemanii,ACXF,FALSE,,,FALSE,31.5,31.5,,,INST,BY,25-Feb,FALSE,FALSE,FALSE,FALSE,FALSE,FALSE,FALSE,FALSE,,FALSE,TRUE,TRUE,FALSE,FALSE,FALSE,FALSE,None,recent,Lush,,TRUE,FALSE,FALSE,FALSE,FALSE,TRUE,FALSE,FALSE,,,trace,trace,5-Feb,1,25,4,FALSE,FALSE,FALSE,FALSE
8/15/2023,UIC-1105,FALSE,1105,Gleditsia,triacanthos,GLTR,FALSE,,,FALSE,26,26,,,INST,OH,51-75,FALSE,TRUE,FALSE,TRUE,FALSE,FALSE,FALSE,FALSE,,FALSE,TRUE,TRUE,FALSE,FALSE,FALSE,FALSE,Moderate,recent,Lush,,TRUE,FALSE,FALSE,TRUE,FALSE,TRUE,FALSE,TRUE,,,trace,25-Feb,15-Nov,2,45,5,FALSE,FALSE,FALSE,FALSE
8/15/2023,UIC-1110,FALSE,1110,Gymnocladus,dioicus,GYDI,FALSE,,,FALSE,14.9,14.9,,,INST,OH,26-50,FALSE,TRUE,FALSE,TRUE,FALSE,FALSE,FALSE,FALSE,,FALSE,TRUE,TRUE,FALSE,FALSE,FALSE,FALSE,Moderate,recent,Lush,,FALSE,FALSE,FALSE,FALSE,FALSE,FALSE,FALSE,FALSE,,,26-50,trace,trace,3,35,4,FALSE,FALSE,FALSE,FALSE
8/15/2023,UIC-1139,FALSE,1139,Gymnocladus,dioicus,GYDI,FALSE,,,FALSE,16.3,16.3,,,INST,OH,76-100,FALSE,TRUE,FALSE,TRUE,FALSE,FALSE,FALSE,FALSE,,FALSE,TRUE,TRUE,FALSE,FALSE,FALSE,FALSE,None,recent,Patchy but green,,FALSE,FALSE,FALSE,FALSE,FALSE,TRUE,FALSE,FALSE,,,26-50,trace,trace,3,25,3,FALSE,FALSE,FALSE,FALSE
8/15/2023,UIC-345,FALSE,345,Tilia,cordata,TICO,FALSE,,,FALSE,14.9,14.9,,,INST,OH,76-100,FALSE,TRUE,FALSE,FALSE,FALSE,FALSE,FALSE,FALSE,,FALSE,TRUE,TRUE,FALSE,TRUE,FALSE,FALSE,None,recent,Patchy but green,,TRUE,TRUE,FALSE,TRUE,FALSE,FALSE,FALSE,FALSE,,,trace,trace,trace,1,35,3,FALSE,FALSE,FALSE,FALSE
8/15/2023,UIC-1203,FALSE,1203,Ulmus,species,ULSP,FALSE,,,FALSE,,NA,,,INST,FY,,FALSE,FALSE,FALSE,FALSE,FALSE,FALSE,FALSE,FALSE,,FALSE,FALSE,FALSE,FALSE,FALSE,FALSE,FALSE,,,,,FALSE,FALSE,FALSE,FALSE,FALSE,FALSE,FALSE,FALSE,,,,,,,,,FALSE,TRUE,FALSE,FALSE
8/15/2023,UIC-1216,FALSE,1216,Acer,platanoides,ACPL,FALSE,,,FALSE,18.6,18.6,,,INST,OH,76-100,FALSE,TRUE,FALSE,FALSE,FALSE,FALSE,FALSE,FALSE,,FALSE,TRUE,TRUE,FALSE,FALSE,FALSE,FALSE,None,recent,Patchy but green,,TRUE,FALSE,FALSE,TRUE,TRUE,TRUE,FALSE,FALSE,,,25-Feb,trace,trace,1,25,3,FALSE,FALSE,FALSE,FALSE
8/15/2023,UIC-1251,TRUE,1251,Gleditsia,triacanthos,GLTR,FALSE,,,TRUE,26.8,26.8,,,INST,OH,51-75,FALSE,TRUE,FALSE,TRUE,FALSE,FALSE,FALSE,FALSE,,FALSE,TRUE,TRUE,FALSE,FALSE,FALSE,FALSE,Moderate,recent,Lush,,TRUE,FALSE,FALSE,FALSE,FALSE,TRUE,FALSE,TRUE,,,trace,25-Feb,5-Feb,1,35,2,FALSE,FALSE,FALSE,FALSE
8/15/2023,UIC-1287,FALSE,1287,Acer,platanoides,ACPL,FALSE,,,FALSE,12.4,12.4,,,INST,OH,51-75,FALSE,FALSE,FALSE,FALSE,FALSE,FALSE,FALSE,FALSE,,FALSE,TRUE,TRUE,FALSE,FALSE,FALSE,FALSE,None,N/A,None,,FALSE,FALSE,FALSE,FALSE,FALSE,FALSE,FALSE,FALSE,,,25-Feb,trace,trace,1,35,2,FALSE,FALSE,FALSE,FALSE
8/15/2023,UIC-1311,FALSE,1311,Celtis,occidentalis,CEOC,FALSE,,,FALSE,18.5,18.5,,,INST,OM,25-Feb,FALSE,FALSE,FALSE,FALSE,FALSE,FALSE,FALSE,FALSE,,FALSE,TRUE,TRUE,FALSE,FALSE,FALSE,FALSE,Minimal,N/A,None,,TRUE,FALSE,FALSE,FALSE,FALSE,TRUE,FALSE,FALSE,leaf gall,,trace,25-Feb,5-Feb,2,25,1,FALSE,FALSE,FALSE,FALSE
8/18/2023,UIC-848,FALSE,848,Ulmus,species,ULSP,FALSE,,ulmus fulva,FALSE,11.3,11.3,,,INST,MP,76-100,FALSE,TRUE,FALSE,TRUE,FALSE,FALSE,FALSE,FALSE,,FALSE,TRUE,TRUE,FALSE,FALSE,FALSE,FALSE,Moderate,N/A,None,,FALSE,FALSE,FALSE,TRUE,FALSE,FALSE,FALSE,FALSE,,,trace,25-Feb,trace,1,35,3,FALSE,FALSE,FALSE,FALSE
8/18/2023,UIC-317,FALSE,317,Tilia,cordata,TICO,FALSE,,,FALSE,18.5,18.5,,,INST,OH,76-100,TRUE,FALSE,FALSE,TRUE,TRUE,FALSE,FALSE,FALSE,,FALSE,TRUE,TRUE,TRUE,FALSE,FALSE,FALSE,Moderate,N/A,None,,FALSE,FALSE,FALSE,FALSE,TRUE,FALSE,TRUE,TRUE,,,76-100,trace,5-Feb,4,35,5,FALSE,FALSE,FALSE,FALSE
8/18/2023,UIC-878,FALSE,878,Acer,x freemanii,ACXF,FALSE,,,FALSE,10.7,10.7,,,INST,BY,26-50,TRUE,FALSE,FALSE,FALSE,FALSE,FALSE,FALSE,FALSE,,FALSE,FALSE,FALSE,FALSE,FALSE,FALSE,FALSE,Moderate,old,Patchy but green,,TRUE,FALSE,FALSE,FALSE,TRUE,FALSE,FALSE,TRUE,,,76-100,25-Feb,15-Nov,4,35,4,FALSE,FALSE,FALSE,FALSE
8/18/2023,UIC-882,FALSE,882,Gleditsia,triacanthos,GLTR,FALSE,,,FALSE,20.5,20.5,,,INST,OH,76-100,FALSE,TRUE,FALSE,TRUE,FALSE,FALSE,FALSE,FALSE,,FALSE,TRUE,TRUE,FALSE,FALSE,FALSE,FALSE,Minimal,N/A,None,,TRUE,FALSE,FALSE,TRUE,TRUE,TRUE,FALSE,TRUE,,,trace,25-Feb,5-Feb,2,45,4,FALSE,FALSE,FALSE,FALSE
8/18/2023,UIC-310,FALSE,310,Tilia,cordata,TICO,FALSE,,,FALSE,13.5,13.5,,,INST,SP,76-100,TRUE,TRUE,FALSE,TRUE,TRUE,FALSE,FALSE,FALSE,,FALSE,TRUE,TRUE,FALSE,FALSE,FALSE,FALSE,Moderate,N/A,None,,TRUE,TRUE,FALSE,TRUE,TRUE,TRUE,TRUE,FALSE,,,25-Feb,trace,15-Nov,3,45,3,FALSE,FALSE,FALSE,FALSE
,UIC-1476,FALSE,1476,Gymnocladus,dioicus,GYDI,FALSE,,,FALSE,,NA,,,INST,,,FALSE,FALSE,FALSE,FALSE,FALSE,FALSE,FALSE,FALSE,,FALSE,FALSE,FALSE,FALSE,FALSE,FALSE,FALSE,,,,,FALSE,FALSE,FALSE,FALSE,FALSE,FALSE,FALSE,FALSE,,,,,,,,,FALSE,TRUE,FALSE,FALSE
,UIC-1477,FALSE,1477,Gymnocladus,dioicus,GYDI,FALSE,,,FALSE,,NA,,,INST,,,FALSE,FALSE,FALSE,FALSE,FALSE,FALSE,FALSE,FALSE,,FALSE,FALSE,FALSE,FALSE,FALSE,FALSE,FALSE,,,,,FALSE,FALSE,FALSE,FALSE,FALSE,FALSE,FALSE,FALSE,,,,,,,,,FALSE,TRUE,FALSE,FALSE
8/18/2023,UIC-1172,FALSE,1172,Ulmus,species,ULSP,FALSE,,,FALSE,12.9,12.9,,,INST,SP,25-Feb,TRUE,TRUE,FALSE,FALSE,FALSE,FALSE,FALSE,FALSE,,FALSE,TRUE,TRUE,TRUE,FALSE,FALSE,FALSE,None,recent,Patchy but green,,TRUE,FALSE,FALSE,FALSE,TRUE,TRUE,FALSE,TRUE,,,trace,26-50,10-Jun,3,45,2,FALSE,FALSE,FALSE,FALSE
8/18/2023,UIC-1170,FALSE,1170,Ulmus,species,ULSP,FALSE,,,FALSE,11.7,11.7,,,INST,SP,25-Feb,TRUE,TRUE,FALSE,FALSE,FALSE,FALSE,FALSE,FALSE,,FALSE,TRUE,TRUE,FALSE,FALSE,FALSE,FALSE,None,recent,Patchy but green,,TRUE,FALSE,FALSE,FALSE,FALSE,TRUE,FALSE,TRUE,,,25-Feb,26-50,5-Feb,3,45,2,FALSE,FALSE,FALSE,FALSE
8/18/2023,UIC-1167,FALSE,1167,Ulmus,species,ULSP,FALSE,,,FALSE,13,13,,,INST,SP,25-Feb,TRUE,TRUE,FALSE,FALSE,FALSE,FALSE,FALSE,FALSE,,FALSE,TRUE,TRUE,FALSE,FALSE,FALSE,TRUE,None,recent,Patchy but green,,TRUE,TRUE,FALSE,TRUE,TRUE,TRUE,FALSE,TRUE,,,trace,25-Feb,10-Jun,3,45,2,FALSE,FALSE,FALSE,FALSE
8/18/2023,UIC-1166,FALSE,1166,Ulmus,species,ULSP,FALSE,,,FALSE,14.6,14.6,,,INST,SP,25-Feb,TRUE,TRUE,FALSE,FALSE,FALSE,FALSE,FALSE,FALSE,,FALSE,TRUE,TRUE,FALSE,FALSE,FALSE,FALSE,None,recent,Patchy but green,,FALSE,FALSE,FALSE,TRUE,TRUE,TRUE,FALSE,TRUE,,,trace,25-Feb,10-Jun,3,45,3,FALSE,FALSE,FALSE,FALSE
8/18/2023,UIC-1164,FALSE,1164,Ulmus,species,ULSP,FALSE,,,FALSE,12,12,,,INST,SP,25-Feb,TRUE,TRUE,FALSE,FALSE,FALSE,FALSE,FALSE,FALSE,,FALSE,TRUE,TRUE,FALSE,FALSE,FALSE,FALSE,None,recent,Patchy but green,,TRUE,FALSE,FALSE,FALSE,FALSE,TRUE,FALSE,TRUE,,,25-Feb,26-50,10-Jun,3,45,3,FALSE,FALSE,FALSE,FALSE
8/18/2023,UIC-1554,FALSE,1554,Ulmus,species,ULSP,FALSE,,,FALSE,15.5,15.5,,,INST,OH,76-100,TRUE,FALSE,FALSE,TRUE,FALSE,FALSE,FALSE,TRUE,drip irrigation but is broken,FALSE,TRUE,TRUE,FALSE,FALSE,TRUE,FALSE,Extensive,N/A,Lush,,FALSE,FALSE,FALSE,FALSE,FALSE,FALSE,FALSE,FALSE,,,trace,trace,trace,1,25,5,FALSE,FALSE,FALSE,FALSE
8/18/2023,UIC-179,FALSE,179,Celtis,occidentalis,CEOC,FALSE,,,FALSE,11.8,11.8,,,INST,SP,51-75,TRUE,TRUE,FALSE,FALSE,FALSE,FALSE,FALSE,FALSE,,FALSE,TRUE,TRUE,FALSE,FALSE,FALSE,FALSE,None,recent,Patchy but green,,TRUE,TRUE,FALSE,FALSE,FALSE,FALSE,FALSE,TRUE,,,51-75,25-Feb,5-Feb,4,35,2,FALSE,FALSE,FALSE,FALSE
8/18/2023,UIC-174,FALSE,174,Celtis,occidentalis,CEOC,FALSE,,,FALSE,14.5,14.5,,,INST,SP,51-75,TRUE,TRUE,FALSE,FALSE,FALSE,FALSE,FALSE,FALSE,,FALSE,TRUE,TRUE,TRUE,FALSE,FALSE,FALSE,None,recent,Patchy but green,,TRUE,FALSE,FALSE,FALSE,FALSE,TRUE,FALSE,FALSE,,,25-Feb,25-Feb,5-Feb,2,45,4,FALSE,FALSE,FALSE,FALSE
8/18/2023,UIC-172,FALSE,172,Celtis,occidentalis,CEOC,FALSE,,,FALSE,12.7,12.7,,,INST,SP,26-50,TRUE,TRUE,FALSE,FALSE,FALSE,FALSE,FALSE,FALSE,,FALSE,TRUE,TRUE,TRUE,FALSE,FALSE,FALSE,None,recent,Patchy but green,,TRUE,TRUE,FALSE,TRUE,FALSE,FALSE,FALSE,TRUE,,,26-50,trace,15-Nov,4,35,4,FALSE,FALSE,FALSE,FALSE
8/18/2023,UIC-134,FALSE,134,Acer,x freemanii,ACXF,FALSE,,,FALSE,11.9,11.9,,,INST,OH,26-50,TRUE,FALSE,FALSE,TRUE,FALSE,FALSE,FALSE,FALSE,,FALSE,TRUE,TRUE,FALSE,FALSE,FALSE,FALSE,None,N/A,None,,TRUE,FALSE,FALSE,FALSE,FALSE,FALSE,FALSE,TRUE,,,51-75,trace,5-Feb,4,35,3,FALSE,FALSE,FALSE,FALSE
8/18/2023,UIC-133,FALSE,133,Acer,x freemanii,ACXF,FALSE,,,FALSE,12.6,12.6,,,INST,OH,26-50,TRUE,FALSE,FALSE,TRUE,FALSE,FALSE,FALSE,FALSE,,FALSE,TRUE,TRUE,FALSE,FALSE,FALSE,FALSE,Minimal,N/A,None,,TRUE,FALSE,FALSE,FALSE,FALSE,FALSE,FALSE,TRUE,,,51-75,trace,5-Feb,4,35,3,FALSE,FALSE,FALSE,FALSE
8/18/2023,UIC-126,FALSE,126,Acer,x freemanii,ACXF,FALSE,,,FALSE,15.3,15.3,,,INST,OH,26-50,TRUE,FALSE,FALSE,TRUE,FALSE,FALSE,FALSE,FALSE,,FALSE,TRUE,TRUE,FALSE,FALSE,FALSE,FALSE,Minimal,N/A,None,,TRUE,FALSE,FALSE,FALSE,TRUE,FALSE,FALSE,TRUE,minor woodpecker damage,,51-75,trace,trace,4,25,3,FALSE,FALSE,FALSE,FALSE
8/18/2023,UIC-124,FALSE,124,Acer,x freemanii,ACXF,FALSE,,,FALSE,12.7,12.7,,,INST,OH,51-75,TRUE,FALSE,FALSE,TRUE,FALSE,FALSE,FALSE,FALSE,,FALSE,TRUE,TRUE,FALSE,FALSE,FALSE,FALSE,Moderate,N/A,None,,TRUE,FALSE,FALSE,FALSE,FALSE,TRUE,TRUE,TRUE,,,76-100,trace,66-70,4,55,4,FALSE,FALSE,FALSE,FALSE
8/18/2023,UIC-123,FALSE,123,Acer,x freemanii,ACXF,FALSE,,,FALSE,11.6,11.6,,,INST,OH,25-Feb,TRUE,FALSE,FALSE,TRUE,FALSE,FALSE,FALSE,TRUE,in ground sprinkler ,FALSE,TRUE,TRUE,TRUE,FALSE,FALSE,FALSE,Minimal,N/A,None,,TRUE,FALSE,FALSE,FALSE,FALSE,TRUE,TRUE,FALSE,,,,,96-100,5,95,4,TRUE,FALSE,FALSE,FALSE
8/18/2023,UIC-159,FALSE,159,Acer,x freemanii,ACXF,FALSE,,,FALSE,11.5,11.5,,,INST,OH,51-75,TRUE,TRUE,FALSE,TRUE,FALSE,FALSE,FALSE,TRUE,in ground sprinkler ,FALSE,TRUE,TRUE,FALSE,FALSE,FALSE,FALSE,Moderate,N/A,None,,TRUE,FALSE,FALSE,TRUE,FALSE,TRUE,FALSE,TRUE,,,76-100,trace,15-Nov,4,35,5,FALSE,FALSE,FALSE,FALSE
8/18/2023,UIC-165,FALSE,165,Acer,x freemanii,ACXF,FALSE,,,FALSE,13.8,13.8,,,INST,OH,26-50,TRUE,FALSE,FALSE,TRUE,FALSE,FALSE,FALSE,FALSE,,FALSE,TRUE,TRUE,FALSE,FALSE,FALSE,FALSE,None,recent,Lush,,TRUE,FALSE,FALSE,FALSE,TRUE,FALSE,FALSE,TRUE,,,76-100,trace,trace,4,25,5,FALSE,FALSE,FALSE,FALSE
8/18/2023,UIC-1493,FALSE,1493,Gleditsia,triacanthos,GLTR,FALSE,,,FALSE,17.4,17.4,,,INST,SY,51-75,FALSE,TRUE,FALSE,TRUE,FALSE,FALSE,FALSE,FALSE,,FALSE,TRUE,TRUE,FALSE,FALSE,FALSE,FALSE,Minimal,recent,Patchy but green,,FALSE,FALSE,FALSE,TRUE,TRUE,FALSE,TRUE,TRUE,,,25-Feb,25-Feb,10-Jun,2,35,4,FALSE,FALSE,FALSE,FALSE
8/18/2023,UIC-1434,FALSE,1434,Ulmus,species,ULSP,FALSE,,,FALSE,17.6,17.6,,,INST,FY,25-Feb,FALSE,TRUE,FALSE,FALSE,FALSE,FALSE,FALSE,FALSE,,FALSE,TRUE,TRUE,FALSE,FALSE,FALSE,FALSE,None,recent,Lush,,TRUE,TRUE,FALSE,FALSE,FALSE,TRUE,FALSE,TRUE,,,25-Feb,26-50,5-Feb,3,35,2,FALSE,FALSE,FALSE,FALSE
8/18/2023,UIC-1442,FALSE,1442,Ulmus,species,ULSP,FALSE,,,FALSE,18.2,18.2,,,INST,FY,25-Feb,FALSE,TRUE,FALSE,FALSE,FALSE,FALSE,FALSE,FALSE,,FALSE,TRUE,TRUE,FALSE,FALSE,FALSE,FALSE,None,recent,Lush,,TRUE,FALSE,FALSE,FALSE,FALSE,FALSE,FALSE,TRUE,,,trace,25-Feb,10-Jun,2,25,4,FALSE,FALSE,FALSE,FALSE
8/18/2023,UIC-1450,FALSE,1450,Ulmus,species,ULSP,FALSE,,,FALSE,17,17,,,INST,OH,25-Feb,FALSE,TRUE,FALSE,FALSE,FALSE,FALSE,FALSE,FALSE,,FALSE,TRUE,TRUE,FALSE,FALSE,FALSE,FALSE,None,recent,Patchy but green,,TRUE,FALSE,FALSE,FALSE,FALSE,FALSE,FALSE,TRUE,,,trace,26-50,5-Feb,3,35,2,FALSE,FALSE,FALSE,FALSE
8/18/2023,UIC-1451,FALSE,1451,Ulmus,species,ULSP,FALSE,,,FALSE,17.2,17.2,,,INST,OH,25-Feb,FALSE,TRUE,FALSE,FALSE,FALSE,FALSE,FALSE,FALSE,,FALSE,TRUE,TRUE,FALSE,TRUE,FALSE,TRUE,None,recent,Patchy but green,,TRUE,FALSE,FALSE,TRUE,FALSE,FALSE,FALSE,TRUE,,,trace,26-50,5-Feb,3,35,2,FALSE,FALSE,FALSE,FALSE
8/18/2023,UIC-1452,FALSE,1452,Ulmus,species,ULSP,FALSE,,,FALSE,17.7,17.7,,,INST,SY,25-Feb,FALSE,TRUE,FALSE,FALSE,FALSE,FALSE,FALSE,FALSE,,FALSE,TRUE,TRUE,FALSE,FALSE,FALSE,FALSE,None,recent,Lush,,TRUE,FALSE,FALSE,FALSE,FALSE,FALSE,FALSE,TRUE,,,trace,26-50,trace,3,35,3,FALSE,FALSE,FALSE,FALSE
8/18/2023,UIC-1455,FALSE,1455,Ulmus,species,ULSP,FALSE,,,FALSE,16.2,16.2,,,INST,OH,26-50,FALSE,TRUE,FALSE,FALSE,FALSE,FALSE,FALSE,FALSE,,FALSE,TRUE,TRUE,FALSE,FALSE,FALSE,FALSE,None,recent,Lush,,TRUE,TRUE,FALSE,FALSE,FALSE,FALSE,FALSE,TRUE,,,trace,26-50,trace,3,35,3,FALSE,FALSE,FALSE,FALSE
8/18/2023,UIC-1457,FALSE,1457,Ulmus,species,ULSP,FALSE,,,FALSE,19.3,19.3,,,INST,OH,51-75,FALSE,TRUE,FALSE,FALSE,FALSE,FALSE,FALSE,FALSE,,FALSE,TRUE,TRUE,FALSE,FALSE,FALSE,FALSE,None,recent,Lush,,TRUE,FALSE,FALSE,TRUE,FALSE,FALSE,FALSE,TRUE,,,25-Feb,26-50,15-Nov,3,35,4,FALSE,FALSE,FALSE,FALSE
,UIC-1468,FALSE,1468,Gymnocladus,dioicus,GYDI,FALSE,,,FALSE,,NA,,,INST,,,FALSE,FALSE,FALSE,FALSE,FALSE,FALSE,FALSE,FALSE,,FALSE,FALSE,FALSE,FALSE,FALSE,FALSE,FALSE,,,,,FALSE,FALSE,FALSE,FALSE,FALSE,FALSE,FALSE,FALSE,,,,,,,,,FALSE,TRUE,FALSE,FALSE
,UIC-1469,FALSE,1469,Gymnocladus,dioicus,GYDI,FALSE,,,FALSE,,NA,,,INST,,,FALSE,FALSE,FALSE,FALSE,FALSE,FALSE,FALSE,FALSE,,FALSE,FALSE,FALSE,FALSE,FALSE,FALSE,FALSE,,,,,FALSE,FALSE,FALSE,FALSE,FALSE,FALSE,FALSE,FALSE,,,,,,,,,FALSE,TRUE,FALSE,FALSE
8/18/2023,UIC-30,FALSE,30,Gleditsia,triacanthos,GLTR,FALSE,,,FALSE,21.3,21.3,,,INST,SP,76-100,TRUE,TRUE,FALSE,FALSE,FALSE,FALSE,FALSE,FALSE,,FALSE,TRUE,TRUE,FALSE,FALSE,FALSE,FALSE,None,old,Patchy but green,,TRUE,FALSE,FALSE,TRUE,TRUE,TRUE,TRUE,TRUE,,,25-Feb,trace,10-Jun,2,35,5,FALSE,FALSE,FALSE,FALSE
8/18/2023,UIC-933,FALSE,933,Acer,x freemanii,ACXF,FALSE,,,FALSE,14.2,14.2,,,INST,FY,51-75,FALSE,TRUE,FALSE,FALSE,FALSE,FALSE,FALSE,FALSE,,FALSE,TRUE,TRUE,FALSE,FALSE,FALSE,FALSE,None,recent,Lush,,TRUE,FALSE,FALSE,FALSE,TRUE,TRUE,TRUE,TRUE,,,51-75,trace,10-Jun,4,35,4,FALSE,FALSE,FALSE,FALSE
8/18/2023,UIC-931,FALSE,931,Acer,x freemanii,ACXF,FALSE,,,FALSE,12.7,12.7,,,INST,FY,26-50,FALSE,TRUE,FALSE,FALSE,FALSE,FALSE,FALSE,FALSE,,FALSE,TRUE,TRUE,FALSE,FALSE,FALSE,FALSE,None,recent,Lush,,TRUE,TRUE,FALSE,FALSE,TRUE,FALSE,TRUE,FALSE,,,26-50,trace,5-Feb,4,35,3,FALSE,FALSE,FALSE,FALSE
8/18/2023,UIC-924,FALSE,924,Celtis,occidentalis,CEOC,FALSE,,,FALSE,22.5,22.5,,,INST,BY,51-75,FALSE,TRUE,FALSE,FALSE,FALSE,FALSE,FALSE,FALSE,,FALSE,TRUE,TRUE,FALSE,FALSE,FALSE,FALSE,None,recent,Patchy but green,,TRUE,FALSE,FALSE,FALSE,TRUE,FALSE,FALSE,TRUE,extensive curling ,,26-50,25-Feb,10-Jun,4,45,3,FALSE,FALSE,FALSE,FALSE
8/18/2023,UIC-670,FALSE,670,Celtis,occidentalis,CEOC,FALSE,,,FALSE,23.2,23.2,,,INST,OH,51-75,FALSE,TRUE,FALSE,TRUE,FALSE,FALSE,FALSE,FALSE,,FALSE,TRUE,TRUE,FALSE,FALSE,FALSE,FALSE,Moderate,recent,Lush,,FALSE,FALSE,FALSE,FALSE,TRUE,FALSE,FALSE,TRUE,,,26-50,25-Feb,5-Feb,3,35,4,FALSE,FALSE,FALSE,FALSE
8/18/2023,UIC-668,FALSE,668,Celtis,occidentalis,CEOC,FALSE,,,FALSE,22.3,22.3,,,INST,OH,51-75,FALSE,TRUE,FALSE,TRUE,FALSE,FALSE,FALSE,FALSE,,FALSE,TRUE,TRUE,FALSE,FALSE,FALSE,FALSE,Minimal,recent,Lush,,FALSE,FALSE,FALSE,FALSE,FALSE,FALSE,TRUE,TRUE,leaf gall,,51-75,trace,10-Jun,3,45,3,FALSE,FALSE,FALSE,FALSE
8/18/2023,UIC-661,FALSE,661,Celtis,occidentalis,CEOC,FALSE,,,FALSE,28.6,28.6,,,INST,OH,51-75,FALSE,TRUE,FALSE,TRUE,FALSE,FALSE,FALSE,FALSE,,FALSE,TRUE,TRUE,FALSE,FALSE,FALSE,FALSE,Moderate,recent,Lush,weed mat,FALSE,FALSE,TRUE,FALSE,TRUE,FALSE,TRUE,TRUE,"leaf gall, extensive curling",,26-50,25-Feb,10-Jun,3,35,3,FALSE,FALSE,FALSE,FALSE
8/18/2023,UIC-653,FALSE,653,Celtis,occidentalis,CEOC,FALSE,,,FALSE,11.4,11.4,,,INST,OH,51-75,FALSE,TRUE,FALSE,TRUE,FALSE,FALSE,FALSE,FALSE,,FALSE,TRUE,TRUE,FALSE,FALSE,FALSE,FALSE,Moderate,recent,Lush,,FALSE,FALSE,FALSE,TRUE,FALSE,FALSE,FALSE,TRUE,leaf gall,,26-50,25-Feb,10-Jun,3,35,3,FALSE,FALSE,FALSE,FALSE
8/18/2023,UIC-727,FALSE,727,Gleditsia,triacanthos,GLTR,FALSE,,,FALSE,21.5,21.5,,,INST,OH,26-50,FALSE,TRUE,FALSE,TRUE,FALSE,FALSE,FALSE,FALSE,,FALSE,TRUE,TRUE,FALSE,FALSE,FALSE,FALSE,Moderate,recent,Lush,,FALSE,FALSE,FALSE,FALSE,FALSE,TRUE,FALSE,TRUE,,,trace,25-Feb,5-Feb,1,35,3,FALSE,FALSE,FALSE,FALSE
8/18/2023,UIC-3120,FALSE,3120,Gleditsia,triacanthos,GLTR,FALSE,,,FALSE,17.8,17.8,,,INST,SY,25-Feb,FALSE,TRUE,FALSE,TRUE,FALSE,FALSE,FALSE,FALSE,,FALSE,TRUE,TRUE,FALSE,FALSE,FALSE,FALSE,None,recent,Patchy but green,,TRUE,FALSE,FALSE,FALSE,FALSE,FALSE,FALSE,TRUE,,,trace,25-Feb,trace,1,45,1,FALSE,FALSE,FALSE,FALSE
8/18/2023,UIC-2941,FALSE,2941,Celtis,occidentalis,CEOC,FALSE,,,FALSE,21.9,21.9,,,INST,FY,76-100,FALSE,TRUE,FALSE,TRUE,FALSE,FALSE,FALSE,FALSE,,FALSE,TRUE,TRUE,FALSE,FALSE,FALSE,FALSE,None,recent,Patchy but green,,TRUE,FALSE,FALSE,FALSE,FALSE,TRUE,FALSE,TRUE,leaf gall ,,25-Feb,25-Feb,5-Feb,3,35,2,FALSE,FALSE,FALSE,FALSE
8/18/2023,UIC-2938,FALSE,2938,Celtis,occidentalis,CEOC,FALSE,,,FALSE,24.7,24.7,,,INST,FY,51-75,FALSE,TRUE,FALSE,TRUE,FALSE,FALSE,FALSE,FALSE,,FALSE,TRUE,TRUE,FALSE,FALSE,FALSE,FALSE,None,recent,Patchy but green,,TRUE,TRUE,FALSE,FALSE,FALSE,TRUE,TRUE,TRUE,leaf gall,,25-Feb,26-50,10-Jun,3,45,2,FALSE,FALSE,FALSE,FALSE
8/18/2023,UIC-2925,FALSE,2925,Celtis,occidentalis,CEOC,FALSE,,,FALSE,19.3,19.3,,,INST,SY,76-100,FALSE,TRUE,FALSE,TRUE,FALSE,FALSE,FALSE,TRUE,in ground sprinkler ,FALSE,TRUE,TRUE,FALSE,FALSE,FALSE,FALSE,Moderate,N/A,None,,FALSE,FALSE,FALSE,FALSE,FALSE,TRUE,FALSE,TRUE,,,25-Feb,25-Feb,5-Feb,2,35,3,FALSE,FALSE,FALSE,FALSE
8/18/2023,UIC-773,FALSE,773,Celtis,occidentalis,CEOC,FALSE,,,FALSE,20.4,20.4,,,INST,OH,76-100,TRUE,TRUE,FALSE,TRUE,FALSE,FALSE,FALSE,FALSE,,FALSE,TRUE,TRUE,FALSE,FALSE,FALSE,FALSE,Minimal,N/A,None,,FALSE,FALSE,TRUE,TRUE,FALSE,TRUE,FALSE,TRUE,,,26-50,trace,15-Nov,3,35,5,FALSE,FALSE,FALSE,FALSE
8/18/2023,UIC-1691,FALSE,1691,Celtis,occidentalis,CEOC,FALSE,,,FALSE,21.5,21.5,,,INST,SY,51-75,FALSE,TRUE,FALSE,TRUE,FALSE,FALSE,FALSE,FALSE,,FALSE,TRUE,TRUE,FALSE,FALSE,FALSE,FALSE,None,recent,Patchy but green,,TRUE,TRUE,FALSE,TRUE,TRUE,FALSE,FALSE,TRUE,leaf gall,,25-Feb,25-Feb,5-Feb,3,35,3,FALSE,FALSE,FALSE,FALSE
8/18/2023,UIC-1693,FALSE,1693,Celtis,occidentalis,CEOC,FALSE,,,FALSE,26.3,26.3,,,INST,SY,26-50,FALSE,TRUE,FALSE,TRUE,FALSE,FALSE,FALSE,FALSE,,FALSE,TRUE,TRUE,FALSE,FALSE,FALSE,FALSE,None,recent,Lush,,FALSE,FALSE,FALSE,TRUE,FALSE,TRUE,FALSE,TRUE,leaf gall,,26-50,25-Feb,5-Feb,3,35,3,FALSE,FALSE,FALSE,FALSE
8/18/2023,UIC-2213,FALSE,2213,Acer,platanoides,ACPL,FALSE,,,FALSE,25.2,25.2,,,INST,SY,51-75,FALSE,TRUE,FALSE,TRUE,FALSE,FALSE,FALSE,FALSE,,FALSE,TRUE,TRUE,FALSE,FALSE,FALSE,FALSE,None,recent,Patchy but green,,TRUE,FALSE,FALSE,TRUE,TRUE,TRUE,FALSE,TRUE,,,25-Feb,trace,5-Feb,2,25,3,FALSE,FALSE,FALSE,FALSE
8/18/2023,UIC-2214,FALSE,2214,Acer,platanoides,ACPL,FALSE,,,FALSE,22.8,22.8,,,INST,SY,26-50,FALSE,TRUE,FALSE,TRUE,FALSE,FALSE,FALSE,FALSE,,FALSE,TRUE,TRUE,TRUE,FALSE,FALSE,FALSE,None,recent,Patchy but green,,TRUE,FALSE,FALSE,FALSE,TRUE,TRUE,TRUE,TRUE,,,25-Feb,trace,5-Feb,2,25,3,FALSE,FALSE,FALSE,FALSE
8/18/2023,UIC-2255,FALSE,2255,Acer,platanoides,ACPL,FALSE,,,FALSE,17.4,17.4,,,INST,FY,51-75,FALSE,TRUE,FALSE,TRUE,FALSE,FALSE,FALSE,FALSE,,FALSE,TRUE,TRUE,FALSE,FALSE,FALSE,FALSE,Extensive,N/A,None,,TRUE,FALSE,FALSE,FALSE,FALSE,FALSE,TRUE,FALSE,,,25-Feb,trace,5-Feb,2,35,3,FALSE,FALSE,FALSE,FALSE
8/18/2023,UIC-2256,FALSE,2256,Gleditsia,triacanthos,GLTR,FALSE,,,FALSE,12.9,12.9,,,INST,FY,76-100,FALSE,TRUE,FALSE,TRUE,FALSE,FALSE,FALSE,FALSE,,FALSE,TRUE,TRUE,FALSE,FALSE,FALSE,FALSE,Extensive,N/A,None,,FALSE,FALSE,FALSE,TRUE,FALSE,FALSE,FALSE,TRUE,,,trace,25-Feb,trace,1,35,4,FALSE,FALSE,FALSE,FALSE
8/18/2023,UIC-2446,FALSE,2446,Acer,platanoides,ACPL,FALSE,,,FALSE,17.9,17.9,,,INST,OM,26-50,FALSE,TRUE,TRUE,FALSE,FALSE,FALSE,FALSE,FALSE,,FALSE,TRUE,TRUE,FALSE,FALSE,FALSE,FALSE,None,recent,Patchy but green,,TRUE,FALSE,FALSE,FALSE,FALSE,TRUE,TRUE,FALSE,high cv because of large branch dieback,,trace,trace,trace,2,35,3,FALSE,FALSE,FALSE,FALSE
8/18/2023,UIC-2441,FALSE,2441,Acer,platanoides,ACPL,FALSE,,,FALSE,21.9,21.9,,,INST,OM,26-50,FALSE,TRUE,TRUE,FALSE,FALSE,FALSE,FALSE,FALSE,,FALSE,TRUE,TRUE,FALSE,FALSE,FALSE,FALSE,None,recent,Patchy but green,,TRUE,TRUE,FALSE,FALSE,FALSE,FALSE,TRUE,TRUE,,,25-Feb,trace,10-Jun,3,35,4,FALSE,FALSE,FALSE,FALSE
8/18/2023,UIC-2448,FALSE,2448,Gymnocladus,dioicus,GYDI,FALSE,,,FALSE,20.3,20.3,,,INST,OM,26-50,FALSE,TRUE,FALSE,TRUE,FALSE,FALSE,FALSE,FALSE,,FALSE,TRUE,TRUE,FALSE,FALSE,FALSE,FALSE,Moderate,recent,Patchy but green,,FALSE,FALSE,FALSE,FALSE,FALSE,TRUE,TRUE,TRUE,,,26-50,trace,trace,3,35,4,FALSE,FALSE,FALSE,FALSE
8/18/2023,UIC-2449,FALSE,2449,Gymnocladus,dioicus,GYDI,FALSE,,,FALSE,13.7,13.7,,,INST,OM,26-50,FALSE,TRUE,FALSE,FALSE,FALSE,FALSE,FALSE,FALSE,,FALSE,TRUE,TRUE,FALSE,FALSE,FALSE,FALSE,None,recent,Patchy but green,,TRUE,FALSE,FALSE,TRUE,FALSE,FALSE,TRUE,TRUE,,,26-50,trace,trace,3,35,4,FALSE,FALSE,FALSE,FALSE
8/18/2023,UIC-3284,FALSE,3284,Acer,platanoides,ACPL,FALSE,,,FALSE,13.5,13.5,,,INST,OM,51-75,FALSE,TRUE,FALSE,FALSE,FALSE,FALSE,FALSE,TRUE,in ground sprinklers ,FALSE,TRUE,TRUE,FALSE,FALSE,FALSE,FALSE,Moderate,N/A,None,,TRUE,TRUE,FALSE,FALSE,FALSE,TRUE,FALSE,FALSE,,,25-Feb,trace,trace,2,35,2,FALSE,FALSE,FALSE,FALSE
8/18/2023,UIC-3269,FALSE,3269,Acer,platanoides,ACPL,FALSE,,,FALSE,9,9,,,INST,OM,26-50,FALSE,TRUE,FALSE,FALSE,FALSE,FALSE,FALSE,FALSE,,FALSE,TRUE,TRUE,FALSE,FALSE,FALSE,FALSE,None,recent,Lush,,TRUE,TRUE,FALSE,FALSE,FALSE,TRUE,FALSE,FALSE,,,25-Feb,25-Feb,trace,1,35,1,FALSE,FALSE,FALSE,FALSE
8/18/2023,UIC-3263,FALSE,3263,Acer,platanoides,ACPL,FALSE,,,FALSE,13.5,13.5,,,INST,OM,trace,FALSE,FALSE,FALSE,FALSE,FALSE,FALSE,FALSE,FALSE,,FALSE,TRUE,TRUE,FALSE,FALSE,FALSE,FALSE,None,recent,Patchy but green,,TRUE,FALSE,FALSE,FALSE,FALSE,TRUE,FALSE,FALSE,,,trace,trace,trace,1,15,2,FALSE,FALSE,FALSE,FALSE
8/18/2023,UIC-3440,FALSE,3440,Acer,x freemanii,ACXF,FALSE,,,FALSE,13.8,13.8,,,INST,BY,51-75,FALSE,FALSE,FALSE,FALSE,FALSE,FALSE,FALSE,FALSE,,FALSE,TRUE,TRUE,FALSE,FALSE,FALSE,FALSE,Moderate,N/A,None,"base covered in pebbles, weed mat",FALSE,FALSE,FALSE,FALSE,FALSE,FALSE,TRUE,FALSE,,,25-Feb,trace,trace,2,35,3,FALSE,FALSE,FALSE,FALSE
8/18/2023,UIC-3438,FALSE,3438,Gleditsia,triacanthos,GLTR,FALSE,,,FALSE,22.6,22.6,,,INST,BY,51-75,FALSE,TRUE,FALSE,FALSE,FALSE,FALSE,FALSE,FALSE,,FALSE,TRUE,TRUE,FALSE,FALSE,FALSE,FALSE,Moderate,N/A,None,"base covered in pebbles, weed mat",FALSE,FALSE,FALSE,TRUE,FALSE,TRUE,FALSE,TRUE,,,trace,25-Feb,15-Nov,2,45,3,FALSE,FALSE,FALSE,FALSE
8/18/2023,UIC-3374,FALSE,3374,Acer,x freemanii,ACXF,FALSE,,,FALSE,12.6,12.6,,,INST,SY,51-75,FALSE,TRUE,FALSE,FALSE,FALSE,FALSE,FALSE,FALSE,,FALSE,TRUE,TRUE,FALSE,FALSE,FALSE,FALSE,Extensive,N/A,None,,TRUE,FALSE,FALSE,TRUE,FALSE,FALSE,TRUE,FALSE,,,trace,trace,trace,1,25,4,FALSE,FALSE,FALSE,FALSE
8/18/2023,UIC-3370,FALSE,3370,Acer,x freemanii,ACXF,FALSE,,,FALSE,12.6,12.6,,,INST,SY,51-75,FALSE,TRUE,FALSE,FALSE,FALSE,FALSE,FALSE,FALSE,,FALSE,TRUE,TRUE,FALSE,FALSE,FALSE,FALSE,Moderate,N/A,Patchy but green,base covered in pebbles,TRUE,FALSE,FALSE,FALSE,FALSE,FALSE,FALSE,FALSE,,,25-Feb,trace,trace,1,25,4,FALSE,FALSE,FALSE,FALSE
8/18/2023,UIC-3322,FALSE,3322,Gymnocladus,dioicus,GYDI,FALSE,,,FALSE,11.1,11.1,,,INST,FY,trace,FALSE,FALSE,FALSE,FALSE,FALSE,FALSE,FALSE,FALSE,,FALSE,FALSE,FALSE,FALSE,FALSE,FALSE,FALSE,None,recent,Lush,,TRUE,FALSE,FALSE,FALSE,FALSE,TRUE,FALSE,FALSE,,,25-Feb,trace,trace,1,45,4,FALSE,FALSE,FALSE,FALSE
8/18/2023,UIC-3327,FALSE,3327,Gymnocladus,dioicus,GYDI,FALSE,,,FALSE,17.5,17.5,,,INST,SY,25-Feb,FALSE,FALSE,FALSE,FALSE,FALSE,FALSE,FALSE,FALSE,,FALSE,TRUE,TRUE,FALSE,FALSE,FALSE,FALSE,None,recent,Lush,,FALSE,FALSE,FALSE,FALSE,FALSE,TRUE,FALSE,TRUE,,,trace,25-Feb,5-Feb,2,35,5,FALSE,FALSE,FALSE,FALSE
8/18/2023,UIC-3332,FALSE,3332,Acer,x freemanii,ACXF,TRUE,UI-ACFR-1,,FALSE,6.9,6.9,,,INST,OM,51-75,FALSE,TRUE,FALSE,FALSE,FALSE,FALSE,FALSE,FALSE,,FALSE,TRUE,TRUE,TRUE,FALSE,FALSE,FALSE,None,recent,Lush,,TRUE,FALSE,FALSE,FALSE,FALSE,FALSE,TRUE,FALSE,,,25-Feb,trace,trace,2,35,3,FALSE,FALSE,FALSE,FALSE
8/18/2023,UIC-3501,FALSE,3501,Acer,x freemanii,ACXF,FALSE,UI-P9-ACFR-2,,FALSE,6.2,6.2,,,INST,OM,51-75,FALSE,TRUE,FALSE,TRUE,FALSE,FALSE,FALSE,FALSE,,FALSE,TRUE,TRUE,FALSE,FALSE,FALSE,FALSE,Moderate,recent,Lush,,FALSE,FALSE,FALSE,FALSE,TRUE,FALSE,FALSE,FALSE,,,25-Feb,25-Feb,trace,2,35,4,FALSE,FALSE,FALSE,FALSE
8/18/2023,UIC-3199,FALSE,3199,Ulmus,species,ULSP,FALSE,,,FALSE,12.3,12.3,,,INST,FY,76-100,FALSE,TRUE,FALSE,TRUE,FALSE,FALSE,FALSE,FALSE,,FALSE,TRUE,TRUE,FALSE,FALSE,FALSE,FALSE,None,recent,Patchy but green,,TRUE,FALSE,FALSE,FALSE,FALSE,FALSE,FALSE,FALSE,,,trace,25-Feb,10-Jun,2,25,5,FALSE,FALSE,FALSE,FALSE
8/18/2023,UIC-3806,FALSE,3806,Gleditsia,triacanthos,GLTR,FALSE,,,FALSE,22.3,22.3,,,INST,SY,26-50,FALSE,FALSE,FALSE,TRUE,FALSE,FALSE,FALSE,FALSE,,FALSE,TRUE,TRUE,FALSE,FALSE,FALSE,FALSE,None,recent,Patchy but green,,FALSE,FALSE,FALSE,FALSE,FALSE,TRUE,FALSE,TRUE,,,trace,25-Feb,16-20,2,45,4,FALSE,FALSE,FALSE,FALSE
8/18/2023,UIC-3468,FALSE,3468,Gleditsia,triacanthos,GLTR,FALSE,,,FALSE,12.5,12.5,,,INST,FY,76-100,FALSE,TRUE,FALSE,FALSE,FALSE,FALSE,FALSE,TRUE,in ground sprinkler ,FALSE,TRUE,TRUE,FALSE,FALSE,FALSE,FALSE,None,N/A,None,,TRUE,FALSE,FALSE,FALSE,TRUE,TRUE,FALSE,TRUE,,,25-Feb,25-Feb,5-Feb,2,35,2,FALSE,FALSE,FALSE,FALSE
8/18/2023,UIC-3461,FALSE,3461,Gleditsia,triacanthos,GLTR,FALSE,,,FALSE,14.5,14.5,,,INST,BY,51-75,FALSE,TRUE,FALSE,FALSE,FALSE,FALSE,FALSE,FALSE,,FALSE,TRUE,TRUE,TRUE,FALSE,FALSE,FALSE,None,recent,Lush,,FALSE,FALSE,FALSE,FALSE,FALSE,TRUE,FALSE,TRUE,,,trace,25-Feb,5-Feb,2,35,3,FALSE,FALSE,FALSE,FALSE
8/20/2023,UIC-616,FALSE,616,Tilia,cordata,TICO,FALSE,,,FALSE,16.8,16.8,,,INST,OH,51-75,TRUE,TRUE,FALSE,TRUE,FALSE,FALSE,FALSE,FALSE,,FALSE,TRUE,TRUE,FALSE,FALSE,FALSE,FALSE,None,recent,Lush,,FALSE,FALSE,FALSE,TRUE,FALSE,FALSE,FALSE,TRUE,,,25-Feb,trace,5-Feb,2,35,4,FALSE,FALSE,FALSE,FALSE
8/20/2023,UIC-617,FALSE,617,Tilia,cordata,TICO,FALSE,,,FALSE,20.7,20.7,,,INST,OH,51-75,TRUE,TRUE,FALSE,TRUE,FALSE,FALSE,FALSE,FALSE,,FALSE,TRUE,TRUE,FALSE,FALSE,FALSE,FALSE,None,recent,Lush,,FALSE,FALSE,FALSE,FALSE,FALSE,FALSE,FALSE,FALSE,,,26-50,trace,5-Feb,3,35,5,FALSE,FALSE,FALSE,FALSE
8/20/2023,UIC-566,FALSE,566,Gleditsia,triacanthos,GLTR,FALSE,,,FALSE,17,17,,,INST,OH,76-100,FALSE,TRUE,FALSE,TRUE,TRUE,FALSE,FALSE,FALSE,,FALSE,TRUE,TRUE,FALSE,FALSE,FALSE,FALSE,None,old,Patchy but green,,FALSE,FALSE,FALSE,TRUE,FALSE,TRUE,FALSE,TRUE,,,25-Feb,25-Feb,15-Nov,3,35,4,FALSE,FALSE,FALSE,FALSE
8/20/2023,UIC-553,FALSE,553,Gleditsia,triacanthos,GLTR,FALSE,,,FALSE,24.5,24.5,,,INST,OM,26-50,FALSE,FALSE,FALSE,FALSE,FALSE,FALSE,FALSE,FALSE,,FALSE,TRUE,TRUE,TRUE,FALSE,FALSE,FALSE,None,recent,Lush,,TRUE,FALSE,FALSE,FALSE,FALSE,TRUE,FALSE,TRUE,,,trace,25-Feb,10-Jun,2,35,4,FALSE,FALSE,FALSE,FALSE
8/20/2023,UIC-1728,FALSE,1728,Gleditsia,triacanthos,GLTR,FALSE,,,FALSE,23.8,23.8,,,INST,OM,51-75,FALSE,TRUE,FALSE,FALSE,FALSE,FALSE,FALSE,FALSE,,FALSE,TRUE,TRUE,FALSE,FALSE,FALSE,FALSE,Minimal,recent,Lush,,TRUE,FALSE,FALSE,FALSE,TRUE,TRUE,FALSE,TRUE,,,trace,25-Feb,10-Jun,2,35,4,FALSE,FALSE,FALSE,FALSE
8/20/2023,UIC-1800,FALSE,1800,Gleditsia,triacanthos,GLTR,FALSE,,"coudn't reach, took DBH from inventory",FALSE,26,26,,,INST,BY,26-50,FALSE,FALSE,FALSE,FALSE,FALSE,FALSE,FALSE,FALSE,,FALSE,TRUE,TRUE,FALSE,FALSE,FALSE,FALSE,None,recent,Lush,,TRUE,FALSE,FALSE,FALSE,FALSE,FALSE,TRUE,TRUE,,,25-Feb,25-Feb,10-Jun,3,35,5,FALSE,FALSE,FALSE,FALSE
8/20/2023,UIC-1746,FALSE,1746,Tilia,cordata,TICO,FALSE,,,FALSE,17.5,17.5,,,INST,SY,26-50,FALSE,TRUE,FALSE,FALSE,FALSE,FALSE,FALSE,FALSE,,FALSE,TRUE,TRUE,FALSE,FALSE,FALSE,FALSE,None,recent,Patchy but green,,FALSE,FALSE,FALSE,TRUE,FALSE,TRUE,FALSE,FALSE,woodpecker damage,,trace,trace,5-Feb,1,35,3,FALSE,FALSE,FALSE,FALSE
8/20/2023,UIC-3228,FALSE,3228,Acer,x freemanii,ACXF,FALSE,,"coudn't reach, took DBH from inventory",FALSE,12,12,,,INST,OM,26-50,TRUE,FALSE,FALSE,FALSE,FALSE,FALSE,FALSE,FALSE,,FALSE,TRUE,TRUE,TRUE,FALSE,FALSE,FALSE,Minimal,old,Patchy but green,,TRUE,FALSE,FALSE,FALSE,TRUE,TRUE,FALSE,TRUE,,,76-100,trace,10-Jun,4,25,2,FALSE,FALSE,FALSE,FALSE
8/20/2023,UIC-3226,FALSE,3226,Acer,x freemanii,ACXF,FALSE,,"coudn't reach, took DBH from inventory",FALSE,10,10,,,INST,OM,26-50,TRUE,FALSE,FALSE,FALSE,FALSE,FALSE,FALSE,FALSE,,FALSE,TRUE,TRUE,FALSE,FALSE,FALSE,FALSE,Minimal,old,Patchy but green,,TRUE,FALSE,FALSE,FALSE,TRUE,TRUE,FALSE,TRUE,,,76-100,25-Feb,36-40,4,45,3,FALSE,FALSE,FALSE,FALSE
8/20/2023,UIC-1805,FALSE,1805,Acer,x freemanii,ACXF,FALSE,,,FALSE,14.3,14.3,,,INST,OM,51-75,FALSE,TRUE,FALSE,TRUE,FALSE,FALSE,FALSE,FALSE,,FALSE,TRUE,TRUE,FALSE,FALSE,FALSE,FALSE,Minimal,recent,Lush,,TRUE,FALSE,FALSE,FALSE,FALSE,FALSE,TRUE,TRUE,woodpecker damage,,76-100,trace,trace,4,25,4,FALSE,FALSE,FALSE,FALSE
8/20/2023,UIC-1807,FALSE,1807,Acer,x freemanii,ACXF,FALSE,,,FALSE,14.1,14.1,,,INST,OM,51-75,FALSE,TRUE,FALSE,TRUE,FALSE,FALSE,FALSE,FALSE,,FALSE,TRUE,TRUE,TRUE,FALSE,FALSE,FALSE,Minimal,recent,Lush,,TRUE,FALSE,FALSE,TRUE,FALSE,FALSE,TRUE,TRUE,woodpecker damage,,76-100,trace,trace,4,25,3,FALSE,FALSE,FALSE,FALSE
8/20/2023,UIC-1809,FALSE,1809,Acer,x freemanii,ACXF,FALSE,,,FALSE,13.9,13.9,,,INST,OM,51-75,FALSE,TRUE,FALSE,TRUE,FALSE,FALSE,FALSE,FALSE,,FALSE,TRUE,TRUE,FALSE,FALSE,FALSE,FALSE,None,recent,Lush,,TRUE,FALSE,FALSE,FALSE,FALSE,FALSE,FALSE,TRUE,woodpecker damage,,76-100,trace,trace,4,25,3,FALSE,FALSE,FALSE,FALSE
8/20/2023,UIC-2328,FALSE,2328,Tilia,cordata,TICO,FALSE,,,FALSE,14.4,14.4,,,INST,MP,51-75,FALSE,TRUE,FALSE,FALSE,FALSE,FALSE,FALSE,FALSE,,FALSE,TRUE,TRUE,TRUE,FALSE,FALSE,FALSE,None,recent,Patchy but green,,TRUE,TRUE,FALSE,TRUE,FALSE,FALSE,FALSE,FALSE,"Also have cut one girdling root, woodpecker damage",next to hot astro turf,26-50,trace,5-Feb,3,35,3,FALSE,FALSE,FALSE,FALSE
8/20/2023,UIC-1891,FALSE,1891,Tilia,cordata,TICO,FALSE,,,FALSE,15.2,15.2,,,INST,MP,51-75,FALSE,TRUE,FALSE,FALSE,FALSE,FALSE,FALSE,FALSE,,FALSE,TRUE,TRUE,TRUE,FALSE,FALSE,FALSE,None,recent,Lush,,TRUE,FALSE,FALSE,FALSE,TRUE,FALSE,FALSE,FALSE,"cut girdling root, woodpecker damage",,26-50,trace,5-Feb,3,35,3,FALSE,FALSE,FALSE,FALSE
8/20/2023,UIC-1894,FALSE,1894,Tilia,cordata,TICO,FALSE,,,FALSE,15,15,,,INST,MP,51-75,FALSE,TRUE,FALSE,FALSE,FALSE,FALSE,FALSE,FALSE,,FALSE,TRUE,TRUE,FALSE,FALSE,FALSE,FALSE,None,recent,Patchy but green,,TRUE,TRUE,FALSE,FALSE,TRUE,FALSE,FALSE,FALSE,"woodpecker damage, leaf gall",,25-Feb,trace,5-Feb,2,35,3,FALSE,FALSE,FALSE,FALSE
8/20/2023,UIC-2302,FALSE,2302,Tilia,cordata,TICO,FALSE,,,FALSE,14.4,14.4,,,INST,MP,26-50,FALSE,TRUE,FALSE,FALSE,FALSE,FALSE,FALSE,FALSE,,FALSE,TRUE,TRUE,TRUE,FALSE,FALSE,FALSE,None,recent,Patchy but green,,TRUE,FALSE,FALSE,FALSE,FALSE,FALSE,FALSE,TRUE,"woodpecker damage, leaf gl",,25-Feb,trace,5-Feb,2,35,2,FALSE,FALSE,FALSE,FALSE
8/20/2023,UIC-1845,FALSE,1845,Gymnocladus,dioicus,GYDI,FALSE,,,FALSE,17.1,17.1,,,INST,MP,25-Feb,FALSE,FALSE,FALSE,FALSE,FALSE,FALSE,FALSE,FALSE,,FALSE,TRUE,TRUE,FALSE,FALSE,FALSE,FALSE,None,old,Lush,,TRUE,FALSE,FALSE,FALSE,FALSE,FALSE,FALSE,TRUE,,,25-Feb,trace,trace,1,35,4,FALSE,FALSE,FALSE,FALSE
8/20/2023,UIC-1844,FALSE,1844,Gymnocladus,dioicus,GYDI,FALSE,,,FALSE,18.6,18.6,,,INST,MP,25-Feb,FALSE,FALSE,FALSE,FALSE,FALSE,FALSE,FALSE,FALSE,,FALSE,TRUE,TRUE,FALSE,FALSE,FALSE,FALSE,None,old,Lush,,TRUE,FALSE,FALSE,FALSE,FALSE,FALSE,FALSE,TRUE,,,25-Feb,trace,trace,2,35,4,FALSE,FALSE,FALSE,FALSE
8/20/2023,UIC-1842,FALSE,1842,Gymnocladus,dioicus,GYDI,FALSE,,,FALSE,11.9,11.9,,,INST,MP,25-Feb,FALSE,FALSE,FALSE,FALSE,FALSE,FALSE,FALSE,FALSE,,FALSE,TRUE,TRUE,FALSE,FALSE,FALSE,TRUE,None,recent,Lush,,FALSE,FALSE,FALSE,FALSE,FALSE,TRUE,FALSE,TRUE,,,25-Feb,trace,10-Jun,3,45,3,FALSE,FALSE,FALSE,FALSE
8/20/2023,UIC-1840,FALSE,1840,Gymnocladus,dioicus,GYDI,FALSE,,,FALSE,14.8,14.8,,,INST,MP,trace,FALSE,FALSE,FALSE,FALSE,FALSE,FALSE,FALSE,FALSE,,FALSE,TRUE,TRUE,FALSE,FALSE,FALSE,FALSE,None,recent,Lush,,TRUE,TRUE,FALSE,FALSE,FALSE,FALSE,FALSE,FALSE,,,26-50,trace,trace,3,35,4,FALSE,FALSE,FALSE,FALSE
,UIC-2363,FALSE,2363,Gymnocladus,dioicus,GYDI,FALSE,,,FALSE,,NA,,,INST,,,FALSE,FALSE,FALSE,FALSE,FALSE,FALSE,FALSE,FALSE,,FALSE,FALSE,FALSE,FALSE,FALSE,FALSE,FALSE,,,,,FALSE,FALSE,FALSE,FALSE,FALSE,FALSE,FALSE,FALSE,,,,,,,,,FALSE,TRUE,FALSE,FALSE
8/20/2023,UIC-2368,FALSE,2368,Tilia,cordata,TICO,FALSE,,"coudn't reach, took DBH from inventory",FALSE,12,12,,,INST,MP,51-75,FALSE,TRUE,FALSE,TRUE,FALSE,FALSE,FALSE,FALSE,,FALSE,TRUE,TRUE,FALSE,FALSE,FALSE,FALSE,None,recent,Lush,,FALSE,FALSE,FALSE,TRUE,TRUE,FALSE,FALSE,TRUE,leaf gall,,26-50,trace,10-Jun,4,35,3,FALSE,FALSE,FALSE,FALSE
,UIC-2377,FALSE,2377,Tilia,cordata,TICO,FALSE,,,FALSE,,NA,,,INST,,,FALSE,FALSE,FALSE,FALSE,FALSE,FALSE,FALSE,FALSE,,FALSE,FALSE,FALSE,FALSE,FALSE,FALSE,FALSE,,,,,FALSE,FALSE,FALSE,FALSE,FALSE,FALSE,FALSE,FALSE,,,,,,,,,FALSE,TRUE,FALSE,FALSE
8/20/2023,UIC-2384,FALSE,2384,Tilia,cordata,TICO,FALSE,,"coudn't reach, took DBH from inventory",FALSE,14,14,,,INST,MP,51-75,FALSE,TRUE,FALSE,TRUE,FALSE,FALSE,FALSE,TRUE,in ground sprinkler ,FALSE,TRUE,TRUE,FALSE,FALSE,FALSE,FALSE,None,recent,Patchy but green,,FALSE,FALSE,FALSE,TRUE,FALSE,FALSE,FALSE,TRUE,leaf gall,,26-50,trace,5-Feb,3,35,3,FALSE,FALSE,FALSE,FALSE
8/20/2023,UIC-2007,FALSE,2007,Gleditsia,triacanthos,GLTR,FALSE,,,FALSE,24.1,24.1,,,INST,BY,26-50,FALSE,TRUE,FALSE,FALSE,FALSE,FALSE,FALSE,FALSE,,FALSE,TRUE,TRUE,FALSE,FALSE,FALSE,FALSE,None,recent,Lush,,TRUE,FALSE,FALSE,FALSE,TRUE,FALSE,FALSE,TRUE,,,trace,25-Feb,trace,1,35,3,FALSE,FALSE,FALSE,FALSE
8/20/2023,UIC-2794,FALSE,2794,Gleditsia,triacanthos,GLTR,FALSE,,"coudn't reach, took DBH from inventory",FALSE,23,23,,,INST,SY,51-75,FALSE,TRUE,TRUE,TRUE,FALSE,FALSE,FALSE,FALSE,,FALSE,TRUE,TRUE,FALSE,FALSE,FALSE,FALSE,None,recent,Lush,,FALSE,FALSE,FALSE,FALSE,FALSE,FALSE,FALSE,TRUE,,,25-Feb,25-Feb,15-Nov,3,35,3,FALSE,FALSE,FALSE,FALSE
8/20/2023,UIC-2852,FALSE,2852,Gleditsia,triacanthos,GLTR,FALSE,,,FALSE,16,16,,,INST,OM,51-75,FALSE,TRUE,TRUE,TRUE,FALSE,FALSE,FALSE,FALSE,,FALSE,TRUE,TRUE,FALSE,FALSE,FALSE,TRUE,None,recent,Lush,,FALSE,FALSE,FALSE,TRUE,TRUE,TRUE,FALSE,TRUE,,,25-Feb,25-Feb,15-Nov,3,35,3,FALSE,FALSE,FALSE,FALSE
8/20/2023,UIC-2836,FALSE,2836,Gleditsia,triacanthos,GLTR,FALSE,,,FALSE,20.7,20.7,,,INST,OM,51-75,FALSE,TRUE,TRUE,TRUE,FALSE,FALSE,FALSE,FALSE,,FALSE,TRUE,TRUE,TRUE,FALSE,FALSE,FALSE,Moderate,recent,Lush,,FALSE,FALSE,FALSE,TRUE,TRUE,TRUE,FALSE,TRUE,,,trace,trace,5-Feb,1,35,3,FALSE,FALSE,FALSE,FALSE
8/20/2023,UIC-2826,FALSE,2826,Acer,platanoides,ACPL,TRUE,,UI-LOT-ACPL-1,FALSE,9.3,9.3,,,INST,OM,51-75,FALSE,TRUE,FALSE,TRUE,TRUE,FALSE,FALSE,FALSE,,FALSE,TRUE,TRUE,TRUE,FALSE,FALSE,FALSE,None,recent,Lush,,FALSE,FALSE,FALSE,TRUE,FALSE,FALSE,FALSE,TRUE,,,26-50,25-Feb,trace,3,35,5,FALSE,FALSE,FALSE,FALSE
8/20/2023,UIC-2889,FALSE,2889,Acer,platanoides,ACPL,FALSE,,,FALSE,22,22,,,INST,SY,51-75,FALSE,TRUE,TRUE,TRUE,FALSE,FALSE,FALSE,FALSE,,FALSE,TRUE,TRUE,FALSE,FALSE,FALSE,FALSE,Minimal,recent,Lush,,TRUE,FALSE,FALSE,FALSE,TRUE,TRUE,FALSE,TRUE,,,25-Feb,trace,trace,2,25,5,FALSE,FALSE,FALSE,FALSE
8/20/2023,UIC-2882,FALSE,2882,Acer,platanoides,ACPL,FALSE,,,FALSE,17.3,17.3,,,INST,SY,26-50,FALSE,FALSE,FALSE,TRUE,FALSE,FALSE,FALSE,FALSE,,FALSE,TRUE,TRUE,FALSE,FALSE,FALSE,FALSE,None,recent,Patchy but green,,TRUE,FALSE,FALSE,FALSE,FALSE,FALSE,FALSE,FALSE,,,25-Feb,trace,5-Feb,1,25,3,FALSE,FALSE,FALSE,FALSE
8/20/2023,UIC-2878,FALSE,2878,Acer,platanoides,ACPL,FALSE,,,FALSE,22.4,22.4,,,INST,SY,51-75,FALSE,TRUE,TRUE,TRUE,FALSE,FALSE,FALSE,FALSE,,FALSE,TRUE,TRUE,FALSE,FALSE,FALSE,FALSE,None,recent,Patchy but green,,TRUE,FALSE,FALSE,FALSE,FALSE,FALSE,FALSE,TRUE,,,26-50,trace,5-Feb,3,35,3,FALSE,FALSE,FALSE,FALSE
8/20/2023,UIC-2806,FALSE,2806,Gymnocladus,dioicus,GYDI,FALSE,,,FALSE,13.7,13.7,,,INST,OM,26-50,FALSE,TRUE,TRUE,TRUE,FALSE,FALSE,FALSE,FALSE,,FALSE,TRUE,TRUE,FALSE,FALSE,FALSE,FALSE,None,recent,Lush,,TRUE,FALSE,FALSE,FALSE,TRUE,FALSE,FALSE,FALSE,,,51-75,trace,5-Feb,4,45,3,FALSE,FALSE,FALSE,FALSE
8/20/2023,UIC-2807,FALSE,2807,Gymnocladus,dioicus,GYDI,FALSE,,,FALSE,13.7,13.7,,,INST,OM,26-50,FALSE,TRUE,FALSE,TRUE,FALSE,FALSE,FALSE,FALSE,,FALSE,TRUE,TRUE,FALSE,FALSE,FALSE,FALSE,None,recent,Lush,,TRUE,FALSE,FALSE,TRUE,TRUE,FALSE,FALSE,TRUE,,,51-75,trace,15-Nov,4,45,2,FALSE,FALSE,FALSE,FALSE
8/20/2023,UIC-2814,FALSE,2814,Gymnocladus,dioicus,GYDI,FALSE,,,FALSE,16.1,16.1,,,INST,OM,51-75,FALSE,TRUE,FALSE,TRUE,FALSE,FALSE,FALSE,TRUE,in ground sprinkler ,FALSE,TRUE,TRUE,FALSE,FALSE,FALSE,FALSE,None,recent,Lush,,TRUE,FALSE,FALSE,TRUE,TRUE,TRUE,FALSE,FALSE,,,26-50,trace,15-Nov,4,35,5,FALSE,FALSE,FALSE,FALSE
8/20/2023,UIC-453,FALSE,453,Gymnocladus,dioicus,GYDI,TRUE,,UI-LOT-GYDI-1,FALSE,3.5,3.5,,,INST,OH,76-100,TRUE,TRUE,FALSE,FALSE,FALSE,FALSE,FALSE,FALSE,,FALSE,TRUE,TRUE,FALSE,FALSE,FALSE,FALSE,None,old,Patchy but green,,FALSE,FALSE,FALSE,FALSE,FALSE,TRUE,TRUE,TRUE,,,26-50,trace,16-20,4,55,5,FALSE,FALSE,FALSE,FALSE
8/20/2023,UIC-452,FALSE,452,Celtis,occidentalis,CEOC,FALSE,,should be CEOC-4 but no tag,FALSE,3.6,3.6,,,INST,OH,51-75,TRUE,FALSE,FALSE,TRUE,FALSE,FALSE,FALSE,FALSE,,FALSE,TRUE,TRUE,FALSE,FALSE,FALSE,FALSE,Moderate,N/A,None,,FALSE,FALSE,FALSE,FALSE,TRUE,FALSE,FALSE,TRUE,,,26-50,25-Feb,trace,4,25,5,FALSE,FALSE,FALSE,FALSE
8/20/2023,UIC-447,FALSE,447,Celtis,occidentalis,CEOC,TRUE,,UI-LOT-CEOC-1,FALSE,4.5,4.5,,,INST,OH,51-75,TRUE,FALSE,FALSE,TRUE,FALSE,FALSE,FALSE,FALSE,,FALSE,TRUE,TRUE,FALSE,FALSE,FALSE,FALSE,None,N/A,None,,TRUE,FALSE,FALSE,FALSE,FALSE,FALSE,FALSE,TRUE,,,25-Feb,25-Feb,trace,2,25,5,FALSE,FALSE,FALSE,FALSE
8/20/2023,UIC-448,FALSE,448,Celtis,occidentalis,CEOC,TRUE,,UI-LOT-CEOC-2,FALSE,3.7,3.7,,,INST,OH,51-75,TRUE,FALSE,FALSE,TRUE,FALSE,FALSE,FALSE,FALSE,,FALSE,TRUE,FALSE,FALSE,FALSE,FALSE,FALSE,Moderate,N/A,None,,FALSE,FALSE,FALSE,FALSE,TRUE,FALSE,FALSE,TRUE,,,26-50,25-Feb,trace,3,35,5,FALSE,FALSE,FALSE,FALSE
8/20/2023,UIC-443,FALSE,443,Celtis,occidentalis,CEOC,TRUE,,UI-LOT-CEOC-3,FALSE,3.9,3.9,,,INST,OH,51-75,TRUE,FALSE,FALSE,TRUE,FALSE,FALSE,FALSE,FALSE,,FALSE,TRUE,TRUE,FALSE,FALSE,FALSE,FALSE,Moderate,N/A,None,,FALSE,FALSE,FALSE,FALSE,FALSE,FALSE,FALSE,TRUE,leafgall,,25-Feb,trace,trace,2,35,5,FALSE,FALSE,FALSE,FALSE
8/20/2023,UIC-410,FALSE,410,Ulmus,americana,ULAM,TRUE,,UI-LOT-ULAM-4,FALSE,6.3,6.3,,,INST,OH,51-75,TRUE,TRUE,FALSE,TRUE,FALSE,FALSE,FALSE,FALSE,,FALSE,TRUE,TRUE,TRUE,FALSE,FALSE,TRUE,Moderate,N/A,None,,FALSE,FALSE,FALSE,FALSE,TRUE,FALSE,FALSE,TRUE,,,25-Feb,25-Feb,5-Feb,2,35,4,FALSE,FALSE,FALSE,FALSE
8/20/2023,UIC-409,FALSE,409,Ulmus,americana,ULAM,TRUE,,UI-LOT-ULAM-3,FALSE,5.6,5.6,,,INST,OH,51-75,TRUE,TRUE,FALSE,TRUE,FALSE,FALSE,FALSE,FALSE,,FALSE,TRUE,TRUE,FALSE,FALSE,FALSE,FALSE,Moderate,N/A,None,,FALSE,FALSE,FALSE,FALSE,FALSE,FALSE,FALSE,TRUE,,,26-50,25-Feb,10-Jun,3,45,4,FALSE,FALSE,FALSE,FALSE
8/20/2023,UIC-408,FALSE,408,Ulmus,americana,ULAM,TRUE,,UI-LOT-ULAM-2,FALSE,5.9,5.9,,,INST,OH,51-75,TRUE,TRUE,FALSE,TRUE,FALSE,FALSE,FALSE,FALSE,,FALSE,TRUE,TRUE,FALSE,FALSE,FALSE,FALSE,Moderate,N/A,None,,FALSE,FALSE,FALSE,FALSE,FALSE,FALSE,FALSE,TRUE,,,25-Feb,25-Feb,trace,2,35,4,FALSE,FALSE,FALSE,FALSE
8/20/2023,UIC-407,FALSE,407,Ulmus,americana,ULAM,TRUE,,UI-LOT-ULAM-1,FALSE,6.6,6.6,,,INST,OH,51-75,TRUE,TRUE,FALSE,TRUE,FALSE,FALSE,FALSE,FALSE,,FALSE,TRUE,TRUE,FALSE,FALSE,FALSE,TRUE,Moderate,N/A,None,,TRUE,FALSE,FALSE,FALSE,FALSE,FALSE,FALSE,TRUE,,,25-Feb,25-Feb,5-Feb,2,35,4,FALSE,FALSE,FALSE,FALSE
8/20/2023,UIC-437,FALSE,437,Acer,x freemanii,ACXF,TRUE,,UI-LOT-ACFR-3,FALSE,6.3,6.3,,,INST,OH,76-100,TRUE,TRUE,FALSE,TRUE,FALSE,FALSE,FALSE,FALSE,,FALSE,TRUE,TRUE,TRUE,TRUE,FALSE,FALSE,Moderate,N/A,None,,TRUE,FALSE,TRUE,TRUE,FALSE,FALSE,TRUE,TRUE,,,51-75,25-Feb,trace,4,35,3,FALSE,FALSE,FALSE,FALSE
8/20/2023,UIC-438,FALSE,438,Acer,x freemanii,ACXF,TRUE,,UI-LOT-ACFR-2,FALSE,6.7,6.7,,,INST,OH,51-75,TRUE,TRUE,FALSE,TRUE,FALSE,FALSE,FALSE,FALSE,,FALSE,TRUE,TRUE,FALSE,FALSE,FALSE,FALSE,Moderate,N/A,None,,TRUE,FALSE,FALSE,FALSE,FALSE,FALSE,TRUE,TRUE,,,76-100,25-Feb,5-Feb,4,35,3,FALSE,FALSE,FALSE,FALSE
8/20/2023,UIC-439,FALSE,439,Acer,x freemanii,ACXF,TRUE,,UI-LOT-ACFR-1,FALSE,7.7,7.7,,,INST,OH,76-100,TRUE,TRUE,FALSE,TRUE,FALSE,FALSE,FALSE,FALSE,,FALSE,TRUE,TRUE,FALSE,FALSE,FALSE,FALSE,Moderate,N/A,None,,TRUE,FALSE,FALSE,FALSE,TRUE,FALSE,TRUE,TRUE,,,76-100,25-Feb,trace,4,35,3,FALSE,FALSE,FALSE,FALSE
8/20/2023,UIC-1956,FALSE,1956,Gymnocladus,dioicus,GYDI,TRUE,,UI-LOT-GYDI-2,FALSE,5.3,5.3,,,INST,SY,trace,FALSE,FALSE,FALSE,FALSE,FALSE,FALSE,FALSE,FALSE,,FALSE,TRUE,TRUE,FALSE,FALSE,FALSE,FALSE,None,recent,Patchy but green,,TRUE,FALSE,FALSE,FALSE,FALSE,TRUE,TRUE,TRUE,,,51-75,25-Feb,26-30,4,75,4,FALSE,FALSE,FALSE,FALSE
8/20/2023,UIC-1957,FALSE,1957,Gymnocladus,dioicus,GYDI,TRUE,,"tag missing, presumably 1 or 3",FALSE,5,5,,,INST,SY,trace,FALSE,FALSE,FALSE,TRUE,FALSE,FALSE,FALSE,FALSE,,FALSE,TRUE,TRUE,FALSE,FALSE,FALSE,FALSE,None,recent,Patchy but green,,FALSE,FALSE,FALSE,FALSE,FALSE,TRUE,TRUE,TRUE,,,26-50,trace,15-Nov,4,55,4,FALSE,FALSE,FALSE,FALSE
8/20/2023,UIC-1966,FALSE,1966,Tilia,cordata,TICO,TRUE,,UI-LOT-TICO-1,FALSE,5,5,,,INST,SY,25-Feb,FALSE,TRUE,FALSE,TRUE,FALSE,FALSE,FALSE,FALSE,,FALSE,TRUE,TRUE,TRUE,FALSE,FALSE,FALSE,Moderate,old,Lush,,TRUE,FALSE,FALSE,FALSE,FALSE,FALSE,FALSE,FALSE,leaf gall,,trace,25-Feb,trace,1,25,4,FALSE,FALSE,FALSE,FALSE
8/20/2023,UIC-1965,FALSE,1965,Tilia,cordata,TICO,TRUE,,UI-LOT-TICO-2,FALSE,5,5,,,INST,SY,25-Feb,FALSE,TRUE,FALSE,TRUE,FALSE,FALSE,FALSE,FALSE,,FALSE,TRUE,TRUE,TRUE,FALSE,FALSE,FALSE,Moderate,old,Lush,,TRUE,FALSE,FALSE,FALSE,FALSE,FALSE,FALSE,FALSE,leaf gall,,trace,trace,trace,1,25,4,FALSE,FALSE,FALSE,FALSE
8/20/2023,UIC-1964,FALSE,1964,Tilia,cordata,TICO,TRUE,,UI-LOT-TICO-3,FALSE,5.6,5.6,,,INST,SY,25-Feb,FALSE,TRUE,FALSE,TRUE,FALSE,FALSE,FALSE,FALSE,,FALSE,TRUE,TRUE,FALSE,FALSE,FALSE,FALSE,Moderate,old,Lush,,TRUE,FALSE,FALSE,FALSE,FALSE,FALSE,FALSE,FALSE,leaf gall,,trace,25-Feb,trace,1,25,4,FALSE,FALSE,FALSE,FALSE
8/20/2023,UIC-1963,FALSE,1963,Tilia,cordata,TICO,TRUE,,UI-LOT-TICO-4,FALSE,6.2,6.2,,,INST,SY,25-Feb,FALSE,TRUE,FALSE,TRUE,FALSE,FALSE,FALSE,FALSE,,FALSE,TRUE,TRUE,FALSE,FALSE,FALSE,FALSE,Moderate,old,Patchy but green,,TRUE,FALSE,FALSE,FALSE,FALSE,FALSE,TRUE,FALSE,leaf gall,,trace,25-Feb,trace,1,35,5,FALSE,FALSE,FALSE,FALSE
8/20/2023,UIC-1915,FALSE,1915,Ulmus,species,ULSP,FALSE,,,FALSE,17.5,17.5,,,INST,SY,26-50,FALSE,TRUE,FALSE,TRUE,FALSE,FALSE,FALSE,FALSE,,FALSE,TRUE,TRUE,FALSE,FALSE,FALSE,FALSE,Moderate,recent,Patchy but green,,TRUE,FALSE,FALSE,TRUE,FALSE,TRUE,FALSE,TRUE,,,trace,25-Feb,5-Feb,2,35,3,FALSE,FALSE,FALSE,FALSE
8/20/2023,UIC-2152,FALSE,2152,Acer,platanoides,ACPL,FALSE,,"coudn't reach, took DBH from inventory",FALSE,20.5,20.5,,,INST,MP,26-50,FALSE,TRUE,FALSE,FALSE,FALSE,FALSE,FALSE,FALSE,,FALSE,TRUE,TRUE,FALSE,FALSE,FALSE,TRUE,None,recent,Patchy but green,,TRUE,FALSE,FALSE,TRUE,FALSE,TRUE,FALSE,TRUE,,,51-75,trace,16-20,4,35,3,FALSE,FALSE,FALSE,FALSE
8/20/2023,UIC-2865,FALSE,2865,Acer,platanoides,ACPL,FALSE,,,FALSE,15.5,15.5,,,INST,OM,51-75,FALSE,TRUE,FALSE,FALSE,FALSE,FALSE,FALSE,FALSE,,FALSE,TRUE,TRUE,FALSE,FALSE,FALSE,FALSE,None,recent,Lush,,TRUE,TRUE,FALSE,FALSE,TRUE,FALSE,FALSE,FALSE,,,trace,25-Feb,5-Feb,1,35,5,FALSE,FALSE,FALSE,FALSE
8/20/2023,UIC-2134,FALSE,2134,Celtis,occidentalis,CEOC,FALSE,,,FALSE,17.2,17.2,,,INST,SY,25-Feb,FALSE,FALSE,FALSE,FALSE,FALSE,FALSE,FALSE,FALSE,,FALSE,TRUE,TRUE,FALSE,FALSE,FALSE,FALSE,None,recent,Lush,,TRUE,FALSE,FALSE,FALSE,FALSE,FALSE,FALSE,TRUE,leaf gall,,26-50,trace,5-Feb,3,35,3,FALSE,FALSE,FALSE,FALSE
8/20/2023,UIC-2114,FALSE,2114,Ulmus,species,ULSP,FALSE,,,FALSE,15.3,15.3,,,INST,SY,26-50,FALSE,TRUE,FALSE,FALSE,FALSE,FALSE,FALSE,FALSE,,FALSE,TRUE,TRUE,TRUE,FALSE,FALSE,FALSE,None,recent,Lush,,TRUE,FALSE,FALSE,FALSE,TRUE,FALSE,FALSE,TRUE,,,trace,25-Feb,5-Feb,1,25,4,FALSE,FALSE,FALSE,FALSE
8/20/2023,UIC-2105,FALSE,2105,Ulmus,species,ULSP,FALSE,,,FALSE,11.8,11.8,,,INST,SY,26-50,FALSE,TRUE,FALSE,FALSE,FALSE,FALSE,FALSE,FALSE,,FALSE,TRUE,TRUE,FALSE,FALSE,FALSE,FALSE,None,recent,Patchy but green,,TRUE,TRUE,FALSE,TRUE,TRUE,FALSE,FALSE,TRUE,,,25-Feb,25-Feb,trace,1,25,4,FALSE,FALSE,FALSE,FALSE
,UIC-3604-3610,FALSE,3604-3610,Gymnocladus,dioicus,GYDI,FALSE,,,FALSE,,NA,,,INST,,,FALSE,FALSE,FALSE,FALSE,FALSE,FALSE,FALSE,FALSE,,FALSE,FALSE,FALSE,FALSE,FALSE,FALSE,FALSE,,,,,FALSE,FALSE,FALSE,FALSE,FALSE,FALSE,FALSE,FALSE,,seem to have been excluded because in construction site,,,,,,,FALSE,TRUE,FALSE,FALSE
8/20/2023,UIC-3561,FALSE,3561,Gymnocladus,dioicus,GYDI,TRUE,,UI-LOT-GYDI-3,FALSE,4,4,,,INST,OM,trace,FALSE,FALSE,FALSE,FALSE,FALSE,FALSE,FALSE,FALSE,,FALSE,TRUE,TRUE,FALSE,FALSE,FALSE,FALSE,None,recent,Lush,,TRUE,FALSE,FALSE,FALSE,FALSE,FALSE,FALSE,FALSE,,,25-Feb,trace,trace,2,45,4,FALSE,FALSE,FALSE,FALSE
8/20/2023,UIC-3546,FALSE,3546,Tilia,cordata,TICO,FALSE,,,FALSE,14.1,14.1,,,INST,OM,26-50,FALSE,TRUE,FALSE,FALSE,FALSE,FALSE,FALSE,TRUE,in ground sprinkler ,FALSE,TRUE,FALSE,TRUE,FALSE,FALSE,FALSE,None,recent,Lush,,TRUE,FALSE,FALSE,FALSE,TRUE,FALSE,FALSE,FALSE,woodpecker damage ,,25-Feb,trace,trace,1,25,5,FALSE,FALSE,FALSE,FALSE
8/20/2023,UIC-3635,FALSE,3635,Tilia,cordata,TICO,FALSE,,,FALSE,18.4,18.4,,,INST,BY,25-Feb,FALSE,FALSE,FALSE,FALSE,FALSE,FALSE,FALSE,FALSE,,FALSE,TRUE,TRUE,FALSE,FALSE,FALSE,FALSE,None,recent,Patchy but green,,TRUE,FALSE,FALSE,FALSE,FALSE,FALSE,FALSE,TRUE,,,trace,trace,trace,1,35,3,FALSE,FALSE,FALSE,FALSE
8/20/2023,UIC-2650,FALSE,2650,Ulmus,species,ULSP,FALSE,,,FALSE,19.8,19.8,,,INST,OM,26-50,FALSE,FALSE,FALSE,FALSE,FALSE,FALSE,FALSE,FALSE,,FALSE,TRUE,TRUE,FALSE,FALSE,FALSE,TRUE,None,old,Patchy but green,,TRUE,FALSE,FALSE,FALSE,FALSE,FALSE,FALSE,FALSE,,,trace,25-Feb,16-20,3,45,4,FALSE,FALSE,FALSE,FALSE
8/20/2023,UIC-2541,FALSE,2541,Tilia,cordata,TICO,FALSE,,,FALSE,14.1,14.1,,,INST,OM,25-Feb,FALSE,TRUE,FALSE,FALSE,FALSE,FALSE,FALSE,FALSE,,FALSE,TRUE,TRUE,FALSE,FALSE,FALSE,FALSE,Minimal,N/A,None,,TRUE,FALSE,FALSE,FALSE,FALSE,FALSE,FALSE,FALSE,,"lots cation off, added pin toap",25-Feb,25-Feb,trace,2,35,1,FALSE,FALSE,FALSE,FALSE
8/20/2023,UIC-2666,FALSE,2666,Acer,platanoides,ACPL,FALSE,,,FALSE,22.4,22.4,,,INST,BY,26-50,FALSE,TRUE,FALSE,TRUE,FALSE,FALSE,FALSE,FALSE,,FALSE,TRUE,TRUE,TRUE,FALSE,TRUE,FALSE,Moderate,N/A,None,,TRUE,FALSE,FALSE,FALSE,FALSE,FALSE,TRUE,FALSE,,,25-Feb,trace,5-Feb,2,45,2,FALSE,FALSE,FALSE,FALSE
8/20/2023,UIC-2527,FALSE,2527,Tilia,cordata,TICO,FALSE,,,FALSE,22.6,22.6,,,INST,OM,25-Feb,FALSE,FALSE,FALSE,FALSE,FALSE,FALSE,FALSE,FALSE,,FALSE,TRUE,TRUE,FALSE,FALSE,FALSE,FALSE,Minimal,recent,Patchy but green,,TRUE,TRUE,FALSE,FALSE,FALSE,TRUE,FALSE,FALSE,,,25-Feb,trace,trace,1,25,3,FALSE,FALSE,FALSE,FALSE
8/20/2023,UIC-2688,FALSE,2688,Acer,platanoides,ACPL,FALSE,,,FALSE,18.5,18.5,,,INST,SY,26-50,FALSE,FALSE,FALSE,FALSE,FALSE,FALSE,FALSE,FALSE,,FALSE,TRUE,TRUE,FALSE,FALSE,FALSE,FALSE,None,recent,Patchy but green,,TRUE,TRUE,FALSE,FALSE,FALSE,TRUE,TRUE,TRUE,,,26-50,trace,5-Feb,3,35,3,FALSE,FALSE,FALSE,FALSE
8/20/2023,UIC-2675,FALSE,2675,Tilia,cordata,TICO,FALSE,,,FALSE,17.9,17.9,,,INST,SY,trace,FALSE,FALSE,FALSE,FALSE,FALSE,FALSE,FALSE,FALSE,,FALSE,TRUE,TRUE,FALSE,TRUE,FALSE,FALSE,None,recent,Patchy but green,,TRUE,FALSE,FALSE,FALSE,FALSE,FALSE,TRUE,TRUE,,very wet area,trace,25-Feb,trace,1,35,3,FALSE,FALSE,FALSE,FALSE
8/21/2023,UIC-1287,TRUE,1287,Acer,platanoides,ACPL,FALSE,,,FALSE,12.4,12.4,,,NA,NA,NA,NA,NA,NA,NA,NA,NA,NA,NA,,NA,NA,NA,NA,NA,NA,NA,,,,,NA,NA,NA,NA,NA,NA,NA,NA,,,25-Feb,trace,trace,1,35,2,FALSE,FALSE,FALSE,FALSE
8/21/2023,UIC-310,TRUE,310,Tilia,cordata,TICO,FALSE,,,FALSE,13.4,13.4,,,NA,NA,NA,NA,NA,NA,NA,NA,NA,NA,NA,,NA,NA,NA,NA,NA,NA,NA,,,,,NA,NA,NA,NA,NA,NA,NA,NA,,,25-Feb,trace,15-Nov,3,45,3,FALSE,FALSE,FALSE,FALSE
8/21/2023,UIC-1172,TRUE,1172,Ulmus,species,ULSP,FALSE,,,FALSE,13,13,,,NA,NA,NA,NA,NA,NA,NA,NA,NA,NA,NA,,NA,NA,NA,NA,NA,NA,NA,,,,,NA,NA,NA,NA,NA,NA,NA,NA,,,trace,26-50,10-Jun,3,35,2,FALSE,FALSE,FALSE,FALSE
8/21/2023,UIC-133,TRUE,133,Acer,x freemanii,ACXF,FALSE,,,FALSE,12.6,12.6,,,NA,NA,NA,NA,NA,NA,NA,NA,NA,NA,NA,,NA,NA,NA,NA,NA,NA,NA,,,,,NA,NA,NA,NA,NA,NA,NA,NA,,,51-75,trace,5-Feb,4,35,3,FALSE,FALSE,FALSE,FALSE
8/21/2023,UIC-165,TRUE,165,Acer,x freemanii,ACXF,FALSE,,,FALSE,14,14,,,NA,NA,NA,NA,NA,NA,NA,NA,NA,NA,NA,,NA,NA,NA,NA,NA,NA,NA,,,,,NA,NA,NA,NA,NA,NA,NA,NA,,,76-100,trace,trace,4,35,5,FALSE,FALSE,FALSE,FALSE
8/21/2023,UIC-878,TRUE,878,Acer,x freemanii,ACXF,FALSE,,,FALSE,10.8,10.8,,,NA,NA,NA,NA,NA,NA,NA,NA,NA,NA,NA,,NA,NA,NA,NA,NA,NA,NA,,,,,NA,NA,NA,NA,NA,NA,NA,NA,,,76-100,25-Feb,15-Nov,4,35,4,FALSE,FALSE,FALSE,FALSE
8/21/2023,UIC-1805,TRUE,1805,Acer,x freemanii,ACXF,FALSE,,,FALSE,14.4,14.4,,,NA,NA,NA,NA,NA,NA,NA,NA,NA,NA,NA,,NA,NA,NA,NA,NA,NA,NA,,,,,NA,NA,NA,NA,NA,NA,NA,NA,,,76-100,trace,trace,4,25,4,FALSE,FALSE,FALSE,FALSE
8/21/2023,UIC-2134,TRUE,2134,Celtis,occidentalis,CEOC,FALSE,,,FALSE,NA,NA,,,NA,NA,NA,NA,NA,NA,NA,NA,NA,NA,NA,,NA,NA,NA,NA,NA,NA,NA,,,,,NA,NA,NA,NA,NA,NA,NA,NA,,"could not get dbh this time, closed off",26-50,25-Feb,5-Feb,3,35,3,FALSE,FALSE,FALSE,FALSE
8/21/2023,UIC-566,TRUE,566,Gleditsia,triacanthos,GLTR,FALSE,,,FALSE,16.8,16.8,,,NA,NA,NA,NA,NA,NA,NA,NA,NA,NA,NA,,NA,NA,NA,NA,NA,NA,NA,,,,,NA,NA,NA,NA,NA,NA,NA,NA,,,25-Feb,25-Feb,15-Nov,3,45,4,FALSE,FALSE,FALSE,FALSE
8/21/2023,UIC-2666,TRUE,2666,Acer,platanoides,ACPL,FALSE,,,FALSE,22,22,,,NA,NA,NA,NA,NA,NA,NA,NA,NA,NA,NA,,NA,NA,NA,NA,NA,NA,NA,,,,,NA,NA,NA,NA,NA,NA,NA,NA,,,25-Feb,trace,5-Feb,2,45,3,FALSE,FALSE,FALSE,FALSE
8/21/2023,UIC-3269,TRUE,3269,Acer,platanoides,ACPL,FALSE,,,FALSE,9,9,,,NA,NA,NA,NA,NA,NA,NA,NA,NA,NA,NA,,NA,NA,NA,NA,NA,NA,NA,,,,,NA,NA,NA,NA,NA,NA,NA,NA,,,25-Feb,trace,trace,1,35,1,FALSE,FALSE,FALSE,FALSE
8/21/2023,UIC-3120,TRUE,3120,Gleditsia,triacanthos,GLTR,FALSE,,,FALSE,17.7,17.7,,,NA,NA,NA,NA,NA,NA,NA,NA,NA,NA,NA,,NA,NA,NA,NA,NA,NA,NA,,,,,NA,NA,NA,NA,NA,NA,NA,NA,,,trace,25-Feb,trace,1,45,1,FALSE,FALSE,FALSE,FALSE
8/21/2023,UIC-2941,TRUE,2941,Celtis,occidentalis,CEOC,FALSE,,,FALSE,22,22,,,NA,NA,NA,NA,NA,NA,NA,NA,NA,NA,NA,,NA,NA,NA,NA,NA,NA,NA,,,,,NA,NA,NA,NA,NA,NA,NA,NA,,,25-Feb,25-Feb,5-Feb,2,35,3,FALSE,FALSE,FALSE,FALSE
