Tree Name,Previous Name (HTHC),Date,Street Segment,Tree Number,Genus,Species,Species ID Code,ID Notes,Double-Check ID,Multi-stemmed,Height measured (DBH),Total DBH,Land Use Type,Site type,Street,Sidewalk,Powerline,Mulch,Mulch volcano,Pruned,Mowing,Protection at base,Stake,Cement fence at base,Interaction with resident,Root Pan above soil,Root Decay,Girdling Roots,Fungal Conch,Damage to road/sidewalk,Broken Branches,Other Cues to Care,Other Notable Damage,Other notes,Removed
49-GYDI-001,46-01-GYDI-002,6/7/2022,49,1,Gymnocladus,dioicus,GYDI,,FALSE,FALSE,,7.3,COMM,SC,TRUE,TRUE,FALSE,FALSE,FALSE,TRUE,FALSE,FALSE,FALSE,FALSE,FALSE,FALSE,FALSE,FALSE,FALSE,FALSE,FALSE,,,weeds at base,FALSE
49-MOAL-002,46-01-MOAL-003,6/7/2022,49,2,Morus,alba,MOAL,,FALSE,FALSE,,26.8,SFR-D,SC,TRUE,TRUE,TRUE,FALSE,FALSE,TRUE,TRUE,FALSE,FALSE,FALSE,FALSE,FALSE,FALSE,FALSE,FALSE,FALSE,FALSE,,,"Bleeding wound
",FALSE
49-PRCE-003,46-01-PRCE-004,6/7/2022,49,3,Prunus,cerasifera,PRCE,,FALSE,FALSE,,9.4,SFR-D,SP,TRUE,TRUE,TRUE,FALSE,FALSE,TRUE,TRUE,FALSE,FALSE,FALSE,FALSE,FALSE,TRUE,FALSE,FALSE,FALSE,FALSE,,,roots exposed,FALSE
49-ULUN-004,46-01-ULUNK-005,6/7/2022,49,4,Ulmus,unknown,ULUN,looks like Siberian elm,TRUE,FALSE,,8.6,SFR-D,SP,TRUE,TRUE,TRUE,FALSE,FALSE,TRUE,TRUE,FALSE,FALSE,FALSE,TRUE,FALSE,FALSE,FALSE,FALSE,FALSE,TRUE,"Resident planted tree, mentioned it",,broken branch staying in crown,FALSE
49-ACPL-005,46-01-ACPL-006,6/7/2022,49,5,Acer,platanoides,ACPL,,FALSE,FALSE,,3.9,SFR-D,SP,TRUE,TRUE,TRUE,FALSE,FALSE,TRUE,TRUE,FALSE,FALSE,FALSE,FALSE,FALSE,FALSE,FALSE,FALSE,FALSE,FALSE,,,consistent pests,FALSE
49-PYCA-006,46-01-PYCA-007,6/7/2022,49,6,Pyrus,calleryana,PYCA,,FALSE,FALSE,"3' 1.5""",7.8,SFR-D,SP,TRUE,TRUE,TRUE,FALSE,FALSE,TRUE,TRUE,FALSE,FALSE,FALSE,FALSE,FALSE,FALSE,FALSE,FALSE,FALSE,FALSE,,,,FALSE
49-ACPL-007,46-01-ACPL-008,6/7/2022,49,7,Acer,platanoides,ACPL,,FALSE,FALSE,,11.3,SFR-D,SP,TRUE,TRUE,TRUE,FALSE,FALSE,TRUE,TRUE,FALSE,FALSE,TRUE,FALSE,FALSE,FALSE,FALSE,FALSE,FALSE,TRUE,,,roots exposed,FALSE
49-ACPL-008,46-01-ACPL-009,6/7/2022,49,8,Acer,platanoides,ACPL,,FALSE,FALSE,"3' 11.5""",14.3,SFR-D,SP,TRUE,TRUE,TRUE,FALSE,FALSE,TRUE,TRUE,FALSE,FALSE,FALSE,FALSE,FALSE,FALSE,TRUE,FALSE,FALSE,FALSE,,,girdling roots,FALSE
49-PRCE-009,46-01-PRCE-010,6/7/2022,49,9,Prunus,cerasifera,PRCE,,FALSE,FALSE,,8,SFR-D,SP,TRUE,TRUE,TRUE,FALSE,FALSE,TRUE,TRUE,FALSE,FALSE,FALSE,FALSE,FALSE,FALSE,FALSE,FALSE,FALSE,FALSE,,,"one decaying branch, some fungus",FALSE
49-PRCE-010,46-01-PRCE-011,6/7/2022,49,10,Prunus,cerasifera,PRCE,,FALSE,FALSE,,2.8,SFR-D,SP,TRUE,TRUE,TRUE,FALSE,FALSE,TRUE,TRUE,TRUE,FALSE,FALSE,FALSE,FALSE,FALSE,FALSE,FALSE,FALSE,FALSE,,,fungus,FALSE
49-FRUN-011,46-01-FRUNK-012,6/7/2022,49,11,Fraxinus,unknown,FRUN,Likely green ash,FALSE,FALSE,,19.7,SFR-D,SP,TRUE,TRUE,TRUE,FALSE,FALSE,TRUE,TRUE,FALSE,FALSE,TRUE,FALSE,FALSE,FALSE,FALSE,FALSE,FALSE,TRUE,,,,FALSE
49-ACXF-012,46-01-ACXF-013,6/7/2022,49,12,Acer,x freemanii,ACXF,,FALSE,FALSE,,10.2,SFR-D,SP,TRUE,TRUE,TRUE,FALSE,FALSE,TRUE,TRUE,FALSE,FALSE,FALSE,FALSE,FALSE,FALSE,TRUE,FALSE,FALSE,FALSE,,,girdling root,FALSE
49-ACRU-013,46-01-ACRU-014,6/7/2022,49,13,Acer,rubrum,ACRU,,FALSE,FALSE,,5.1,SFR-D,SP,TRUE,TRUE,TRUE,FALSE,FALSE,TRUE,TRUE,TRUE,FALSE,FALSE,FALSE,FALSE,FALSE,FALSE,FALSE,FALSE,FALSE,,,exposed root,FALSE
49-TICO-014,46-01-TICO-015,6/7/2025,49,14,Tilia,cordata,TICO,,FALSE,FALSE,,8.8,INST,SP,TRUE,TRUE,FALSE,TRUE,FALSE,TRUE,TRUE,FALSE,FALSE,FALSE,FALSE,FALSE,FALSE,FALSE,FALSE,FALSE,FALSE,,fungus,,FALSE
49-PRCE-015,46-01-PRCE-016,6/7/2022,49,15,Prunus,cerasifera,PRCE,,FALSE,FALSE,"2' 4""",6.7,SFR-D,SP,TRUE,TRUE,FALSE,FALSE,FALSE,TRUE,TRUE,FALSE,FALSE,FALSE,FALSE,FALSE,FALSE,FALSE,FALSE,FALSE,FALSE,,,basal sprout and weeds,FALSE
49-CEOC-016,46-01-CEOC-017,6/7/2022,49,16,Celtis,occidentalis,CEOC,,FALSE,FALSE,"3'3""",12.7,SFR-D,SP,TRUE,TRUE,FALSE,FALSE,FALSE,TRUE,TRUE,FALSE,FALSE,FALSE,FALSE,FALSE,FALSE,FALSE,FALSE,FALSE,FALSE,,gash in bark from previous break,weeds at base,FALSE
49-ALGL-017,46-01-ALGL-018,6/7/2022,49,17,Alnus,glutinosa,ALGL,,FALSE,FALSE,"5'11""",14.9,SFR-D,SP,TRUE,TRUE,FALSE,FALSE,FALSE,TRUE,TRUE,FALSE,FALSE,TRUE,FALSE,FALSE,FALSE,FALSE,FALSE,FALSE,FALSE,,,"basal sprout and weeds, trunk canker",FALSE
49-CEOC-018,46-01-CEOC-019,6/7/2022,49,18,Celtis,occidentalis,CEOC,,FALSE,FALSE,,9.5,SFR-D,SP,TRUE,TRUE,FALSE,FALSE,FALSE,TRUE,FALSE,FALSE,FALSE,FALSE,FALSE,FALSE,FALSE,FALSE,FALSE,FALSE,FALSE,string fence,,,FALSE
49-CEOC-019,46-01-CEOC-020,6/7/2022,49,19,Celtis,occidentalis,CEOC,,FALSE,FALSE,,9.1,SFR-D,SC,TRUE,TRUE,FALSE,FALSE,FALSE,TRUE,FALSE,FALSE,FALSE,FALSE,FALSE,FALSE,FALSE,FALSE,FALSE,FALSE,FALSE,short wood planter esque,broken branch pruned out,,FALSE
49-ULPU-020,46-01-ULUNK-021,6/7/2022,49,20,Ulmus,pumila,ULPU,might be Siberian elm ,FALSE,FALSE,"2'2""",8.7,SFR-D,SP,TRUE,TRUE,FALSE,FALSE,FALSE,TRUE,FALSE,FALSE,FALSE,FALSE,FALSE,FALSE,FALSE,FALSE,FALSE,FALSE,FALSE,,,,FALSE
49-FRPE-021,46-01-FRPE-022,6/7/2022,49,21,Fraxinus,pennsylvanica,FRPE,"leaflets flush with petiole, shape somewhat round",FALSE,FALSE,,33.2,SFR-D,SP,TRUE,TRUE,FALSE,FALSE,FALSE,TRUE,FALSE,FALSE,FALSE,FALSE,FALSE,TRUE,FALSE,FALSE,FALSE,FALSE,FALSE,,some trunk damage,,FALSE
49-AESI-022,46-01-AEUNK-023,6/14/2022,49,22,Aesculus,silvatica,AESI,,FALSE,FALSE,9-Mar,5.1,SFR-D,SP,TRUE,TRUE,FALSE,FALSE,FALSE,FALSE,TRUE,FALSE,FALSE,FALSE,FALSE,FALSE,FALSE,FALSE,FALSE,FALSE,FALSE,,,trash on branch,FALSE
49-AEFL-023,46-01-AEFL-024,6/14/2022,49,23,Aesculus,flava,AEFL,,FALSE,FALSE,4',4,SFR-D,SP,TRUE,TRUE,FALSE,FALSE,FALSE,FALSE,TRUE,FALSE,FALSE,FALSE,FALSE,FALSE,FALSE,FALSE,FALSE,FALSE,FALSE,,,bird's nest,FALSE
49-ACRU-024,46-01-ACRU-025,6/14/2022,49,24,Acer,rubrum,ACRU,,FALSE,FALSE,,5.1,SFR-D,SP,TRUE,TRUE,FALSE,FALSE,FALSE,FALSE,TRUE,FALSE,FALSE,FALSE,FALSE,FALSE,FALSE,FALSE,FALSE,FALSE,FALSE,,,,FALSE
49-FRPE-025,46-01-FRPE-026,6/14/2022,49,25,Fraxinus,pennsylvanica,FRPE,,FALSE,FALSE,,10.4,SFR-D,SP,TRUE,TRUE,FALSE,FALSE,FALSE,FALSE,TRUE,FALSE,FALSE,FALSE,FALSE,FALSE,FALSE,FALSE,FALSE,FALSE,FALSE,no pruning scars but looks good,,,FALSE
49-ACXF-026,46-01-ACXF-027,6/14/2022,49,26,Acer,x freemanii,ACXF,,FALSE,FALSE,,4.6,SFR-D,SP,TRUE,TRUE,FALSE,FALSE,FALSE,FALSE,TRUE,TRUE,FALSE,FALSE,FALSE,FALSE,FALSE,FALSE,FALSE,FALSE,FALSE,,,mulberry growing at base,FALSE
49-FRPE-027,46-01-FRPE-028,6/14/2022,49,27,Fraxinus,pennsylvanica,FRPE,,FALSE,FALSE,,17.5,SFR-D,SP,TRUE,TRUE,FALSE,FALSE,FALSE,TRUE,TRUE,FALSE,FALSE,FALSE,FALSE,FALSE,FALSE,FALSE,FALSE,FALSE,TRUE,,,weeds at base,FALSE
49-FRPE-028,46-01-FRPE-029,6/14/2022,49,28,Fraxinus,pennsylvanica,FRPE,,FALSE,FALSE,,22.7,SFR-D,SP,TRUE,TRUE,FALSE,TRUE,FALSE,TRUE,TRUE,FALSE,FALSE,FALSE,FALSE,FALSE,FALSE,FALSE,FALSE,FALSE,FALSE,,,weeds at base,FALSE
49-ACPL-029,46-01-ACPL-030,6/14/2022,49,29,Acer,platanoides,ACPL,,FALSE,FALSE,,17.8,SFR-D,SP,TRUE,TRUE,FALSE,TRUE,FALSE,TRUE,TRUE,FALSE,FALSE,FALSE,FALSE,FALSE,FALSE,FALSE,FALSE,FALSE,FALSE,,,weeds at base,FALSE
49-ACPL-030,46-01-ACPL-031,6/14/2022,49,30,Acer,platanoides,ACPL,,FALSE,FALSE,,15,SFR-D,SP,TRUE,TRUE,TRUE,TRUE,FALSE,TRUE,TRUE,FALSE,FALSE,FALSE,FALSE,FALSE,FALSE,FALSE,FALSE,FALSE,FALSE,,,,FALSE
49-FRPE-031,46-01-FRPE-032,6/14/2022,49,31,Fraxinus,pennsylvanica,FRPE,,FALSE,FALSE,,18.3,SFR-D,SP,TRUE,TRUE,TRUE,TRUE,FALSE,TRUE,TRUE,FALSE,FALSE,FALSE,FALSE,FALSE,FALSE,FALSE,FALSE,FALSE,FALSE,,,,FALSE
49-FRPE-032,46-01-FRPE-033,6/14/2022,49,32,Fraxinus,pennsylvanica,FRPE,,FALSE,FALSE,,19.7,COMM,SP,TRUE,TRUE,TRUE,FALSE,FALSE,TRUE,TRUE,FALSE,FALSE,FALSE,FALSE,FALSE,FALSE,FALSE,FALSE,FALSE,FALSE,,,,FALSE
49-FRPE-033,46-01-FRPE-034,6/14/2022,49,33,Fraxinus,pennsylvanica,FRPE,,FALSE,FALSE,3 11,36.5,COMM,SP,TRUE,TRUE,TRUE,FALSE,FALSE,TRUE,TRUE,FALSE,FALSE,FALSE,FALSE,FALSE,FALSE,FALSE,FALSE,FALSE,FALSE,,,,FALSE
49-PRCE-034,46-01-PRCE-035,6/14/2022,49,34,Prunus,cerasifera,PRCE,,FALSE,TRUE,,13.3,SFR-D,SP,TRUE,TRUE,FALSE,FALSE,FALSE,TRUE,TRUE,FALSE,FALSE,FALSE,FALSE,FALSE,FALSE,FALSE,FALSE,FALSE,FALSE,,,"roots exposed, basal weeds",FALSE
49-THOC-035,46-01-THOC-036,6/14/2022,49,35,Thuja,occidentalis,THOC,,FALSE,TRUE,2 7,5.1,SFR-D,SP,TRUE,TRUE,FALSE,FALSE,FALSE,FALSE,TRUE,FALSE,FALSE,FALSE,FALSE,FALSE,FALSE,FALSE,FALSE,FALSE,FALSE,,,weeds at base,FALSE
49-MAUN-036,46-01-MAUNK-037,6/14/2022,49,36,Malus,unknown,MAUN,,FALSE,FALSE,,7,SFR-D,SP,TRUE,TRUE,FALSE,FALSE,FALSE,TRUE,TRUE,FALSE,FALSE,FALSE,TRUE,FALSE,FALSE,FALSE,FALSE,FALSE,FALSE,weed mat,,weeds at base,FALSE
49-TIAM-037,46-01-TIAM-038,6/14/2022,49,37,Tilia,americana,TIAM,,FALSE,FALSE,,12.6,SFR-D,SP,TRUE,TRUE,FALSE,FALSE,FALSE,TRUE,TRUE,FALSE,FALSE,FALSE,TRUE,FALSE,FALSE,FALSE,FALSE,FALSE,FALSE,,,roots exposed,FALSE
49-PRUN-038,46-01-PRUNK-039,6/14/2022,49,38,Prunus,unknown,PRUN,,FALSE,FALSE,,6,SFR-D,SP,TRUE,TRUE,FALSE,FALSE,FALSE,TRUE,TRUE,FALSE,FALSE,FALSE,TRUE,FALSE,FALSE,FALSE,FALSE,FALSE,FALSE,weed mat,,,FALSE
49-CASP-039,46-01-CASP-040,6/14/2022,49,39,Catalpa,speciosa,CASP,,FALSE,FALSE,,9.8,SFR-D,SC,TRUE,TRUE,FALSE,FALSE,FALSE,FALSE,TRUE,FALSE,FALSE,FALSE,TRUE,FALSE,FALSE,FALSE,FALSE,FALSE,FALSE,weed mat,,,FALSE
49-TICO-040,46-01-TICO-041,6/27/2022,49,40,Tilia,cordata,TICO,,FALSE,FALSE,,13,SFR-D,SP,TRUE,TRUE,TRUE,FALSE,FALSE,TRUE,TRUE,FALSE,FALSE,FALSE,FALSE,FALSE,FALSE,FALSE,FALSE,TRUE,FALSE,,,"weeds at base, fungus on leaves",FALSE
49-TICO-041,46-01-TICO-042,6/27/2022,49,41,Tilia,cordata,TICO,,FALSE,FALSE,,21,SFR-D,SP,TRUE,TRUE,FALSE,FALSE,FALSE,TRUE,TRUE,FALSE,FALSE,FALSE,FALSE,FALSE,FALSE,FALSE,FALSE,TRUE,FALSE,,,,FALSE
49-CASP-042,46-01-CASP-043,6/27/2022,49,42,Catalpa,speciosa,CASP,,FALSE,FALSE,,21,SFR-D,SP,TRUE,TRUE,TRUE,FALSE,FALSE,TRUE,FALSE,FALSE,FALSE,FALSE,FALSE,FALSE,FALSE,FALSE,FALSE,FALSE,TRUE,,,"lamp post in canopy, weeds at base",FALSE
49-FRUN-043,46-01-FRUNK-044,6/27/2022,49,43,Fraxinus,unknown,FRUN,,TRUE,FALSE,,33.8,SFR-D,SP,TRUE,TRUE,FALSE,FALSE,FALSE,TRUE,TRUE,FALSE,FALSE,FALSE,TRUE,FALSE,FALSE,FALSE,FALSE,FALSE,FALSE,,,roots exposed,FALSE
49-FRUN-044,46-01-FRUNK-045,6/27/2022,49,44,Fraxinus,unknown,FRUN,,FALSE,FALSE,,6.1,SFR-D,SP,TRUE,TRUE,FALSE,FALSE,FALSE,TRUE,TRUE,FALSE,FALSE,FALSE,FALSE,FALSE,FALSE,FALSE,FALSE,FALSE,FALSE,,decay at bottom of trunk,,FALSE
49-CASP-045,46-01-CASP-046,6/27/2022,49,45,Catalpa,speciosa,CASP,,FALSE,FALSE,,25.9,MFR,SP,TRUE,TRUE,TRUE,FALSE,FALSE,FALSE,FALSE,FALSE,FALSE,FALSE,FALSE,FALSE,FALSE,FALSE,FALSE,FALSE,FALSE,,,,FALSE
49-PRCE-046,46-01-PRCE-047,6/27/2022,49,46,Prunus,cerasifera,PRCE,,FALSE,FALSE,,11.35,MFR,SP,TRUE,TRUE,TRUE,FALSE,FALSE,TRUE,TRUE,FALSE,FALSE,FALSE,FALSE,FALSE,TRUE,FALSE,FALSE,TRUE,FALSE,,Some fungus on dead/decaying branch ,,FALSE
49-GLTR-047,46-01-GLTR-048,6/27/2022,49,47,Gleditsia,triacanthos,GLTR,,FALSE,FALSE,,26.7,SFR-D,SP,TRUE,TRUE,TRUE,FALSE,FALSE,TRUE,TRUE,FALSE,FALSE,FALSE,FALSE,FALSE,FALSE,FALSE,FALSE,FALSE,FALSE,,,,FALSE
49-CECA-048,46-01-CECA-049,6/27/2022,49,48,Cercis,canadensis,CECA,,FALSE,FALSE,"1'9""",5.3,SFR-D,SP,TRUE,TRUE,TRUE,TRUE,FALSE,TRUE,TRUE,FALSE,FALSE,TRUE,FALSE,FALSE,FALSE,FALSE,FALSE,FALSE,FALSE,"sidewalk garden,flowers by the base",,,FALSE
49-CECA-049,46-01-CECA-050,6/27/2022,49,49,Cercis,canadensis,CECA,,FALSE,FALSE,"2'5""",6.1,SFR-D,SP,TRUE,TRUE,TRUE,TRUE,FALSE,FALSE,TRUE,FALSE,FALSE,TRUE,FALSE,FALSE,FALSE,FALSE,FALSE,FALSE,FALSE,"sidewalk garden, flowers at the base",,,FALSE
49-PRCE-050,46-01-PRCE-051,6/27/2022,49,50,Prunus,cerasifera,PRCE,,FALSE,FALSE,,12.6,SFR-D,SP,TRUE,TRUE,TRUE,FALSE,FALSE,FALSE,FALSE,FALSE,FALSE,FALSE,FALSE,FALSE,FALSE,FALSE,FALSE,FALSE,FALSE,wood and string fence,,weeds at base,FALSE
49-FRPE-051,46-01-FRUNK-052,6/27/2022,49,51,Fraxinus,pennsylvanica,FRPE,,FALSE,FALSE,,24.2,SFR-D,SP,TRUE,TRUE,TRUE,FALSE,FALSE,TRUE,TRUE,FALSE,FALSE,FALSE,TRUE,FALSE,FALSE,FALSE,FALSE,TRUE,FALSE,,,,FALSE
49-BEPA-052,46-01-BEPA-053,6/27/2022,49,52,Betula,papyrifera,BEPA,,FALSE,FALSE,,5.5,SFR-D,SP,TRUE,TRUE,TRUE,TRUE,FALSE,FALSE,TRUE,FALSE,FALSE,FALSE,FALSE,FALSE,FALSE,FALSE,FALSE,FALSE,FALSE,"in decorative planter with other plants,fence around planting strip",,,FALSE
49-GIBI-053,46-01-GIBI-054,6/27/2022,49,53,Ginkgo,biloba,GIBI,,FALSE,FALSE,,1.2,SFR-D,SP,TRUE,TRUE,FALSE,TRUE,FALSE,TRUE,TRUE,TRUE,FALSE,FALSE,FALSE,FALSE,FALSE,FALSE,FALSE,FALSE,FALSE,,,sprouting at base,FALSE
49-TICO-054,46-01-TICO-055,6/27/2022,49,54,Tilia,cordata,TICO,,FALSE,FALSE,,1.35,SFR-D,SP,TRUE,TRUE,FALSE,TRUE,FALSE,TRUE,TRUE,TRUE,FALSE,FALSE,FALSE,FALSE,FALSE,FALSE,FALSE,FALSE,FALSE,,,weeds at base,FALSE
49-ACPL-055,46-01-ACPL-056,6/27/2022,49,55,Acer,platanoides,ACPL,,FALSE,FALSE,,1.7,SFR-D,SP,TRUE,TRUE,FALSE,TRUE,FALSE,TRUE,TRUE,TRUE,FALSE,FALSE,FALSE,FALSE,FALSE,FALSE,FALSE,FALSE,FALSE,,,,FALSE
49-FRPE-056,46-01-FRUNK-057,6/27/2022,49,56,Fraxinus,pennsylvanica,FRPE,,FALSE,FALSE,,16,COMM,SP,TRUE,TRUE,FALSE,FALSE,FALSE,TRUE,TRUE,FALSE,FALSE,FALSE,FALSE,FALSE,FALSE,FALSE,FALSE,FALSE,FALSE,,,"weeds at base, trunk sprouts",FALSE
49-ULPU-057,46-01-ULUNK-058,6/27/2022,49,57,Ulmus,pumila,ULPU,bark and leaf match,TRUE,FALSE,,5.04,MFR,SP,TRUE,TRUE,TRUE,FALSE,FALSE,TRUE,TRUE,FALSE,FALSE,FALSE,FALSE,FALSE,FALSE,FALSE,FALSE,FALSE,FALSE,,"Bark damage near base of tree, heartwood exposed",,FALSE
49-PYCA-058,46-01-PYCA-059,6/27/2022,49,58,Pyrus,calleryana,PYCA,,FALSE,FALSE,"4'4""",5.1,MFR,SP,TRUE,TRUE,TRUE,FALSE,FALSE,TRUE,TRUE,FALSE,FALSE,FALSE,FALSE,FALSE,FALSE,FALSE,FALSE,FALSE,FALSE,,Damage to roots,,FALSE
49-PYCA-059,46-01-PYCA-060,6/27/2022,49,59,Pyrus,calleryana,PYCA,,FALSE,FALSE,"3'5""",7.1,MFR,SP,TRUE,TRUE,FALSE,FALSE,FALSE,TRUE,TRUE,FALSE,FALSE,FALSE,TRUE,FALSE,FALSE,FALSE,FALSE,FALSE,FALSE,,,,FALSE
49-ULUN-060,46-01-ULUNK-061,6/27/2022,49,60,Ulmus,unknown,ULUN,,TRUE,FALSE,,14.2,MFR,SP,TRUE,TRUE,TRUE,FALSE,FALSE,TRUE,TRUE,FALSE,FALSE,FALSE,FALSE,FALSE,FALSE,FALSE,FALSE,FALSE,FALSE,,"trunk damage, leaking spot",duct tape around trunk,FALSE
49-FRUN-061,46-01-FRUNK-062,6/27/2022,49,61,Fraxinus,unknown,FRUN,,TRUE,FALSE,,15.4,MFR,SP,TRUE,TRUE,TRUE,FALSE,FALSE,TRUE,TRUE,FALSE,FALSE,FALSE,FALSE,FALSE,FALSE,FALSE,FALSE,FALSE,FALSE,,,trunk sprouts,FALSE
49-ACRU-062,46-01-ACRU-063,6/27/2022,49,62,Acer,rubrum,ACRU,,FALSE,FALSE,,1.75,MFR,SP,TRUE,TRUE,FALSE,FALSE,FALSE,TRUE,TRUE,FALSE,FALSE,FALSE,FALSE,FALSE,FALSE,FALSE,FALSE,FALSE,FALSE,,bark peeling at base,,FALSE
49-ACXF-063,46-01-ACXF-064,6/27/2022,49,63,Acer,x freemanii,ACXF,,FALSE,FALSE,,4.9,MFR,SP,TRUE,TRUE,TRUE,FALSE,FALSE,TRUE,TRUE,FALSE,FALSE,FALSE,TRUE,FALSE,FALSE,FALSE,FALSE,FALSE,FALSE,,,,FALSE
49-PRUN-064,46-01-PRUNK-065,6/27/2022,49,64,Prunus,unknown,PRUN,potentially Prunus serrulata,TRUE,FALSE,,2.4,MFR,SP,TRUE,TRUE,FALSE,FALSE,FALSE,TRUE,TRUE,FALSE,FALSE,FALSE,FALSE,FALSE,FALSE,FALSE,FALSE,FALSE,FALSE,,"bark peeling at base, fungus on trunk",trunk sprout,FALSE
49-AIAL-065,46-01-AIAL-066,6/27/2022,49,65,Ailanthus,altissima,AIAL,,FALSE,FALSE,,24,MFR,SP,TRUE,TRUE,TRUE,FALSE,FALSE,TRUE,TRUE,FALSE,FALSE,FALSE,FALSE,FALSE,FALSE,FALSE,FALSE,FALSE,FALSE,,,weeds at base,FALSE
49-AIAL-066,46-01-AIAL-067,6/27/2022,49,66,Ailanthus,altissima,AIAL,,FALSE,FALSE,,8.3,MFR,SP,TRUE,TRUE,TRUE,FALSE,FALSE,TRUE,TRUE,FALSE,FALSE,FALSE,TRUE,FALSE,FALSE,FALSE,FALSE,FALSE,FALSE,,gash in bark with exposed heartwood ,right next to PIUNK-068,FALSE
49-PIUN-067,46-01-PIUNK-068,6/27/2022,49,67,Picea,unknown,PIUN,,TRUE,FALSE,,4.2,MFR,SP,TRUE,TRUE,TRUE,FALSE,FALSE,TRUE,TRUE,FALSE,FALSE,FALSE,FALSE,FALSE,FALSE,FALSE,FALSE,FALSE,FALSE,,,growing into canopy of AIAL-067,FALSE
49-ULPU-068,46-01-ULAM-069,6/27/2022,49,68,Ulmus,pumila,ULPU,,TRUE,FALSE,,33.6,MFR,SP,TRUE,TRUE,TRUE,FALSE,FALSE,TRUE,TRUE,FALSE,FALSE,FALSE,FALSE,FALSE,TRUE,FALSE,FALSE,FALSE,FALSE,,some exposed roots,,FALSE
49-ULUN-069,46-01-ULUNK-070,6/27/2022,49,69,Ulmus,unknown,ULUN,looks similar to previous (probs Siberian),TRUE,FALSE,,21.2,MFR,SP,TRUE,TRUE,TRUE,FALSE,FALSE,TRUE,TRUE,FALSE,FALSE,FALSE,FALSE,FALSE,TRUE,FALSE,FALSE,FALSE,FALSE,,exposed roots,,FALSE
49-ULUN-070,46-01-ULUNK-071,6/27/2022,49,70,Ulmus,unknown,ULUN,looks different from previous 2,TRUE,FALSE,"4'2""",29,MIX,SP,TRUE,TRUE,TRUE,FALSE,FALSE,TRUE,TRUE,FALSE,FALSE,FALSE,FALSE,FALSE,TRUE,FALSE,FALSE,FALSE,FALSE,,"exposed roots, broken root, gash on side",trunk sprouts ,FALSE
49-MAUN-071,46-01-MOUNK-072,6/28/2022,49,71,Malus,unknown,MAUN,,TRUE,TRUE,,29.8,SFR-D,SP,TRUE,TRUE,FALSE,FALSE,FALSE,TRUE,TRUE,FALSE,FALSE,FALSE,FALSE,FALSE,FALSE,FALSE,FALSE,FALSE,FALSE,,,,FALSE
49-ULUN-072,46-01-ULUNK-073,6/28/2022,49,72,Ulmus,unknown,ULUN,,TRUE,FALSE,,16.7,SFR-D,SP,TRUE,TRUE,FALSE,FALSE,FALSE,TRUE,TRUE,FALSE,FALSE,TRUE,FALSE,FALSE,FALSE,FALSE,FALSE,FALSE,FALSE,Decorative stones at base,"shallow gash at base of trunk, one exposed root",,FALSE
49-ULUN-073,46-01-ULUNK-074,6/28/2022,49,73,Ulmus,unknown,ULUN,,TRUE,FALSE,"5'1.2""",21.9,SFR-D,SP,TRUE,TRUE,FALSE,FALSE,FALSE,TRUE,TRUE,FALSE,FALSE,FALSE,FALSE,FALSE,FALSE,FALSE,FALSE,FALSE,FALSE,,"Large gash on trunk, bleeding",,FALSE
49-ULUN-074,46-01-ULUNK-075,6/28/2022,49,74,Ulmus,unknown,ULUN,,TRUE,FALSE,"4'8""",35.4,SFR-D,SP,TRUE,TRUE,FALSE,FALSE,FALSE,TRUE,TRUE,FALSE,FALSE,FALSE,TRUE,TRUE,FALSE,FALSE,FALSE,TRUE,FALSE,,start of decay on trunk,,FALSE
49-MAUN-075,46-01-MAGUNK-076,6/28/2022,49,75,Magnolia,unknown,MAUN,,TRUE,FALSE,,1.11,SFR-D,SP,TRUE,TRUE,FALSE,FALSE,FALSE,FALSE,TRUE,FALSE,FALSE,FALSE,FALSE,FALSE,FALSE,FALSE,FALSE,FALSE,FALSE,,,,FALSE
49-TIAM-076,46-01-TIAM-077,6/28/2022,49,76,Tilia,americana,TIAM,,FALSE,FALSE,"5'1""",8.6,SFR-D,SP,TRUE,TRUE,FALSE,FALSE,FALSE,TRUE,TRUE,FALSE,FALSE,FALSE,FALSE,FALSE,FALSE,FALSE,FALSE,FALSE,FALSE,,wood pecker holes,,FALSE
49-GLTR-077,46-01-GLTR-078,6/28/2022,49,77,Gleditsia,triacanthos,GLTR,,FALSE,FALSE,,9,SFR-D,SP,TRUE,TRUE,FALSE,FALSE,FALSE,TRUE,TRUE,FALSE,FALSE,FALSE,FALSE,FALSE,FALSE,FALSE,FALSE,FALSE,FALSE,,,,FALSE
49-TIAM-078,46-01-TIAM-079,6/28/2022,49,78,Tilia,americana,TIAM,,FALSE,FALSE,"4'10.5""",8.1,SFR-D,SP,TRUE,TRUE,FALSE,FALSE,FALSE,TRUE,TRUE,FALSE,FALSE,FALSE,FALSE,FALSE,FALSE,FALSE,FALSE,FALSE,FALSE,,wood pecker holes,,FALSE
49-GLTR-079,46-01-GLTR-080,6/28/2022,49,79,Gleditsia,triacanthos,GLTR,,FALSE,FALSE,,9.6,SFR-D,SP,TRUE,TRUE,FALSE,FALSE,FALSE,TRUE,TRUE,FALSE,FALSE,FALSE,FALSE,FALSE,FALSE,TRUE,FALSE,FALSE,FALSE,,girdling roots,,FALSE
49-TIAM-080,46-01-TIAM-081,6/28/2022,49,80,Tilia,americana,TIAM,,FALSE,FALSE,,7.5,SFR-D,SP,TRUE,TRUE,FALSE,FALSE,FALSE,TRUE,TRUE,FALSE,FALSE,FALSE,FALSE,FALSE,FALSE,FALSE,FALSE,FALSE,FALSE,,gash on trunk,,FALSE
49-GLTR-081,46-01-GLTR-082,6/28/2022,49,81,Gleditsia,triacanthos,GLTR,,FALSE,FALSE,,9.6,SFR-D,SP,TRUE,TRUE,FALSE,FALSE,FALSE,TRUE,TRUE,FALSE,FALSE,FALSE,FALSE,FALSE,FALSE,FALSE,FALSE,FALSE,FALSE,,exposed roots,,FALSE
49-ULUN-082,46-01-ULUNK-083,6/28/2022,49,82,Ulmus,unknown,ULUN,,TRUE,FALSE,,17.4,SFR-D,SP,TRUE,TRUE,FALSE,FALSE,FALSE,TRUE,TRUE,FALSE,FALSE,FALSE,FALSE,FALSE,FALSE,FALSE,FALSE,TRUE,FALSE,,,weeds at base,FALSE
49-ULUN-083,46-01-ULUNK-084,6/28/2022,49,83,Ulmus,unknown,ULUN,,TRUE,FALSE,,16.8,SFR-D,SP,TRUE,TRUE,FALSE,FALSE,FALSE,TRUE,TRUE,FALSE,FALSE,FALSE,FALSE,FALSE,FALSE,FALSE,FALSE,FALSE,FALSE,,bark damage ,,FALSE
49-AEFL-084,46-01-AEFL-085,6/28/2022,49,84,Aesculus,flava,AEFL,,FALSE,FALSE,"4""3'",6.6,SFR-D,SP,TRUE,TRUE,TRUE,FALSE,FALSE,TRUE,TRUE,FALSE,FALSE,FALSE,FALSE,FALSE,FALSE,FALSE,FALSE,FALSE,FALSE,garden scape,,,FALSE
49-GYDI-085,46-01-GYDI-086,6/28/2022,49,85,Gymnocladus,dioicus,GYDI,,FALSE,FALSE,,4,SFR-D,SP,TRUE,TRUE,TRUE,TRUE,FALSE,FALSE,TRUE,FALSE,FALSE,FALSE,FALSE,FALSE,FALSE,FALSE,FALSE,FALSE,FALSE,cabled,,,FALSE
49-PRSE-086,46-01-PRSE-087,6/28/2022,49,86,Prunus,serrulata,PRSE,,FALSE,FALSE,"1'7""",1.7,SFR-D,SC,TRUE,TRUE,FALSE,FALSE,FALSE,FALSE,TRUE,FALSE,FALSE,FALSE,FALSE,FALSE,FALSE,FALSE,FALSE,FALSE,FALSE,,gash in bark,,FALSE
49-THOC-087,46-01-THOC-088,6/28/2022,49,87,Thuja,occidentalis,THOC,,FALSE,FALSE,,0.6,SFR-D,SC,TRUE,TRUE,FALSE,FALSE,FALSE,TRUE,TRUE,FALSE,FALSE,FALSE,FALSE,FALSE,FALSE,FALSE,FALSE,FALSE,FALSE,,,,FALSE
49-ACPL-088,46-01-ACPL-090,6/28/2022,49,88,Acer,platanoides,ACPL,,FALSE,FALSE,,14.3,SFR-D,SP,TRUE,TRUE,TRUE,FALSE,FALSE,TRUE,TRUE,FALSE,FALSE,FALSE,FALSE,FALSE,FALSE,FALSE,FALSE,FALSE,FALSE,,bark damage,,FALSE
49-MASP-089,46-01-MAUNK-091,6/28/2022,49,89,Malus,spp.,MASP,,FALSE,TRUE,,8.6,SFR-D,SP,TRUE,TRUE,TRUE,FALSE,FALSE,TRUE,TRUE,FALSE,FALSE,TRUE,FALSE,FALSE,FALSE,FALSE,FALSE,FALSE,FALSE,,,,FALSE
57-ACSA-001,57-ACSA-001,7/19/2022,57,1,Acer,saccharinum,ACSA,,FALSE,FALSE,,16.1,SFR-D,SP,TRUE,TRUE,FALSE,FALSE,FALSE,TRUE,TRUE,FALSE,FALSE,FALSE,TRUE,FALSE,TRUE,TRUE,FALSE,FALSE,FALSE,,,,FALSE
57-ACSA-002,57-ACSA-002,7/19/2022,57,2,Acer,saccharinum,ACSA,,FALSE,FALSE,,18.5,SFR-D,SP,TRUE,TRUE,FALSE,FALSE,FALSE,TRUE,TRUE,FALSE,FALSE,FALSE,FALSE,FALSE,TRUE,TRUE,FALSE,FALSE,FALSE,,,,FALSE
57-ACPL-003,57-ACPL-003,7/19/2022,57,3,Acer,platanoides,ACPL,Red variety ,FALSE,FALSE,"2'4""",3,SFR-D,SP,TRUE,TRUE,FALSE,TRUE,FALSE,TRUE,FALSE,FALSE,TRUE,FALSE,FALSE,FALSE,FALSE,FALSE,FALSE,FALSE,FALSE,somewhat enclosed gardenscape ,,,FALSE
57-UN-004,57-UN-004,,57,4,,unknown,UN,Dead,TRUE,FALSE,,5.7,,,FALSE,FALSE,FALSE,FALSE,FALSE,FALSE,FALSE,FALSE,FALSE,FALSE,FALSE,FALSE,FALSE,FALSE,FALSE,FALSE,FALSE,,,,FALSE
57-ACSA-005,57-ACUN-005,7/19/2022,57,5,Acer,saccharum,ACSA,Bark makes me think sugar maple but the leaf feels like the loves are too substantial ,TRUE,FALSE,,10.6,SFR-D,SP,TRUE,TRUE,FALSE,FALSE,FALSE,TRUE,TRUE,FALSE,FALSE,FALSE,FALSE,FALSE,TRUE,TRUE,FALSE,FALSE,FALSE,,,,FALSE
57-FRPE-006,57-FRPE-006,7/19/2022,57,6,Fraxinus,pennsylvanica,FRPE,Looks like green ash,FALSE,FALSE,,14,SFR-D,SP,TRUE,TRUE,FALSE,FALSE,FALSE,TRUE,TRUE,FALSE,FALSE,FALSE,FALSE,FALSE,FALSE,FALSE,FALSE,FALSE,FALSE,,,,FALSE
57-FRUN-007,57-FRUN-007,7/19/2022,57,7,Fraxinus,unknown,FRUN,"Same species as previous, has 2013 tag too but hard to read",TRUE,FALSE,,13.2,SFR-D,SP,TRUE,TRUE,FALSE,FALSE,FALSE,TRUE,TRUE,FALSE,FALSE,FALSE,FALSE,FALSE,FALSE,FALSE,FALSE,FALSE,FALSE,,weird swelling at base,,FALSE
57-FRUN-008,57-FRUN-008,7/19/2022,57,8,Fraxinus,unknown,FRUN,Same as previous ,TRUE,FALSE,,12.4,SFR-D,SP,TRUE,TRUE,FALSE,FALSE,FALSE,TRUE,TRUE,FALSE,FALSE,TRUE,FALSE,FALSE,TRUE,FALSE,FALSE,FALSE,FALSE,small gardenscape at base,sprouting at base,,FALSE
57-FRUN-009,57-FRUN-009,7/19/2022,57,9,Fraxinus,unknown,FRUN,Same as previous; has 2013 tag too (31996),TRUE,FALSE,,11.2,SFR-D,SP,TRUE,TRUE,FALSE,FALSE,FALSE,TRUE,TRUE,FALSE,FALSE,FALSE,FALSE,FALSE,FALSE,FALSE,FALSE,FALSE,FALSE,small gardenscape at base ,,,FALSE
57-FRUN-010,57-FRUN-010,7/19/2022,57,10,Fraxinus,unknown,FRUN,Same as previous,TRUE,FALSE,,14.5,SFR-D,SP,TRUE,TRUE,FALSE,FALSE,FALSE,TRUE,TRUE,FALSE,FALSE,FALSE,FALSE,FALSE,TRUE,FALSE,FALSE,FALSE,FALSE,small gardenscape at base,,,FALSE
57-FRUN-011,57-FRUN-011,7/19/2022,57,11,Fraxinus,unknown,FRUN,Same as previous ,TRUE,FALSE,,13.5,SFR-D,SP,TRUE,TRUE,FALSE,FALSE,FALSE,TRUE,TRUE,FALSE,FALSE,FALSE,FALSE,FALSE,FALSE,FALSE,FALSE,FALSE,FALSE,small gardenscape at base,,,FALSE
57-FRUN-012,57-FRUN-012,7/19/2022,57,12,Fraxinus,unknown,FRUN,Same as previous ,TRUE,FALSE,,15,SFR-D,SP,TRUE,TRUE,FALSE,FALSE,FALSE,TRUE,TRUE,FALSE,FALSE,FALSE,FALSE,FALSE,TRUE,FALSE,FALSE,FALSE,FALSE,,decay at base and trunk,,FALSE
57-FRUN-013,57-FRUN-013,7/19/2022,57,13,Fraxinus,unknown,FRUN,Same as previous ,TRUE,FALSE,,12.7,SFR-D,SP,TRUE,TRUE,FALSE,FALSE,FALSE,TRUE,TRUE,FALSE,FALSE,FALSE,TRUE,FALSE,FALSE,FALSE,FALSE,FALSE,FALSE,,swelling at base,,FALSE
57-FRUN-014,57-FRUN-014,7/19/2022,57,14,Fraxinus,unknown,FRUN,"Same as previous, has 2013 tag but hard to read",TRUE,FALSE,,13.5,SFR-D,SP,TRUE,TRUE,FALSE,FALSE,FALSE,TRUE,TRUE,FALSE,FALSE,FALSE,FALSE,FALSE,FALSE,FALSE,FALSE,FALSE,FALSE,,,,FALSE
57-GLTR-015,57-GLTR-015,7/19/2022,57,15,Gleditsia,triacanthos,GLTR,,FALSE,FALSE,,15,MFR,SP,TRUE,TRUE,FALSE,TRUE,FALSE,TRUE,FALSE,FALSE,FALSE,FALSE,FALSE,FALSE,FALSE,FALSE,FALSE,TRUE,FALSE,weed mat,,,FALSE
57-GLTR-016,57-GLTR-016,7/19/2022,57,16,Gleditsia,triacanthos,GLTR,,FALSE,FALSE,,17.6,MFR,SP,TRUE,TRUE,FALSE,TRUE,FALSE,TRUE,FALSE,FALSE,FALSE,FALSE,FALSE,FALSE,FALSE,FALSE,FALSE,TRUE,FALSE,weed mat,,,FALSE
57-GLTR-017,57-GLTR-017,7/19/2022,57,17,Gleditsia,triacanthos,GLTR,,FALSE,FALSE,,18.5,MFR,SP,TRUE,TRUE,FALSE,TRUE,FALSE,TRUE,FALSE,FALSE,FALSE,FALSE,FALSE,FALSE,FALSE,FALSE,FALSE,FALSE,FALSE,weed mat,,,FALSE
57-GLTR-018,57-GLTR-018,7/19/2022,57,18,Gleditsia,triacanthos,GLTR,,FALSE,FALSE,,20,MFR,SP,TRUE,TRUE,FALSE,TRUE,FALSE,TRUE,FALSE,FALSE,FALSE,FALSE,FALSE,FALSE,FALSE,TRUE,FALSE,FALSE,FALSE,weed mat,,,FALSE
57-GYDI-019,57-GYDI-019,7/19/2022,57,19,Gymnocladus,dioicus,GYDI,,FALSE,FALSE,,13.9,MFR,SP,TRUE,TRUE,FALSE,TRUE,FALSE,TRUE,FALSE,FALSE,FALSE,FALSE,FALSE,FALSE,FALSE,FALSE,FALSE,FALSE,TRUE,,,,FALSE
57-GYDI-020,57-GYDI-020,7/19/2022,57,20,Gymnocladus,dioicus,GYDI,,FALSE,FALSE,,11.2,MFR,SP,TRUE,TRUE,FALSE,TRUE,FALSE,TRUE,FALSE,FALSE,FALSE,FALSE,FALSE,FALSE,FALSE,FALSE,FALSE,FALSE,FALSE,,,,FALSE
57-FRUN-021,57-FRUN-021,7/19/2022,57,21,Fraxinus,unknown,FRUN,Same as others on segment,TRUE,FALSE,,17,MFR,SP,TRUE,TRUE,FALSE,TRUE,FALSE,TRUE,FALSE,FALSE,FALSE,FALSE,FALSE,FALSE,FALSE,FALSE,FALSE,FALSE,FALSE,,,,FALSE
57-FRUN-022,57-FRUN-022,7/19/2022,57,22,Fraxinus,unknown,FRUN,Try to avoid steping on grass on this part of segment (north and south),TRUE,FALSE,,15.3,SFR-D,SC,TRUE,TRUE,FALSE,FALSE,FALSE,TRUE,TRUE,FALSE,FALSE,TRUE,FALSE,FALSE,FALSE,FALSE,FALSE,FALSE,FALSE,,exposed heartwood on main branch,,FALSE
57-FRUN-023,57-FRUN-023,7/19/2022,57,23,Fraxinus,unknown,FRUN,Same as others on segment,TRUE,FALSE,,13.7,SFR-D,SP,TRUE,TRUE,FALSE,TRUE,FALSE,TRUE,TRUE,FALSE,FALSE,FALSE,FALSE,FALSE,FALSE,FALSE,FALSE,FALSE,FALSE,,,,FALSE
57-FRUN-024,57-FRUN-024,7/19/2022,57,24,Fraxinus,unknown,FRUN,Same as others on segment,TRUE,FALSE,,14.4,SFR-D,SP,TRUE,TRUE,FALSE,FALSE,FALSE,TRUE,TRUE,FALSE,FALSE,FALSE,FALSE,FALSE,FALSE,FALSE,FALSE,TRUE,FALSE,,gash in trunk,,FALSE
57-FRUN-025,57-FRUN-025,7/19/2022,57,25,Fraxinus,unknown,FRUN,Same as others on segment,TRUE,FALSE,,13.4,SFR-D,SP,TRUE,TRUE,FALSE,FALSE,FALSE,TRUE,TRUE,FALSE,FALSE,FALSE,FALSE,FALSE,FALSE,FALSE,FALSE,FALSE,FALSE,,trunk decay,,FALSE
57-FRUN-026,57-FRUN-026,7/19/2022,57,26,Fraxinus,unknown,FRUN,Same as others on segment,TRUE,FALSE,,13.1,SFR-D,SP,TRUE,TRUE,FALSE,FALSE,FALSE,TRUE,TRUE,FALSE,FALSE,FALSE,FALSE,FALSE,FALSE,FALSE,FALSE,FALSE,TRUE,,trunk damage,"black screws in trunk, trunk sprouts",FALSE
57-FRUN-027,57-FRUN-027,7/19/2022,57,27,Fraxinus,unknown,FRUN,Same as others on segment,TRUE,FALSE,,15,SFR-D,SP,TRUE,TRUE,FALSE,FALSE,FALSE,TRUE,TRUE,FALSE,FALSE,FALSE,FALSE,FALSE,TRUE,TRUE,FALSE,FALSE,FALSE,,,trunk sprouts,FALSE
57-FRUN-028,57-FRUN-028,7/19/2022,57,28,Fraxinus,unknown,FRUN,Same as others on segment,TRUE,FALSE,,14.1,SFR-D,SP,TRUE,TRUE,FALSE,FALSE,FALSE,TRUE,TRUE,FALSE,FALSE,FALSE,FALSE,FALSE,FALSE,FALSE,FALSE,TRUE,FALSE,,trunk damage,,FALSE
57-FRUN-029,57-FRUN-029,7/19/2022,57,29,Fraxinus,unknown,FRUN,Same as others on segment,TRUE,FALSE,,17.6,SFR-D,SP,TRUE,TRUE,FALSE,FALSE,FALSE,TRUE,TRUE,FALSE,FALSE,FALSE,FALSE,FALSE,FALSE,FALSE,FALSE,TRUE,FALSE,,trunk damage,trunk sprouts,FALSE
57-GLTR-030,57-GLTR-030,7/25/2022,57,30,Gleditsia,triacanthos,GLTR,,FALSE,FALSE,,21.7,MFR,SP,TRUE,TRUE,FALSE,FALSE,FALSE,TRUE,TRUE,FALSE,FALSE,FALSE,FALSE,FALSE,FALSE,FALSE,FALSE,FALSE,FALSE,,,sprouts,FALSE
57-GLTR-031,57-GLTR-031,7/25/2022,57,31,Gleditsia,triacanthos,GLTR,,FALSE,FALSE,,21.5,MFR,SP,TRUE,TRUE,FALSE,FALSE,FALSE,TRUE,TRUE,FALSE,FALSE,FALSE,TRUE,FALSE,TRUE,FALSE,FALSE,FALSE,FALSE,,fungus all over one branch,,FALSE
57-ACPL-032,57-ACPL-032,7/25/2022,57,32,Acer,platanoides,ACPL,Green leaves,FALSE,FALSE,,14.1,MFR,SP,TRUE,TRUE,FALSE,FALSE,FALSE,TRUE,TRUE,FALSE,FALSE,FALSE,FALSE,FALSE,TRUE,TRUE,FALSE,FALSE,FALSE,,,,FALSE
57-ACPL-033,57-ACPL-033,7/25/2022,57,33,Acer,platanoides,ACPL,Green leaves,FALSE,FALSE,,12.9,MFR,SP,TRUE,TRUE,FALSE,FALSE,FALSE,TRUE,TRUE,FALSE,FALSE,FALSE,FALSE,FALSE,TRUE,TRUE,FALSE,FALSE,FALSE,,,,FALSE
57-GLTR-034,57-GLTR-034,7/25/2022,57,34,Gleditsia,triacanthos,GLTR,,FALSE,FALSE,,25.5,SFR-D,SP,TRUE,TRUE,FALSE,FALSE,FALSE,TRUE,TRUE,FALSE,FALSE,FALSE,TRUE,FALSE,FALSE,FALSE,FALSE,TRUE,FALSE,,sprouts at base,,FALSE
57-GLTR-035,57-GLTR-035,7/25/2022,57,35,Gleditsia,triacanthos,GLTR,,FALSE,FALSE,,21.2,MFR,SP,TRUE,TRUE,FALSE,FALSE,FALSE,TRUE,TRUE,FALSE,FALSE,FALSE,TRUE,FALSE,FALSE,FALSE,FALSE,FALSE,FALSE,,,,FALSE
57-ACPL-036,57-ACPL-036,7/25/2022,57,36,Acer,platanoides,ACPL,,FALSE,FALSE,,17.6,MFR,SP,TRUE,TRUE,FALSE,FALSE,FALSE,TRUE,TRUE,FALSE,FALSE,FALSE,FALSE,FALSE,TRUE,TRUE,FALSE,FALSE,FALSE,,trunk decay,,FALSE
57-ACPL-037,57-ACPL-037,7/25/2022,57,37,Acer,platanoides,ACPL,,FALSE,FALSE,,14.9,MFR,SP,TRUE,TRUE,FALSE,FALSE,FALSE,TRUE,TRUE,FALSE,FALSE,FALSE,FALSE,FALSE,TRUE,TRUE,FALSE,FALSE,FALSE,,,,FALSE
57-ACPL-038,57-ACPL-038,7/25/2022,57,38,Acer,platanoides,ACPL,,FALSE,FALSE,,13.6,MFR,SP,TRUE,TRUE,FALSE,FALSE,FALSE,TRUE,TRUE,FALSE,FALSE,FALSE,FALSE,FALSE,FALSE,FALSE,FALSE,FALSE,FALSE,,decay at base,,FALSE
57-ACPL-039,57-ACPL-039,7/25/2022,57,39,Acer,platanoides,ACPL,,FALSE,FALSE,,15.2,MFR,SP,TRUE,TRUE,FALSE,FALSE,FALSE,TRUE,TRUE,FALSE,FALSE,FALSE,TRUE,FALSE,FALSE,FALSE,FALSE,FALSE,FALSE,,decay at base,,FALSE
57-FRUN-040,57-FRUN-040,7/25/2022,57,40,Fraxinus,unknown,FRUN,Looks like a green ash? No tree tag despite being an ash,FALSE,FALSE,,15.3,V,SP,TRUE,TRUE,FALSE,FALSE,FALSE,TRUE,TRUE,FALSE,FALSE,FALSE,FALSE,FALSE,FALSE,FALSE,FALSE,FALSE,FALSE,,,,FALSE
57-PLHY-041,57-PLHY-041,7/25/2022,57,41,Platanus,hybrida,PLHY,Leaf lobes more like london planetree,FALSE,FALSE,,12.7,MFR,SP,TRUE,TRUE,FALSE,FALSE,FALSE,TRUE,TRUE,FALSE,FALSE,FALSE,TRUE,FALSE,FALSE,FALSE,FALSE,FALSE,FALSE,,decay at base,,FALSE
57-GLTR-042,57-GLTR-042,7/25/2022,57,42,Gleditsia,triacanthos,GLTR,,FALSE,FALSE,,20.8,MFR,SP,TRUE,TRUE,FALSE,FALSE,FALSE,TRUE,TRUE,FALSE,FALSE,FALSE,FALSE,FALSE,FALSE,FALSE,FALSE,FALSE,TRUE,,trunk decay ,,FALSE
57-ULUN-043,57-ULUN-043,7/25/2022,57,43,Ulmus,unknown,ULUN,May be a hybrid elm,TRUE,FALSE,,9.3,MFR,SP,TRUE,TRUE,FALSE,FALSE,FALSE,TRUE,TRUE,FALSE,FALSE,FALSE,TRUE,FALSE,FALSE,FALSE,FALSE,FALSE,FALSE,,,,FALSE
57-GLTR-044,57-GLTR-044,7/25/2022,57,44,Gleditsia,triacanthos,GLTR,,FALSE,FALSE,,27.2,MFR,SP,TRUE,TRUE,FALSE,FALSE,FALSE,TRUE,TRUE,FALSE,FALSE,FALSE,FALSE,FALSE,TRUE,TRUE,FALSE,FALSE,FALSE,,,,FALSE
57-PLHY-045,57-PLHY-045,7/25/2022,57,45,Platanus,hybrida,PLHY,,FALSE,FALSE,,18.5,SFR-D,SP,TRUE,TRUE,FALSE,FALSE,FALSE,TRUE,TRUE,FALSE,FALSE,FALSE,FALSE,FALSE,FALSE,FALSE,FALSE,FALSE,FALSE,,trunk decay ,,FALSE
57-ACPL-046,57-ACPL-046,7/25/2022,57,46,Acer,platanoides,ACPL,Green leaved,FALSE,FALSE,,16.9,V,SP,TRUE,TRUE,FALSE,FALSE,FALSE,TRUE,TRUE,FALSE,FALSE,FALSE,FALSE,FALSE,FALSE,TRUE,FALSE,FALSE,FALSE,,,,FALSE
57-FRUN-047,57-FRUN-047,7/25/2022,57,47,Fraxinus,unknown,FRUN,Same as previous ash on this side of street. No tag,FALSE,FALSE,,14.7,SFR-D,SP,TRUE,TRUE,FALSE,FALSE,FALSE,TRUE,TRUE,FALSE,FALSE,FALSE,FALSE,FALSE,FALSE,FALSE,FALSE,FALSE,FALSE,,,,FALSE
57-GLTR-048,57-GLTR-048,7/25/2022,57,48,Gleditsia,triacanthos,GLTR,,FALSE,FALSE,,21.6,SFR-D,SP,TRUE,TRUE,FALSE,FALSE,FALSE,TRUE,TRUE,FALSE,FALSE,FALSE,TRUE,FALSE,TRUE,FALSE,FALSE,FALSE,FALSE,,sprouts at base,,FALSE
57-GLTR-049,57-GLTR-049,7/25/2022,57,49,Gleditsia,triacanthos,GLTR,,FALSE,FALSE,,15.2,SFR-D,SP,TRUE,TRUE,FALSE,FALSE,FALSE,TRUE,TRUE,FALSE,FALSE,FALSE,TRUE,FALSE,TRUE,FALSE,FALSE,FALSE,FALSE,,bulb near trunk base,,FALSE
57-GLTR-050,57-GLTR-050,7/25/2022,57,50,Gleditsia,triacanthos,GLTR,,FALSE,FALSE,,23.7,MFR,SP,TRUE,TRUE,FALSE,FALSE,FALSE,TRUE,TRUE,FALSE,FALSE,FALSE,FALSE,FALSE,FALSE,FALSE,FALSE,FALSE,FALSE,,sprouts at base and some decay,,FALSE
57-ULAM-051,57-ULAM-051,7/25/2022,57,51,Ulmus,americana,ULAM,,FALSE,FALSE,No good place to measure dbh,34,MFR,SP,TRUE,TRUE,FALSE,FALSE,FALSE,TRUE,TRUE,FALSE,FALSE,FALSE,FALSE,FALSE,TRUE,TRUE,FALSE,TRUE,FALSE,,,,FALSE
57-ACSA-052,57-ACSA-052,7/25/2022,57,52,Acer,saccharinum,ACSA,,FALSE,FALSE,,28,MFR,SP,TRUE,TRUE,FALSE,FALSE,FALSE,TRUE,TRUE,FALSE,FALSE,FALSE,FALSE,FALSE,TRUE,TRUE,FALSE,FALSE,FALSE,,trunk decay,,FALSE
57-ACSA-053,57-ACSA-053,7/25/2022,57,53,Acer,saccharinum,ACSA,,FALSE,FALSE,"1'6""",24.3,MFR,SP,TRUE,TRUE,FALSE,FALSE,FALSE,TRUE,TRUE,FALSE,FALSE,FALSE,FALSE,FALSE,FALSE,FALSE,FALSE,FALSE,FALSE,,"decay at base, bulb on trunk",,FALSE
57-GIBI-054,57-GIBI-054,7/25/2022,57,54,Ginkgo,biloba,GIBI,,FALSE,FALSE,,7,COMM,SP,TRUE,TRUE,FALSE,FALSE,FALSE,TRUE,TRUE,FALSE,FALSE,FALSE,TRUE,FALSE,FALSE,FALSE,FALSE,FALSE,FALSE,,decay at base,,FALSE
57-GLTR-055,57-GLTR-055,7/25/2022,57,55,Gleditsia,triacanthos,GLTR,,FALSE,FALSE,,21.5,MFR,SP,TRUE,TRUE,FALSE,FALSE,FALSE,TRUE,TRUE,FALSE,FALSE,FALSE,FALSE,FALSE,TRUE,FALSE,FALSE,FALSE,FALSE,,,Construction happening right by this tree on 6/9,FALSE
57-ACSA-056,57-ACSA-056,7/25/2022,57,56,Acer,saccharinum,ACSA,,FALSE,FALSE,,27.7,MFR,SP,TRUE,TRUE,TRUE,FALSE,FALSE,TRUE,FALSE,FALSE,FALSE,FALSE,FALSE,FALSE,TRUE,FALSE,FALSE,FALSE,FALSE,,,Construction happening right by this tree on 6/9,FALSE
57-ACSA-057,57-ACSA-057,7/25/2022,57,57,Acer,saccharinum,ACSA,,FALSE,FALSE,,20,SFR-D,SP,TRUE,TRUE,FALSE,FALSE,FALSE,TRUE,TRUE,FALSE,FALSE,FALSE,FALSE,FALSE,FALSE,FALSE,FALSE,FALSE,FALSE,,"sprouts at base, trunk decay",,FALSE
57-ACSA-058,57-ACSA-058,7/25/2022,57,58,Acer,saccharinum,ACSA,,FALSE,FALSE,,26.2,SFR-D,SP,TRUE,TRUE,FALSE,TRUE,FALSE,TRUE,TRUE,FALSE,FALSE,TRUE,TRUE,FALSE,FALSE,FALSE,FALSE,FALSE,FALSE,,"trunk decay, gardenscape at base",,FALSE
57-ACSA-059,57-ACSA-059,7/25/2022,57,59,Acer,saccharinum,ACSA,,FALSE,FALSE,,16,SFR-D,SP,TRUE,TRUE,FALSE,FALSE,FALSE,TRUE,TRUE,FALSE,FALSE,TRUE,FALSE,FALSE,FALSE,FALSE,FALSE,TRUE,FALSE,,,,FALSE
57-ACSA-060,57-ACSA-060,7/25/2022,57,60,Acer,saccharinum,ACSA,,FALSE,FALSE,,23.2,SFR-D,SP,TRUE,TRUE,FALSE,TRUE,FALSE,TRUE,TRUE,FALSE,FALSE,TRUE,TRUE,FALSE,FALSE,FALSE,FALSE,FALSE,FALSE,,,,FALSE
57-ACSA-061,57-ACSA-061,7/25/2022,57,61,Acer,saccharinum,ACSA,,FALSE,FALSE,,24.2,SFR-D,SP,TRUE,TRUE,FALSE,FALSE,FALSE,TRUE,TRUE,FALSE,FALSE,FALSE,FALSE,FALSE,TRUE,FALSE,FALSE,TRUE,FALSE,,,,FALSE
57-ACSA-062,57-ACSA-062,7/25/2022,57,62,Acer,saccharinum,ACSA,,FALSE,FALSE,,35.5,SFR-D,SP,TRUE,TRUE,FALSE,FALSE,FALSE,TRUE,TRUE,FALSE,FALSE,TRUE,FALSE,FALSE,FALSE,FALSE,FALSE,FALSE,FALSE,,trunk decay,,FALSE
57-ACSA-063,57-ACSA-063,7/25/2022,57,63,Acer,saccharinum,ACSA,,FALSE,FALSE,,22.8,SFR-D,SP,TRUE,TRUE,FALSE,TRUE,FALSE,TRUE,TRUE,FALSE,FALSE,TRUE,FALSE,FALSE,FALSE,FALSE,FALSE,FALSE,FALSE,,,,FALSE
57-ACSA-064,57-ACSA-064,7/25/2022,57,64,Acer,saccharinum,ACSA,,FALSE,FALSE,,24.2,SFR-D,SP,TRUE,TRUE,FALSE,FALSE,FALSE,TRUE,TRUE,FALSE,FALSE,TRUE,FALSE,FALSE,FALSE,FALSE,FALSE,FALSE,FALSE,,,gardenscape at base,FALSE
324-SYRE-001,324-SYRE-001,7/6/2022,324,1,Syringa,reticulata,SYRE,Showy white bushels of flowers,FALSE,FALSE,7-Mar,9.8,COMM,OM,TRUE,TRUE,FALSE,TRUE,FALSE,TRUE,FALSE,FALSE,FALSE,FALSE,FALSE,FALSE,FALSE,FALSE,FALSE,FALSE,FALSE,Gardenscape enclosed by metal fence,"gash at trunk, tag of some kind",,FALSE
324-QUBI-002,324-QUBI-002,7/6/2022,324,2,Quercus,bicolor,QUBI,,FALSE,FALSE,,2.9,MIX,SC,TRUE,TRUE,TRUE,FALSE,FALSE,FALSE,TRUE,FALSE,FALSE,FALSE,FALSE,FALSE,FALSE,FALSE,FALSE,FALSE,FALSE,,peeling bark,,FALSE
324-CASP-003,324-CASP-003,7/6/2022,324,3,Catalpa,speciosa,CASP,,FALSE,FALSE,,3.2,MIX,SC,TRUE,TRUE,TRUE,FALSE,FALSE,FALSE,TRUE,FALSE,FALSE,FALSE,FALSE,FALSE,FALSE,FALSE,FALSE,FALSE,FALSE,,,,FALSE
324-NYSI-004,324-NYSI-004,7/6/2022,324,4,Nyssa,silvatica,NYSI,,FALSE,FALSE,,1.7,MFR,OM,TRUE,TRUE,FALSE,TRUE,FALSE,TRUE,FALSE,TRUE,FALSE,FALSE,FALSE,FALSE,FALSE,FALSE,FALSE,FALSE,FALSE,gardenscape enclosed by stick and tape fence,,tiny disco ball on a branch??,FALSE
324-ULSP-005,324-ULSP-005,7/6/2022,324,5,Ulmus,spp.,ULSP,,FALSE,FALSE,,11.2,MFR,SC,TRUE,TRUE,FALSE,FALSE,FALSE,TRUE,FALSE,FALSE,FALSE,FALSE,FALSE,FALSE,TRUE,FALSE,FALSE,FALSE,FALSE,weed mat,,,FALSE
324-GYDI-006,324-GYDI-006,7/6/2022,324,6,Gymnocladus,dioicus,GYDI,,FALSE,FALSE,,3,MFR,OM,TRUE,TRUE,FALSE,TRUE,FALSE,FALSE,FALSE,FALSE,FALSE,FALSE,FALSE,FALSE,FALSE,FALSE,FALSE,FALSE,FALSE,gardenscape enclosed by wood fence,,,FALSE
324-GLTR-007,324-GLTR-007,7/6/2022,324,7,Gleditsia,triacanthos,GLTR,,FALSE,FALSE,,35.5,SFR-D,SP,TRUE,TRUE,FALSE,TRUE,FALSE,TRUE,FALSE,FALSE,FALSE,FALSE,FALSE,FALSE,FALSE,FALSE,FALSE,FALSE,FALSE,Gardenscape ,"other tree species sprouting at base, some decay",,FALSE
324-QUBI-008,324-QUBI-008,7/6/2022,324,8,Quercus,bicolor,QUBI,,FALSE,FALSE,1-Apr,3.1,MFR,SP,TRUE,TRUE,FALSE,FALSE,FALSE,FALSE,FALSE,FALSE,FALSE,FALSE,FALSE,FALSE,FALSE,FALSE,FALSE,FALSE,FALSE,enclosed with wooden planks,decay at base,,FALSE
324-ACPL-009,324-ACPL-009,7/6/2022,324,9,Acer,platanoides,ACPL,,FALSE,FALSE,,11.2,MFR,SP,TRUE,TRUE,FALSE,TRUE,FALSE,TRUE,FALSE,FALSE,FALSE,FALSE,FALSE,FALSE,FALSE,TRUE,FALSE,FALSE,FALSE,wooden fence at base ,decaying prune scar,,FALSE
324-ACXF-010,324-ACXF-010,7/6/2022,324,10,Acer,x freemanii,ACXF,,FALSE,FALSE,,9.3,MFR,SP,TRUE,TRUE,FALSE,TRUE,FALSE,TRUE,FALSE,FALSE,FALSE,FALSE,TRUE,FALSE,FALSE,FALSE,FALSE,FALSE,FALSE,"Mulch and gardenscape enclosed by very low barrier, pebbles on the border",,,FALSE
324-PRCE-011,324-PRCE-011,7/6/2022,324,11,Prunus,cerasifera,PRCE,,FALSE,TRUE,10-Mar,3.3,SFR-D,SP,TRUE,TRUE,FALSE,TRUE,FALSE,TRUE,FALSE,FALSE,FALSE,FALSE,TRUE,FALSE,FALSE,FALSE,FALSE,FALSE,FALSE,enclosed gardenscape ,,,FALSE
324-PYCA-012,324-PYCA-012,7/6/2022,324,12,Pyrus,calleryana,PYCA,,FALSE,FALSE,2-Mar,14,SFR-D,SP,TRUE,TRUE,FALSE,FALSE,FALSE,TRUE,FALSE,FALSE,FALSE,FALSE,TRUE,FALSE,TRUE,FALSE,FALSE,FALSE,FALSE,"enclosed gardenscape, pebbles ",root decay with sprouts,,FALSE
324-ACPL-013,324-ACPL-013,7/6/2022,324,13,Acer,platanoides,ACPL,,FALSE,FALSE,,2.3,MFR,SP,TRUE,TRUE,FALSE,TRUE,FALSE,TRUE,FALSE,TRUE,FALSE,FALSE,TRUE,FALSE,FALSE,FALSE,FALSE,FALSE,FALSE,"decorative metal fence around strip, weedmat",,,FALSE
324-AIAL-014,324-AIAL-014,7/6/2022,324,14,Ailanthus,altissima,AIAL,,FALSE,FALSE,,29.5,MFR,SP,TRUE,TRUE,FALSE,TRUE,FALSE,TRUE,FALSE,FALSE,FALSE,FALSE,FALSE,FALSE,TRUE,FALSE,FALSE,TRUE,FALSE,enclosed gardenscape,gashes in large branch and trunk,,FALSE
324-CASP-015,324-CASP-015,7/6/2022,324,15,Catalpa,speciosa,CASP,,FALSE,FALSE,,20.8,MFR,SP,TRUE,TRUE,FALSE,TRUE,FALSE,TRUE,FALSE,FALSE,FALSE,FALSE,FALSE,FALSE,FALSE,FALSE,FALSE,FALSE,FALSE,enclosed gardenscape,"leaking gash in trunk, branch damage",,FALSE
324-FRPE-016,324-FRPE-016,7/6/2022,324,16,Fraxinus,pennsylvanica,FRPE,,FALSE,FALSE,,11.6,SFR-D,SC,TRUE,TRUE,FALSE,TRUE,FALSE,TRUE,FALSE,FALSE,FALSE,FALSE,FALSE,FALSE,FALSE,FALSE,FALSE,TRUE,FALSE,next to two planter boxes of flowers,trunk damage,trunk sprouts,FALSE
324-CEOC-017,324-CEOC-017,7/6/2022,324,17,Celtis,occidentalis,CEOC,,FALSE,FALSE,,26.5,MFR,SC,TRUE,TRUE,TRUE,FALSE,FALSE,TRUE,FALSE,FALSE,FALSE,FALSE,FALSE,FALSE,TRUE,TRUE,FALSE,FALSE,FALSE,"weed mat, potting soil",trunk decay,,FALSE
324-AIAL-018,324-AIAL-018,7/6/2022,324,18,Ailanthus,altissima,AIAL,Bark is weirdly deeply furrowed but flowers are def A. Alitissima,FALSE,FALSE,,23.2,MFR,SC,TRUE,TRUE,FALSE,FALSE,FALSE,TRUE,FALSE,FALSE,FALSE,FALSE,FALSE,FALSE,FALSE,FALSE,FALSE,TRUE,FALSE,"2 small plastic strips and 2 small metal tubes (opposite each other) surrounding cutout, potting mix",,,FALSE
324-ACXF-019,324-ACXF-019,7/12/2022,324,19,Acer,x freemanii,ACXF,,FALSE,FALSE,,12.7,COMM,SP,TRUE,TRUE,TRUE,FALSE,FALSE,TRUE,TRUE,FALSE,FALSE,FALSE,FALSE,FALSE,FALSE,FALSE,FALSE,FALSE,FALSE,,,,FALSE
324-ACSA-020,324-ACSA-020,7/12/2022,324,20,Acer,saccharinum,ACSA,,FALSE,FALSE,,24.7,SFR-D,SP,TRUE,TRUE,TRUE,FALSE,FALSE,TRUE,FALSE,FALSE,FALSE,FALSE,FALSE,FALSE,TRUE,TRUE,FALSE,TRUE,FALSE,,,weeds all over strip (clearly neglected),FALSE
324-AEHI-021,324-AEHI-021,7/12/2022,324,21,Aesculus,unknown,AEUN,"Says horsechestnut on it, probs AE glabra or flava",TRUE,FALSE,"3'8""",1.9,SFR-D,SP,TRUE,TRUE,FALSE,TRUE,TRUE,TRUE,TRUE,TRUE,FALSE,FALSE,FALSE,FALSE,FALSE,FALSE,FALSE,FALSE,FALSE,short metal fence around SP strip,,,FALSE
324-FRPE-022,324-FRPE-022,7/12/2022,324,22,Fraxinus,pennsylvanica,FRPE,Flat leaf scar,FALSE,FALSE,,14.5,SFR-D,SP,TRUE,TRUE,TRUE,TRUE,FALSE,TRUE,FALSE,FALSE,FALSE,FALSE,FALSE,FALSE,FALSE,FALSE,FALSE,TRUE,FALSE,enclosed gardenscape,gash in trunk,,FALSE
324-AIAL-023,324-AIAL-023,7/12/2022,324,23,Ailanthus,altissima,AIAL,,FALSE,FALSE,,23.6,SFR-D,SP,TRUE,TRUE,TRUE,FALSE,FALSE,TRUE,FALSE,FALSE,FALSE,FALSE,FALSE,FALSE,FALSE,TRUE,FALSE,TRUE,FALSE,enclosed gardenscape,,vines up entire tree,FALSE
324-AIAL-024,324-AIAL-024,7/12/2022,324,24,Ailanthus,altissima,AIAL,,FALSE,FALSE,,25.3,SFR-D,SP,TRUE,TRUE,TRUE,FALSE,FALSE,TRUE,FALSE,FALSE,FALSE,FALSE,FALSE,FALSE,FALSE,FALSE,FALSE,TRUE,FALSE,enclosed gardenscape,,,FALSE
324-ACPL-025,324-ACPL-025,7/12/2022,324,25,Acer,platanoides,ACPL,,FALSE,FALSE,,20.3,SFR-D,SP,TRUE,TRUE,TRUE,FALSE,FALSE,TRUE,FALSE,FALSE,FALSE,FALSE,FALSE,FALSE,FALSE,FALSE,FALSE,FALSE,FALSE,exposed gardenscape,,,FALSE
324-ACPA-026,324-ACPA-026,7/12/2022,324,26,Acer,palmatum,ACPA,,FALSE,FALSE,11-Feb,1.8,SFR-D,PB,TRUE,TRUE,FALSE,TRUE,FALSE,TRUE,FALSE,FALSE,FALSE,FALSE,TRUE,FALSE,FALSE,FALSE,FALSE,FALSE,FALSE,gardenscape in planting box,,,FALSE
324-MASP-027,324-MASP-027,7/12/2022,324,27,Malus,spp.,MASP,,FALSE,FALSE,,4.7,SFR-D,PB,TRUE,TRUE,TRUE,TRUE,FALSE,TRUE,FALSE,FALSE,FALSE,FALSE,FALSE,FALSE,FALSE,FALSE,FALSE,FALSE,FALSE,gardenscaping in pb,,,FALSE
324-SYRE-028,324-SYRE-028,7/12/2022,324,28,Syringa,reticulata,SYRE,,FALSE,FALSE,4,2.6,SFR-D,SP,TRUE,TRUE,TRUE,FALSE,FALSE,TRUE,TRUE,TRUE,FALSE,FALSE,FALSE,FALSE,FALSE,FALSE,FALSE,FALSE,FALSE,,,,FALSE
324-FRUN-029,324-FRUN-029,7/12/2022,324,29,Fraxinus,unknown,FRUN,Leaf scar like green but leaves look very rounded,FALSE,FALSE,,16.9,SFR-D,SP,TRUE,TRUE,TRUE,FALSE,FALSE,TRUE,TRUE,FALSE,FALSE,FALSE,FALSE,FALSE,FALSE,FALSE,FALSE,FALSE,FALSE,,trunk decay,,FALSE
324-ACSA-030,324-ACSA-030,7/6/2022,324,30,Acer,saccharinum,ACSA,,FALSE,FALSE,,31.1,SFR-D,SP,TRUE,TRUE,TRUE,FALSE,FALSE,TRUE,FALSE,FALSE,FALSE,FALSE,FALSE,TRUE,TRUE,FALSE,FALSE,TRUE,FALSE,"metal fence around strip, gardenscape",leaking trunk,,FALSE
324-POTR-031,324-POTR-031,7/6/2022,324,31,Populus,tremuloides,POTR,flattened petioles,FALSE,FALSE,,2,SFR-D,SP,TRUE,TRUE,TRUE,TRUE,FALSE,TRUE,TRUE,TRUE,FALSE,FALSE,TRUE,FALSE,FALSE,FALSE,FALSE,FALSE,FALSE,metal fence around strip,,,FALSE
324-ACSA-033,324-ACSA-033,7/6/2022,324,33,Acer,saccharinum,ACSA,,FALSE,FALSE,,31.1,MFR,SP,TRUE,TRUE,TRUE,FALSE,FALSE,TRUE,TRUE,FALSE,FALSE,FALSE,FALSE,TRUE,TRUE,FALSE,FALSE,TRUE,TRUE,,,,FALSE
324-ULAM-034,324-ULSP-034,7/6/2022,324,34,Ulmus,americana,ULAM,Valley forge american elm (on tree tag),FALSE,FALSE,,1.8,MFR,SP,TRUE,TRUE,TRUE,TRUE,FALSE,TRUE,TRUE,TRUE,FALSE,FALSE,FALSE,FALSE,FALSE,FALSE,FALSE,FALSE,FALSE,,,,FALSE
324-ULAM-035,324-ULAM-035,7/6/2022,324,35,Ulmus,americana,ULAM,Valley forge american elm (on tree tag),FALSE,FALSE,,2,MFR,SP,TRUE,TRUE,TRUE,TRUE,FALSE,TRUE,TRUE,TRUE,FALSE,FALSE,FALSE,FALSE,FALSE,FALSE,FALSE,FALSE,FALSE,,,,FALSE
324-AIAL-036,324-AIAL-036,7/12/2022,324,36,Ailanthus,altissima,AIAL,,FALSE,FALSE,,28.2,SFR-D,SP,TRUE,TRUE,TRUE,FALSE,FALSE,TRUE,FALSE,FALSE,FALSE,FALSE,FALSE,FALSE,TRUE,FALSE,TRUE,TRUE,FALSE,weed mat,,overlain with gravel,FALSE
324-ROPS-037,324-ROPS-037,7/12/2022,324,37,Robinia,pseudoacacia,ROPS,,FALSE,FALSE,,27.5,SFR-D,SP,TRUE,TRUE,TRUE,FALSE,FALSE,TRUE,FALSE,FALSE,FALSE,FALSE,FALSE,FALSE,FALSE,FALSE,FALSE,TRUE,FALSE,weed mat,"gash in trunk, lots of sprouts at base",overlain with gravel,FALSE
324-ACPA-038,324-ACPA-038,7/12/2022,324,38,Acer,palmatum,ACPA,,FALSE,FALSE,5-Mar,3.4,SFR-D,SP,TRUE,TRUE,TRUE,FALSE,FALSE,FALSE,FALSE,FALSE,FALSE,FALSE,FALSE,FALSE,FALSE,FALSE,FALSE,FALSE,FALSE,,sprouts at base,"fence around planting strip, fake grass, stones at base",FALSE
324-TIAM-039,324-TIAM-039,7/12/2022,324,39,Tilia,americana,TIAM,,FALSE,FALSE,,17.5,SFR-D,SP,TRUE,TRUE,TRUE,FALSE,FALSE,TRUE,FALSE,FALSE,FALSE,FALSE,FALSE,FALSE,FALSE,TRUE,FALSE,FALSE,FALSE,,trunk damage,"low brick fence around planting strip, attempt at gardenscape",FALSE
324-ACPL-040,324-ACPL-040,7/12/2022,324,40,Acer,platanoides,ACPL,,FALSE,FALSE,,3.2,SFR-D,SC,TRUE,TRUE,FALSE,TRUE,FALSE,TRUE,FALSE,FALSE,FALSE,FALSE,TRUE,FALSE,FALSE,FALSE,FALSE,FALSE,FALSE,very friendly sign asking for no dog pee,,small gardenscape,FALSE
324-AIAL-041,324-AIAL-041,7/12/2022,324,41,Ailanthus,altissima,AIAL,,FALSE,FALSE,,20.7,SFR-D,SP,TRUE,TRUE,FALSE,FALSE,FALSE,TRUE,FALSE,FALSE,FALSE,FALSE,FALSE,FALSE,TRUE,FALSE,FALSE,FALSE,FALSE,,"really bad decay at base, lots of sprouts",,FALSE
324-FRPE-042,324-FRPE-042,7/12/2022,324,42,Fraxinus,pennsylvanica,FRPE,,FALSE,FALSE,,14.3,MFR,SP,TRUE,TRUE,FALSE,FALSE,FALSE,TRUE,FALSE,FALSE,FALSE,FALSE,FALSE,FALSE,TRUE,TRUE,FALSE,FALSE,FALSE,,decay at base,,FALSE
324-QUMA-043,324-QUMA-043,7/12/2022,324,43,Quercus,macrocarpa,QUMA,,FALSE,FALSE,2’8”,12.5,MFR,SP,TRUE,TRUE,FALSE,FALSE,FALSE,TRUE,FALSE,FALSE,FALSE,FALSE,FALSE,FALSE,FALSE,FALSE,FALSE,FALSE,FALSE,,,"fence around sidewalk planting strip, stones",FALSE
324-GLTR-044,324-GLTR-044,7/12/2022,324,44,Gleditsia,triacanthos,GLTR,,FALSE,FALSE,,21.5,MFR,SP,TRUE,TRUE,FALSE,FALSE,FALSE,TRUE,FALSE,FALSE,FALSE,FALSE,FALSE,FALSE,TRUE,FALSE,FALSE,TRUE,FALSE,,trunk gash,"fence around planting strip, stones",FALSE
324-GYDI-045,324-GYDI-045,7/12/2022 change id on hthc,324,45,Gymnocladus,dioicus,GYDI,,FALSE,FALSE,4,19.6,SFR-D,SP,TRUE,TRUE,FALSE,TRUE,FALSE,TRUE,FALSE,FALSE,FALSE,FALSE,FALSE,FALSE,FALSE,FALSE,FALSE,FALSE,FALSE,,,"fence around planting strip, stones",FALSE
324-UN-046,324-UN-046,7/12/2022,324,46,,unknown,UN,Bark like Ulmus parvifolia but leaves like some kind of Crataegus spp and has berries,FALSE,FALSE,,6.2,SFR-D,SP,TRUE,TRUE,FALSE,TRUE,FALSE,TRUE,FALSE,FALSE,FALSE,FALSE,FALSE,FALSE,FALSE,FALSE,FALSE,FALSE,FALSE,,,"fence around planting strip, stones, small shrubs and mulch",FALSE
324-AIAL-047,324-AIAL-047,7/12/2022,324,47,Ailanthus,altissima,AIAL,,FALSE,FALSE,,35.4,SFR-D,SC,TRUE,TRUE,FALSE,FALSE,FALSE,TRUE,FALSE,FALSE,FALSE,FALSE,TRUE,TRUE,FALSE,FALSE,FALSE,TRUE,TRUE,short plastic barrier around base,trunk gash/ decay,,FALSE
324-ACSA-048,324-ACSA-048,7/12/2022,324,48,Acer,saccharinum,ACSA,,FALSE,FALSE,,26.4,MFR,SC,TRUE,TRUE,FALSE,FALSE,FALSE,TRUE,FALSE,FALSE,FALSE,FALSE,FALSE,FALSE,TRUE,TRUE,FALSE,TRUE,FALSE,plastic barrier strip along sidewalk cutout,,weeds at base,FALSE
324-ACSA-049,324-ACSA-049,7/12/2022,324,49,Acer,saccharinum,ACSA,,FALSE,FALSE,,27.2,MFR,SP,TRUE,TRUE,FALSE,FALSE,FALSE,TRUE,FALSE,FALSE,FALSE,FALSE,FALSE,FALSE,TRUE,TRUE,FALSE,FALSE,FALSE,,,log fence,FALSE
324-GLTR-050,324-GLTR-050,7/12/2022,324,50,Gleditsia,triacanthos,GLTR,,FALSE,FALSE,,23,SFR-D,SP,TRUE,TRUE,FALSE,FALSE,FALSE,TRUE,FALSE,FALSE,FALSE,FALSE,FALSE,FALSE,FALSE,FALSE,FALSE,FALSE,FALSE,,"tons of sprouts, weeds and other tree sprouts all around the base. Vines along trunk",,FALSE
324-FRPE-051,324-FRPE-051,7/12/2022,324,51,Fraxinus,pennsylvanica,FRPE,Flat leaf scars,FALSE,FALSE,,3.1,SFR-D,SP,TRUE,TRUE,FALSE,FALSE,FALSE,TRUE,FALSE,FALSE,FALSE,FALSE,FALSE,FALSE,FALSE,FALSE,FALSE,FALSE,FALSE,,,,FALSE
324-FRPE-052,324-FRPE-052,7/12/2022,324,52,Fraxinus,pennsylvanica,FRPE,,FALSE,FALSE,,1.3,SFR-D,SP,TRUE,TRUE,FALSE,FALSE,FALSE,FALSE,FALSE,FALSE,FALSE,FALSE,FALSE,FALSE,FALSE,FALSE,FALSE,FALSE,FALSE,,,,FALSE
324-PRSE-053,324-PRSE-053,7/12/2022,324,53,Prunus,serrulata,PRSE,,FALSE,FALSE,,1.7,SFR-D,SP,TRUE,TRUE,FALSE,FALSE,FALSE,FALSE,FALSE,FALSE,FALSE,FALSE,FALSE,FALSE,FALSE,FALSE,FALSE,FALSE,FALSE,,,"low wooden fence, some branches weirdly sprouting upwards instead of the usual downward direction of this species",FALSE
324-CEOC-054,324-CEOC-054,7/12/2022,324,54,Celtis,occidentalis,CEOC,,FALSE,FALSE,,13,SFR-D,SP,TRUE,TRUE,FALSE,FALSE,FALSE,TRUE,FALSE,FALSE,FALSE,FALSE,FALSE,FALSE,TRUE,FALSE,FALSE,FALSE,FALSE,,"many broken, exposed roots",overgrown weeds,FALSE
324-GLTR-055,324-GLTR-055,7/12/2022,324,55,Gleditsia,triacanthos,GLTR,,FALSE,FALSE,,12.9,SFR-D,SP,TRUE,TRUE,FALSE,FALSE,FALSE,TRUE,FALSE,FALSE,FALSE,FALSE,FALSE,FALSE,FALSE,FALSE,FALSE,FALSE,FALSE,,,rocky soil,FALSE
324-GLTR-056,324-GLTR-056,7/12/2022,324,56,Gleditsia,triacanthos,GLTR,,FALSE,FALSE,,26.3,SFR-D,SP,TRUE,TRUE,FALSE,TRUE,FALSE,TRUE,FALSE,FALSE,FALSE,FALSE,FALSE,TRUE,FALSE,FALSE,FALSE,FALSE,FALSE,decorative metal fence around strip,,gardenscape ish,FALSE
324-FRAM-057,324-FRAM-057,7/12/2022,324,57,Fraxinus,americana,FRAM,"More moon like leaf scar and rounder, entire leaflets",FALSE,FALSE,,26.7,SFR-D,SP,TRUE,TRUE,FALSE,FALSE,FALSE,TRUE,TRUE,FALSE,FALSE,FALSE,FALSE,FALSE,FALSE,FALSE,FALSE,FALSE,FALSE,decorative metal fence,,,FALSE
324-ACXF-058,324-ACXF-058,7/12/2022,324,58,Acer,x freemanii,ACXF,,FALSE,TRUE,0.9,1.05,SFR-D,SP,TRUE,TRUE,FALSE,FALSE,FALSE,TRUE,FALSE,FALSE,FALSE,FALSE,FALSE,FALSE,FALSE,FALSE,FALSE,FALSE,FALSE,decorative metal fence,gash in trunk,gardenscape,FALSE
324-GLTR-059,324-GLTR-059,7/12/2022,324,59,Gleditsia,triacanthos,GLTR,,FALSE,FALSE,,23,SFR-D,SP,TRUE,TRUE,TRUE,FALSE,FALSE,TRUE,FALSE,FALSE,FALSE,FALSE,FALSE,FALSE,FALSE,FALSE,FALSE,FALSE,FALSE,"stone slab fence, weed mat",charred looking bark,"stones,enclosed gardenscape",FALSE
324-ACSA-060,324-ACSA-060,7/12/2022,324,60,Acer,saccharinum,ACSA,,FALSE,FALSE,,27.2,MFR,SP,TRUE,TRUE,FALSE,FALSE,FALSE,TRUE,FALSE,FALSE,FALSE,FALSE,FALSE,TRUE,TRUE,FALSE,FALSE,TRUE,FALSE,,,,FALSE
324-ACSA-061,324-ACSA-061,7/12/2022,324,61,Acer,saccharinum,ACSA,,FALSE,FALSE,,14.5,MFR,SC,TRUE,TRUE,FALSE,FALSE,FALSE,TRUE,FALSE,FALSE,FALSE,FALSE,FALSE,FALSE,FALSE,FALSE,FALSE,FALSE,FALSE,,,"enclosed by stone slabs in raised bed, vines all over base",FALSE
324-FRPE-062,324-FRPE-062,7/12/2022,324,62,Fraxinus,pennsylvanica,FRPE,,FALSE,FALSE,,18.7,MFR,SP,TRUE,TRUE,FALSE,FALSE,FALSE,TRUE,TRUE,FALSE,FALSE,FALSE,FALSE,FALSE,TRUE,FALSE,FALSE,FALSE,FALSE,,,,FALSE
324-FRPE-063,324-FRPE-063,7/18/2022,324,63,Fraxinus,pennsylvanica,FRPE,,FALSE,FALSE,,6.2,SFR-D,SP,TRUE,TRUE,FALSE,FALSE,FALSE,TRUE,FALSE,FALSE,FALSE,FALSE,FALSE,FALSE,FALSE,FALSE,FALSE,FALSE,FALSE,weed mat,,,FALSE
324-ULUN-064,324-ULUN-064,7/18/2022,324,64,Ulmus,unknown,ULUN,,TRUE,FALSE,7-Feb,38.4,SFR-D,SP,TRUE,TRUE,FALSE,FALSE,FALSE,TRUE,FALSE,FALSE,FALSE,FALSE,FALSE,FALSE,FALSE,TRUE,FALSE,TRUE,FALSE,,leaking trunk,trunk sprouts,FALSE
324-DIVI-065,324-DIVI-065,7/18/2022,324,65,Diospyros,virginiana,DIVI,,FALSE,FALSE,,8.6,SFR-D,SP,TRUE,TRUE,FALSE,FALSE,FALSE,TRUE,FALSE,FALSE,FALSE,FALSE,FALSE,FALSE,FALSE,TRUE,FALSE,FALSE,FALSE,looks fertilized ,,,FALSE
324-PIPU-066,324-PIPU-066,7/18/2022,324,66,Picea,pungens,PIPU,,TRUE,FALSE,,6.5,MFR,SP,TRUE,TRUE,FALSE,FALSE,FALSE,TRUE,FALSE,FALSE,FALSE,FALSE,FALSE,FALSE,FALSE,FALSE,FALSE,TRUE,FALSE,,,,FALSE
324-GLTR-067,324-GLTR-067,7/18/2022,324,67,Gleditsia,triacanthos,GLTR,,FALSE,FALSE,,21.1,SFR-D,SP,TRUE,TRUE,FALSE,TRUE,FALSE,TRUE,FALSE,FALSE,FALSE,FALSE,FALSE,FALSE,FALSE,FALSE,FALSE,TRUE,FALSE,enclosed gardenscape,,,FALSE
324-PODE-068,324-PODE-068,7/18/2022,324,68,Populus,deltoides,PODE,,FALSE,FALSE,4,4.6,SFR-D,SP,TRUE,TRUE,FALSE,TRUE,FALSE,TRUE,FALSE,FALSE,FALSE,TRUE,TRUE,FALSE,FALSE,FALSE,FALSE,FALSE,FALSE,gardenscape,"trunk damage, looks stripped ",,FALSE
324-FRPE-069,324-FRPE-069,7/18/2022,324,69,Fraxinus,pennsylvanica,FRPE,,FALSE,FALSE,,16.3,SFR-D,SP,TRUE,TRUE,FALSE,FALSE,FALSE,TRUE,FALSE,FALSE,FALSE,FALSE,TRUE,FALSE,FALSE,FALSE,FALSE,FALSE,FALSE,weed mat,trunk decay,planting strip covered in coarse pebbles and cement slabs,FALSE
324-GIBI-070,324-GIBI-070,7/18/2022,324,70,Ginkgo,biloba,GIBI,,FALSE,FALSE,,1.8,SFR-D,SP,TRUE,TRUE,FALSE,TRUE,FALSE,TRUE,FALSE,FALSE,FALSE,FALSE,FALSE,FALSE,FALSE,FALSE,FALSE,FALSE,FALSE,enclosed gardenscape ,,trunk sprouts ,FALSE
324-AIAL-071,324-AIAL-071,7/18/2022,324,71,Ailanthus,altissima,AIAL,,FALSE,FALSE,,27,SFR-D,SC,TRUE,TRUE,TRUE,TRUE,FALSE,TRUE,FALSE,FALSE,FALSE,TRUE,TRUE,FALSE,FALSE,FALSE,FALSE,TRUE,FALSE,,,,FALSE
324-ACSA-072,324-ACSA-072,7/18/2022,324,72,Acer,saccharinum,ACSA,,FALSE,FALSE,,13.8,SFR-D,SC,TRUE,TRUE,TRUE,TRUE,FALSE,TRUE,FALSE,FALSE,FALSE,TRUE,FALSE,FALSE,FALSE,TRUE,FALSE,TRUE,FALSE,,"exposed heartwood, holes from termites?",trunk sprouts ,FALSE
324-ACSA-073,324-ACSA-073,7/18/2022,324,73,Acer,saccharinum,ACSA,,FALSE,FALSE,,25.6,SFR-D,SC,TRUE,TRUE,TRUE,TRUE,FALSE,TRUE,FALSE,FALSE,FALSE,TRUE,FALSE,FALSE,FALSE,FALSE,FALSE,TRUE,FALSE,,,branch growing into adjacent maple,FALSE
324-FRPE-074,324-FRPE-074,7/18/2022,324,74,Fraxinus,pennsylvanica,FRPE,,FALSE,FALSE,,9.9,MFR,SC,TRUE,TRUE,TRUE,FALSE,FALSE,TRUE,FALSE,FALSE,FALSE,FALSE,FALSE,TRUE,FALSE,FALSE,FALSE,TRUE,FALSE,,trunk decay,angular red rocks in cutout,FALSE
324-FRPE-075,324-FRPE-075,7/18/2022,324,75,Fraxinus,pennsylvanica,FRPE,,FALSE,FALSE,,6.9,MFR,SC,TRUE,TRUE,TRUE,FALSE,FALSE,TRUE,FALSE,FALSE,FALSE,FALSE,TRUE,FALSE,FALSE,FALSE,FALSE,FALSE,FALSE,,,angular red rocks in cutout,FALSE
324-FRUN-076,324-FRUN-076,7/18/2022,324,76,Fraxinus,unknown,FRUN,"Looks more like white to me, small teeth on edges of leaves",TRUE,FALSE,,22.5,MFR,SC,TRUE,TRUE,TRUE,TRUE,FALSE,TRUE,FALSE,FALSE,FALSE,FALSE,FALSE,FALSE,FALSE,TRUE,FALSE,FALSE,FALSE,short wooden barrier around cutout,trunk damage,,FALSE
324-ACXF-077,324-ACXF-077,7/18/2022,324,77,Acer,x freemanii,ACXF,,FALSE,FALSE,,4.6,MFR,SP,TRUE,TRUE,TRUE,TRUE,FALSE,TRUE,FALSE,FALSE,FALSE,FALSE,FALSE,FALSE,FALSE,FALSE,FALSE,FALSE,FALSE,short wooden fence around strip,trunk peeling at base,,FALSE
324-PRSE-078,324-PRSE-078,7/18/2022,324,78,Prunus,serrulata,PRSE,,FALSE,FALSE,,2.7,SFR-D,SP,TRUE,TRUE,FALSE,TRUE,FALSE,TRUE,FALSE,FALSE,FALSE,FALSE,FALSE,FALSE,FALSE,FALSE,FALSE,FALSE,FALSE,raised gardenscape,,,FALSE
324-AIAL-079,324-AIAL-079,7/18/2022,324,79,Ailanthus,altissima,AIAL,,FALSE,FALSE,,22.9,SFR-D,SP,TRUE,TRUE,TRUE,FALSE,FALSE,TRUE,FALSE,FALSE,FALSE,FALSE,FALSE,FALSE,TRUE,TRUE,FALSE,TRUE,TRUE,,trunk decay,,FALSE
324-ACXF-080,324-ACXF-080,7/18/2022,324,80,Acer,x freemanii,ACXF,,FALSE,FALSE,,5,SFR-D,SP,TRUE,TRUE,TRUE,TRUE,FALSE,TRUE,FALSE,FALSE,FALSE,FALSE,FALSE,FALSE,FALSE,FALSE,FALSE,TRUE,FALSE,,,,FALSE
324-ACSA-081,324-ACSA-081,7/18/2022,324,81,Acer,saccharinum,ACSA,,FALSE,FALSE,,18.6,MFR,SP,TRUE,TRUE,FALSE,FALSE,FALSE,TRUE,FALSE,FALSE,FALSE,FALSE,TRUE,FALSE,FALSE,FALSE,FALSE,FALSE,FALSE,,,"basal sprouts, couldn't get close because of construction",FALSE
324-FRPE-082,324-FRPE-082,7/18/2022,324,82,Fraxinus,pennsylvanica,FRPE,All basal sprout from a stump,FALSE,TRUE,,10.2,MFR,SP,TRUE,TRUE,FALSE,FALSE,FALSE,TRUE,FALSE,FALSE,FALSE,FALSE,TRUE,FALSE,FALSE,FALSE,FALSE,FALSE,FALSE,,,couldn't get close bc of construction,FALSE
324-FRPE-083,324-FRPE-083,7/18/2022,324,83,Fraxinus,pennsylvanica,FRPE,Treated by Bartlett trees with Mectanite in 2021,FALSE,FALSE,,18.5,MFR,SP,TRUE,TRUE,FALSE,TRUE,FALSE,TRUE,FALSE,FALSE,FALSE,FALSE,FALSE,FALSE,FALSE,FALSE,FALSE,FALSE,FALSE,gardenscape,,,FALSE
324-GYDI-084,324-GYDI-084,7/18/2022,324,84,Gymnocladus,dioicus,GYDI,,FALSE,FALSE,,12.8,MFR,SP,TRUE,TRUE,FALSE,TRUE,FALSE,TRUE,FALSE,FALSE,FALSE,FALSE,FALSE,FALSE,TRUE,FALSE,FALSE,FALSE,FALSE,gardenscape,leaking trunk,,FALSE
324-MOAL-085,324-MOAL-085,7/18/2022,324,85,Morus,alba,MOAL,,FALSE,FALSE,,27.9,SFR-D,SP,TRUE,TRUE,FALSE,FALSE,FALSE,TRUE,FALSE,FALSE,FALSE,FALSE,FALSE,FALSE,FALSE,FALSE,FALSE,TRUE,FALSE,large decorative rocks in strip,trunk leaking,weeds covering strip,FALSE
324-ACGR-086,324-ACGR-086,7/18/2022,324,86,Acer,griseum,ACGR,,FALSE,FALSE,,5,SFR-D,SP,TRUE,TRUE,FALSE,FALSE,FALSE,TRUE,FALSE,FALSE,FALSE,FALSE,FALSE,FALSE,FALSE,FALSE,FALSE,FALSE,FALSE,enclosed gardenscape,,,FALSE
324-CRCR-087,324-CRCR-087,7/18/2022,324,87,Crataegus,crus-galli,CRCR,,FALSE,FALSE,9-Mar,5.1,SFR-D,SP,TRUE,TRUE,FALSE,FALSE,FALSE,TRUE,TRUE,FALSE,FALSE,FALSE,TRUE,FALSE,FALSE,FALSE,FALSE,FALSE,FALSE,,,strip covered in weeds,FALSE
324-ACSA-088,324-ACSA-088,7/18/2022,324,88,Acer,saccharinum,ACSA,,FALSE,FALSE,,15.3,SFR-D,SP,TRUE,TRUE,FALSE,FALSE,FALSE,TRUE,FALSE,FALSE,FALSE,FALSE,FALSE,FALSE,TRUE,FALSE,FALSE,FALSE,FALSE,,trunk decay,,FALSE
324-AIAL-089,324-AIAL-089,7/18/2022,324,89,Ailanthus,altissima,AIAL,,FALSE,FALSE,,22.7,SFR-D,SP,TRUE,TRUE,FALSE,FALSE,FALSE,TRUE,FALSE,FALSE,FALSE,FALSE,FALSE,FALSE,FALSE,TRUE,FALSE,TRUE,FALSE,,,,FALSE
324-ACSA-090,324-ACSA-090,7/18/2022,324,90,Acer,saccharinum,ACSA,,FALSE,FALSE,,26.4,SFR-D,SC,TRUE,TRUE,FALSE,FALSE,FALSE,TRUE,FALSE,FALSE,FALSE,FALSE,FALSE,FALSE,TRUE,FALSE,FALSE,TRUE,FALSE,,,basal sprouts,FALSE
324-TICO-091,324-TICO-091,7/18/2022,324,91,Tilia,cordata,TICO,,FALSE,FALSE,,19.4,SFR-D,SP,TRUE,TRUE,FALSE,FALSE,FALSE,TRUE,FALSE,FALSE,FALSE,FALSE,TRUE,FALSE,TRUE,TRUE,FALSE,TRUE,FALSE,,roots very exposed,stones on one side of strip,FALSE
324-FRPE-092,324-FRPE-092,7/18/2022,324,92,Fraxinus,pennsylvanica,FRPE,,FALSE,FALSE,,18.5,MFR,SP,TRUE,TRUE,FALSE,FALSE,FALSE,TRUE,FALSE,FALSE,FALSE,FALSE,FALSE,FALSE,TRUE,TRUE,FALSE,FALSE,FALSE,,,"short plastic barrier on one side of strip, rocky soil",FALSE
324-GLTR-093,324-GLTR-093,7/18/2022,324,93,Gleditsia,triacanthos,GLTR,,FALSE,FALSE,,21.7,SFR-D,SP,TRUE,TRUE,FALSE,FALSE,FALSE,TRUE,FALSE,FALSE,FALSE,FALSE,FALSE,FALSE,FALSE,FALSE,FALSE,TRUE,FALSE,weed mat,trunk damage,area around base covered with small pebbles,FALSE
324-ACXF-094,324-ACXF-094,7/18/2022,324,94,Acer,x freemanii,ACXF,,FALSE,FALSE,,4.8,SFR-D,SP,TRUE,TRUE,FALSE,TRUE,FALSE,TRUE,FALSE,FALSE,FALSE,FALSE,FALSE,FALSE,FALSE,FALSE,FALSE,FALSE,FALSE,,trunk damage,short metal barrier on one side,FALSE
324-AIAL-095,324-AIAL-095,7/18/2022,324,95,Ailanthus,altissima,AIAL,,FALSE,FALSE,,19.7,SFR-A,SP,TRUE,TRUE,FALSE,TRUE,FALSE,TRUE,FALSE,FALSE,FALSE,FALSE,FALSE,FALSE,FALSE,FALSE,FALSE,TRUE,FALSE,,trunk damage,"attempted gardenscape? short metal barrier on one side, vine on trunk",FALSE
324-CASP-096,324-CASP-096,7/18/2022,324,96,Catalpa,speciosa,CASP,,FALSE,FALSE,,8.3,COMM,SC,TRUE,TRUE,FALSE,FALSE,FALSE,FALSE,FALSE,FALSE,FALSE,FALSE,FALSE,FALSE,FALSE,FALSE,FALSE,FALSE,FALSE,,,,FALSE
281-GLTR-001,281-GLTR-001,7/19/2022,281,1,Gleditsia,triacanthos,GLTR,,FALSE,FALSE,,2.5,IND,SC,TRUE,TRUE,TRUE,TRUE,FALSE,FALSE,FALSE,FALSE,FALSE,FALSE,FALSE,FALSE,FALSE,FALSE,FALSE,FALSE,FALSE,Evidence of old weed mat,Evidence of previously broken branches ,Tree tag from Greenstreets program,FALSE
281-GLTR-002,281-GLTR-002,7/19/2022,281,2,Gleditsia,triacanthos,GLTR,,FALSE,FALSE,,2.1,IND,SC,TRUE,TRUE,TRUE,TRUE,FALSE,FALSE,FALSE,FALSE,FALSE,FALSE,FALSE,FALSE,FALSE,FALSE,FALSE,TRUE,TRUE,,Physical damage to trunk,Tree tag from Greenstreets program,FALSE
281-GLTR-003,281-GLTR-003,7/19/2022,281,3,Gleditsia,triacanthos,GLTR,,FALSE,FALSE,,2.4,IND,SC,TRUE,TRUE,TRUE,TRUE,FALSE,TRUE,FALSE,FALSE,FALSE,FALSE,FALSE,FALSE,FALSE,FALSE,FALSE,TRUE,TRUE,,"Evidence of previously broken branch, physical damage to trunk",Tree tag from Greenstreets program,FALSE
281-GLTR-004,281-GLTR-004,7/19/2022,281,4,Gleditsia,triacanthos,GLTR,,FALSE,FALSE,,2.2,IND,SC,TRUE,TRUE,TRUE,TRUE,FALSE,TRUE,FALSE,FALSE,FALSE,FALSE,FALSE,FALSE,FALSE,FALSE,FALSE,TRUE,FALSE,,"Evidence of previously broken branch, physical damage to trunk",Tree tag from Greenstreets program,FALSE
281-GLTR-005,281-GLTR-005,7/19/2022,281,5,Gleditsia,triacanthos,GLTR,,FALSE,FALSE,,1.9,IND,SC,TRUE,TRUE,TRUE,TRUE,FALSE,TRUE,FALSE,FALSE,FALSE,FALSE,FALSE,FALSE,FALSE,FALSE,FALSE,FALSE,FALSE,,"Evidence of previously broken branch, physical damage to trunk",Tree tag from Greenstreets program,FALSE
281-GLTR-006,281-GLTR-006,7/19/2022,281,6,Gleditsia,triacanthos,GLTR,,FALSE,FALSE,,2.3,IND,SC,TRUE,TRUE,TRUE,TRUE,FALSE,TRUE,FALSE,FALSE,FALSE,FALSE,FALSE,FALSE,FALSE,FALSE,FALSE,FALSE,FALSE,,"Evidence of branch twisted off, basal sprouts",Tree tag from Greenstreets program,FALSE
281-ULUN-007,281-ULUN-007,7/19/2022,281,7,Ulmus,unknown,ULUN,Coarse leaves like slippery elm,FALSE,FALSE,,8.2,IND,SC,TRUE,TRUE,TRUE,FALSE,FALSE,TRUE,FALSE,FALSE,FALSE,FALSE,FALSE,FALSE,FALSE,FALSE,FALSE,TRUE,FALSE,,,,FALSE
281-ULUN-008,281-ULUN-008,7/19/2022,281,8,Ulmus,unknown,ULUN,Same as prev,FALSE,FALSE,,8.3,IND,SC,TRUE,TRUE,TRUE,FALSE,FALSE,TRUE,FALSE,FALSE,FALSE,FALSE,FALSE,FALSE,FALSE,FALSE,FALSE,FALSE,FALSE,,,,FALSE
281-GLTR-009,281-GLTR-009,7/19/2022,281,9,Gleditsia,triacanthos,GLTR,,FALSE,FALSE,,2.7,COMM,SC,TRUE,TRUE,FALSE,TRUE,FALSE,TRUE,FALSE,FALSE,FALSE,FALSE,FALSE,FALSE,FALSE,FALSE,FALSE,FALSE,FALSE,,,,FALSE
281-TIAM-010,281-TIAM-010,7/19/2022,281,10,Tilia,americana,TIAM,"ID from bark mostly, leaves are discolored and odd",FALSE,FALSE,,2.6,COMM,SC,TRUE,TRUE,FALSE,TRUE,FALSE,TRUE,FALSE,FALSE,FALSE,FALSE,FALSE,FALSE,FALSE,FALSE,TRUE,FALSE,FALSE,,"Fungal conchs on trunk near base, evidence of prev broken branches",,FALSE
281-GLTR-011,281-GLTR-011,7/19/2022,281,11,Gleditsia,triacanthos,GLTR,,FALSE,FALSE,,3,COMM,SC,TRUE,TRUE,FALSE,TRUE,FALSE,TRUE,FALSE,FALSE,FALSE,FALSE,FALSE,FALSE,FALSE,FALSE,FALSE,FALSE,FALSE,,Evidence of previously broken branches ,,FALSE
281-TIAM-012,281-TIAM-012,7/19/2022,281,12,Tilia,americana,TIAM,,FALSE,FALSE,,2.4,COMM,SC,TRUE,TRUE,FALSE,TRUE,FALSE,TRUE,FALSE,FALSE,FALSE,FALSE,FALSE,FALSE,FALSE,FALSE,FALSE,FALSE,FALSE,,,,FALSE
281-GIBI-013,281-GIBI-013,7/19/2022,281,13,Ginkgo,biloba,GIBI,,FALSE,FALSE,,1.7,COMM,SC,TRUE,TRUE,FALSE,TRUE,FALSE,TRUE,FALSE,FALSE,FALSE,FALSE,FALSE,FALSE,FALSE,FALSE,FALSE,FALSE,FALSE,,"Trunk damage, bark peeled off",,FALSE
281-GIBI-014,281-GIBI-014,7/19/2022,281,14,Ginkgo,biloba,GIBI,,FALSE,FALSE,,1.8,COMM,SC,TRUE,TRUE,FALSE,TRUE,FALSE,TRUE,FALSE,FALSE,FALSE,FALSE,FALSE,FALSE,FALSE,FALSE,FALSE,FALSE,FALSE,,Top previously broken off,,FALSE
281-GIBI-015,281-GIBI-015,7/19/2022,281,15,Ginkgo,biloba,GIBI,,FALSE,FALSE,,1.3,COMM,SC,TRUE,TRUE,FALSE,TRUE,FALSE,TRUE,FALSE,FALSE,FALSE,FALSE,FALSE,FALSE,FALSE,FALSE,FALSE,FALSE,FALSE,,Some damage from bad prunes/cleaned breaks,,FALSE
281-GIBI-016,281-GIBI-016,7/19/2022,281,16,Ginkgo,biloba,GIBI,,FALSE,FALSE,,1.95,COMM,SC,TRUE,TRUE,FALSE,TRUE,FALSE,TRUE,FALSE,FALSE,FALSE,FALSE,FALSE,FALSE,FALSE,FALSE,FALSE,FALSE,FALSE,,Basal sprout,,FALSE
281-POTR-017,281-POTR-017,7/19/2022,281,17,Populus,tremuloides,POTR,,FALSE,FALSE,,2.3,COMM,SC,TRUE,TRUE,FALSE,TRUE,FALSE,TRUE,FALSE,FALSE,FALSE,FALSE,FALSE,FALSE,FALSE,FALSE,FALSE,FALSE,FALSE,,Some damage from bad prunes/cleaned breaks,,TRUE
281-GIBI-018,281-GIBI-018,7/19/2022,281,18,Ginkgo,biloba,GIBI,Has been top cut,FALSE,FALSE,3.2,1.9,COMM,SC,TRUE,TRUE,FALSE,TRUE,FALSE,TRUE,FALSE,FALSE,FALSE,FALSE,FALSE,FALSE,FALSE,FALSE,FALSE,FALSE,FALSE,,Basal sprouts ,,TRUE
281-UN-019,281-UN-019,6/17/2022,281,19,,unknown,UN,"Is dead, from bark seems like honeylocust",TRUE,FALSE,,2.3,COMM,SC,TRUE,TRUE,FALSE,TRUE,FALSE,TRUE,FALSE,FALSE,FALSE,FALSE,FALSE,FALSE,TRUE,FALSE,FALSE,FALSE,FALSE,,Tree is dead,Is already in hthc,TRUE
281-GIBI-020,281-GIBI-020,6/17/2022,281,20,Ginkgo,biloba,GIBI,"Dead, can tell from bark and leaf attachments",FALSE,FALSE,,1.8,COMM,SC,TRUE,TRUE,FALSE,TRUE,FALSE,FALSE,FALSE,FALSE,FALSE,FALSE,FALSE,FALSE,FALSE,FALSE,FALSE,FALSE,FALSE,,Tree is dead ,,TRUE
281-UN-021,281-UN-021,7/19/2022,281,21,,unknown,UN,"Dead, could be gingko",FALSE,FALSE,"1'8""",2,COMM,SC,TRUE,TRUE,FALSE,TRUE,FALSE,TRUE,FALSE,FALSE,FALSE,FALSE,FALSE,FALSE,FALSE,FALSE,FALSE,FALSE,FALSE,,"Tree is dead, top cut",,TRUE
281-ACXF-022,281-ACXF-022,7/19/2022,281,22,Acer,x freemanii,ACXF,,FALSE,FALSE,,11.6,MP,SP,TRUE,TRUE,FALSE,TRUE,FALSE,TRUE,TRUE,FALSE,FALSE,FALSE,FALSE,FALSE,FALSE,FALSE,FALSE,FALSE,FALSE,,"Gash in trunk, exposed heartwood ",,FALSE
281-ACXF-023,281-ACXF-023,7/19/2022,281,23,Acer,x freemanii,ACXF,,FALSE,FALSE,,15.2,MP,SP,TRUE,TRUE,FALSE,TRUE,FALSE,TRUE,TRUE,FALSE,FALSE,FALSE,FALSE,FALSE,FALSE,FALSE,FALSE,FALSE,FALSE,,"Some damage to branch, exposed heartwood",,FALSE
281-ACXF-024,281-ACXF-024,7/19/2022,281,24,Acer,x freemanii,ACXF,,FALSE,FALSE,,15.5,MP,SP,TRUE,TRUE,FALSE,TRUE,FALSE,TRUE,TRUE,FALSE,FALSE,FALSE,FALSE,FALSE,FALSE,FALSE,FALSE,FALSE,FALSE,,,,FALSE
281-ACXF-025,281-ACXF-025,7/19/2022,281,25,Acer,x freemanii,ACXF,,FALSE,FALSE,,12.5,MP,SP,TRUE,TRUE,FALSE,TRUE,FALSE,TRUE,TRUE,FALSE,FALSE,FALSE,TRUE,FALSE,FALSE,FALSE,FALSE,FALSE,TRUE,,"Gash in trunk near base, reveals heartwood",,FALSE
281-ACXF-026,281-ACXF-026,7/19/2022,281,26,Acer,x freemanii,ACXF,,FALSE,FALSE,,14.4,MP,SP,TRUE,TRUE,FALSE,TRUE,FALSE,TRUE,TRUE,FALSE,FALSE,FALSE,FALSE,FALSE,FALSE,FALSE,FALSE,FALSE,FALSE,,,,FALSE
281-ACXF-027,281-ACXF-027,7/19/2022,281,27,Acer,x freemanii,ACXF,,FALSE,FALSE,,12,MP,SP,TRUE,TRUE,FALSE,TRUE,FALSE,TRUE,TRUE,FALSE,FALSE,FALSE,TRUE,FALSE,FALSE,FALSE,FALSE,FALSE,FALSE,,Bleeding wound on branch ,,FALSE
281-ACPL-028,281-ACPL-028,7/19/2022,281,28,Acer,platanoides,ACPL,,FALSE,FALSE,,17.6,SFR-D,SP,TRUE,TRUE,FALSE,FALSE,FALSE,TRUE,TRUE,FALSE,FALSE,FALSE,TRUE,FALSE,FALSE,FALSE,FALSE,FALSE,FALSE,,,,FALSE
281-ACPL-029,281-ACPL-029,7/19/2022,281,29,Acer,platanoides,ACPL,,FALSE,FALSE,,17.4,SFR-D,SP,TRUE,TRUE,FALSE,FALSE,FALSE,TRUE,TRUE,FALSE,FALSE,FALSE,TRUE,FALSE,FALSE,FALSE,FALSE,FALSE,FALSE,,gashes in trunk and branches ,,FALSE
281-ACPL-030,281-ACPL-030,7/19/2022,281,30,Acer,platanoides,ACPL,,FALSE,FALSE,,12.4,SFR-D,SP,TRUE,TRUE,FALSE,FALSE,FALSE,TRUE,TRUE,FALSE,FALSE,FALSE,FALSE,FALSE,FALSE,FALSE,FALSE,FALSE,FALSE,,Some trunk damage,,FALSE
281-ACPL-031,281-ACPL-031,7/19/2022,281,31,Acer,platanoides,ACPL,,FALSE,FALSE,,14.9,SFR-D,SP,TRUE,TRUE,FALSE,FALSE,FALSE,TRUE,TRUE,FALSE,FALSE,FALSE,FALSE,FALSE,FALSE,FALSE,FALSE,FALSE,TRUE,,Trunk damage/some kind of hole. Exposed heartwood,Weeds at base,FALSE
281-ACPL-032,281-ACPL-032,7/19/2022,281,32,Acer,platanoides,ACPL,,FALSE,FALSE,,12.1,SFR-D,SP,TRUE,TRUE,FALSE,FALSE,FALSE,TRUE,TRUE,FALSE,FALSE,FALSE,FALSE,FALSE,FALSE,FALSE,FALSE,FALSE,FALSE,,,,FALSE
281-ACSA-033,281-ACSA-033,7/19/2022,281,33,Acer,saccharinum,ACSA,,FALSE,FALSE,,27.8,SFR-D,SP,TRUE,TRUE,FALSE,FALSE,FALSE,TRUE,TRUE,FALSE,FALSE,FALSE,TRUE,FALSE,FALSE,FALSE,FALSE,FALSE,TRUE,,,,FALSE
281-ACPL-034,281-ACPL-034,7/19/2022,281,34,Acer,platanoides,ACPL,,FALSE,FALSE,,14.9,SFR-D,SP,TRUE,TRUE,FALSE,FALSE,FALSE,TRUE,FALSE,FALSE,FALSE,FALSE,TRUE,FALSE,FALSE,FALSE,FALSE,FALSE,FALSE,,,Weeds at base,FALSE
281-ACSA-035,281-ACSA-035,7/19/2022,281,35,Acer,saccharinum,ACSA,,FALSE,FALSE,,22.2,SFR-D,SP,TRUE,TRUE,FALSE,FALSE,FALSE,TRUE,TRUE,FALSE,FALSE,FALSE,FALSE,FALSE,FALSE,FALSE,FALSE,FALSE,FALSE,,,Weeds at base,FALSE
281-ACSA-036,281-ACSA-036,7/19/2022,281,36,Acer,saccharinum,ACSA,,FALSE,FALSE,3-Apr,24.2,SFR-D,SC,TRUE,TRUE,FALSE,FALSE,FALSE,TRUE,TRUE,FALSE,FALSE,FALSE,FALSE,FALSE,FALSE,FALSE,FALSE,FALSE,FALSE,,,,FALSE
16-GLTR-001,16-GLTR-001,6/26/2022,16,1,Gleditsia,triacanthos,GLTR,,FALSE,FALSE,,23.2,MFR,SP,TRUE,TRUE,FALSE,FALSE,FALSE,TRUE,TRUE,FALSE,FALSE,FALSE,FALSE,FALSE,FALSE,FALSE,FALSE,FALSE,FALSE,,Dead branches in crown,"Start of girdling roots, lamp right in canopy",FALSE
16-ACSA-002,16-ACSA-002,6/26/2022,16,2,Acer,saccharinum,ACSA,,FALSE,FALSE,2'3'',30.7,MFR,SP,TRUE,TRUE,FALSE,FALSE,FALSE,TRUE,TRUE,FALSE,FALSE,FALSE,FALSE,FALSE,TRUE,FALSE,FALSE,TRUE,FALSE,,Dead branches in crown,,FALSE
16-GLTR-003,16-GLTR-003,6/26/2022,16,3,Gleditsia,triacanthos,GLTR,,FALSE,FALSE,,26.5,MFR,SP,TRUE,TRUE,FALSE,FALSE,FALSE,TRUE,TRUE,FALSE,FALSE,FALSE,FALSE,FALSE,TRUE,FALSE,FALSE,FALSE,FALSE,,Dead branches in crown,Start of girdling roots,FALSE
16-GLTR-004,16-GLTR-004,6/26/2022,16,4,Gleditsia,triacanthos,GLTR,,FALSE,FALSE,,26.4,MFR,SP,TRUE,TRUE,FALSE,FALSE,FALSE,TRUE,TRUE,FALSE,FALSE,FALSE,FALSE,FALSE,TRUE,FALSE,FALSE,TRUE,FALSE,,Dead branches in crown,Start of girdling roots,FALSE
16-TICO-005,16-TICO-005,6/26/2022,16,5,Tilia,cordata,TICO,,FALSE,FALSE,,18.3,MFR,SP,TRUE,TRUE,FALSE,FALSE,FALSE,TRUE,TRUE,FALSE,FALSE,FALSE,FALSE,FALSE,FALSE,FALSE,FALSE,FALSE,FALSE,,"Decay in trunk, oddly bulbous root collar",,FALSE
16-CEOC-006,16-CEOC-006,6/26/2022,16,6,Celtis,occidentalis,CEOC,,FALSE,FALSE,,20.3,SFR-D,SP,TRUE,TRUE,FALSE,FALSE,FALSE,TRUE,TRUE,FALSE,FALSE,FALSE,FALSE,FALSE,TRUE,TRUE,FALSE,FALSE,FALSE,,"Dead branches, start of girdling roots",,FALSE
16-GLTR-007,16-GLTR-007,6/26/2022,16,7,Gleditsia,triacanthos,GLTR,,FALSE,FALSE,,26.7,SFR-D,SP,TRUE,TRUE,FALSE,FALSE,FALSE,TRUE,TRUE,FALSE,FALSE,FALSE,FALSE,FALSE,TRUE,FALSE,FALSE,FALSE,TRUE,,Dead branches ,,FALSE
16-ACPL-008,16-ACPL-008,6/26/2022,16,8,Acer,platanoides,ACPL,,FALSE,FALSE,,21,SFR-D,SP,TRUE,TRUE,FALSE,FALSE,FALSE,TRUE,TRUE,FALSE,FALSE,FALSE,FALSE,FALSE,TRUE,FALSE,FALSE,TRUE,FALSE,,Start of girdling roots ,,FALSE
16-CEOC-009,16-CEOC-009,6/26/2022,16,9,Celtis,occidentalis,CEOC,,FALSE,FALSE,1'6'',24,SFR-D,SC,TRUE,TRUE,FALSE,FALSE,FALSE,TRUE,TRUE,FALSE,FALSE,FALSE,FALSE,FALSE,FALSE,FALSE,FALSE,FALSE,FALSE,,Dead branches ,,FALSE
16-GLTR-010,16-GLTR-010,6/26/2022,16,10,Gleditsia,triacanthos,GLTR,,FALSE,FALSE,,24.9,MFR,SP,TRUE,TRUE,FALSE,FALSE,FALSE,TRUE,TRUE,FALSE,FALSE,FALSE,FALSE,FALSE,TRUE,FALSE,FALSE,FALSE,FALSE,,Dead branches ,,FALSE
16-GLTR-011,16-GLTR-011,6/26/2022,16,11,Gleditsia,triacanthos,GLTR,,FALSE,FALSE,,22.2,MFR,SP,TRUE,TRUE,FALSE,FALSE,FALSE,TRUE,TRUE,FALSE,FALSE,FALSE,FALSE,FALSE,TRUE,FALSE,FALSE,FALSE,FALSE,,"Dead branches, bulbous growths on lower trunk",,FALSE
16-GLTR-012,16-GLTR-012,6/26/2022,16,12,Gleditsia,triacanthos,GLTR,,FALSE,FALSE,,25,MFR,SP,TRUE,TRUE,FALSE,FALSE,FALSE,TRUE,TRUE,FALSE,FALSE,FALSE,FALSE,FALSE,TRUE,FALSE,FALSE,FALSE,FALSE,,,,FALSE
16-GLTR-013,16-GLTR-013,6/26/2022,16,13,Gleditsia,triacanthos,GLTR,,FALSE,FALSE,,23.8,SFR-D,SP,TRUE,TRUE,FALSE,FALSE,FALSE,TRUE,TRUE,FALSE,FALSE,FALSE,TRUE,FALSE,FALSE,FALSE,FALSE,FALSE,FALSE,,"Dead branches, some fungal growths in peeled off portion of bark",,FALSE
16-ACRU-014,16-ACRU-014,6/26/2022,16,14,Acer,rubrum,ACRU,,FALSE,FALSE,,8.8,SFR-D,SP,TRUE,TRUE,FALSE,FALSE,FALSE,TRUE,TRUE,FALSE,FALSE,FALSE,FALSE,FALSE,FALSE,FALSE,FALSE,FALSE,FALSE,White paint at base,Dead branches ,Right next to lamp,FALSE
16-GLTR-015,16-GLTR-015,6/26/2022,16,15,Gleditsia,triacanthos,GLTR,,FALSE,FALSE,,25.8,MFR,SP,TRUE,TRUE,FALSE,FALSE,FALSE,TRUE,TRUE,FALSE,FALSE,FALSE,FALSE,FALSE,FALSE,FALSE,FALSE,TRUE,FALSE,,Dead branches,,FALSE
16-ACPL-016,16-ACPL-016,6/26/2022,16,16,Acer,platanoides,ACPL,,FALSE,FALSE,,17.8,SFR-D,SP,TRUE,TRUE,FALSE,FALSE,FALSE,TRUE,TRUE,FALSE,FALSE,FALSE,FALSE,FALSE,TRUE,FALSE,FALSE,FALSE,FALSE,,"Exposed, decaying heartwood, broken branch showing heartwood",,FALSE
16-ACPL-017,16-ACPL-017,6/26/2022,16,17,Acer,platanoides,ACPL,,FALSE,FALSE,,20.3,SFR-D,SP,TRUE,TRUE,FALSE,TRUE,FALSE,TRUE,TRUE,FALSE,FALSE,TRUE,TRUE,FALSE,FALSE,FALSE,FALSE,TRUE,FALSE,,,,FALSE
16-ACPL-018,16-ACPL-018,6/26/2022,16,18,Acer,platanoides,ACPL,,FALSE,FALSE,,19,SFR-D,SP,TRUE,TRUE,FALSE,FALSE,FALSE,TRUE,TRUE,FALSE,FALSE,FALSE,FALSE,FALSE,TRUE,TRUE,FALSE,TRUE,FALSE,,Damage to trunk with exposed decaying heartwood (old prune scar). Girdling roots,,FALSE
16-ACPL-019,16-ACPL-019,6/26/2022,16,19,Acer,platanoides,ACPL,,FALSE,FALSE,,18.4,MFR,SP,TRUE,TRUE,FALSE,FALSE,FALSE,TRUE,TRUE,FALSE,FALSE,FALSE,FALSE,FALSE,FALSE,TRUE,FALSE,FALSE,FALSE,,"Exposed decaying heartwood, girdling roots",,FALSE
16-GLTR-020,16-GLTR-020,6/26/2022,16,20,Gleditsia,triacanthos,GLTR,,FALSE,FALSE,,28.4,SFR-D,SP,TRUE,TRUE,FALSE,FALSE,FALSE,TRUE,TRUE,FALSE,FALSE,FALSE,FALSE,FALSE,TRUE,FALSE,FALSE,FALSE,FALSE,,"Exposed heartwood from split in trunk, has some exit holes",,FALSE
16-GLTR-021,16-GLTR-021,6/26/2022,16,21,Gleditsia,triacanthos,GLTR,,FALSE,FALSE,,28,SFR-D,SP,TRUE,TRUE,FALSE,FALSE,FALSE,TRUE,TRUE,FALSE,FALSE,FALSE,FALSE,FALSE,TRUE,FALSE,FALSE,FALSE,FALSE,,Dead branches ,,FALSE
16-ACRU-022,16-ACRU-022,6/26/2022,16,22,Acer,rubrum,ACRU,,FALSE,FALSE,,10.9,SFR-D,SP,TRUE,TRUE,FALSE,FALSE,FALSE,TRUE,TRUE,FALSE,FALSE,FALSE,FALSE,FALSE,FALSE,FALSE,FALSE,FALSE,FALSE,,"Dead branches, heartwood decay",,FALSE
16-GLTR-023,16-GLTR-023,6/26/2022,16,23,Gleditsia,triacanthos,GLTR,,FALSE,FALSE,,24.9,SFR-D,SP,TRUE,TRUE,FALSE,FALSE,FALSE,TRUE,TRUE,FALSE,FALSE,FALSE,FALSE,FALSE,TRUE,FALSE,FALSE,TRUE,FALSE,,,,FALSE
16-GLTR-024,16-GLTR-024,6/26/2022,16,24,Gleditsia,triacanthos,GLTR,,FALSE,FALSE,,27,SFR-D,SP,TRUE,TRUE,FALSE,FALSE,FALSE,TRUE,TRUE,FALSE,FALSE,FALSE,FALSE,FALSE,TRUE,FALSE,FALSE,FALSE,TRUE,Colored ribbons around trunk,Dead branches ,,FALSE
16-GLTR-025,16-GLTR-025,6/26/2022,16,25,Gleditsia,triacanthos,GLTR,,FALSE,FALSE,,27,MFR,SP,TRUE,TRUE,FALSE,FALSE,FALSE,TRUE,TRUE,FALSE,FALSE,FALSE,FALSE,FALSE,TRUE,FALSE,FALSE,FALSE,FALSE,,Dead branches ,,FALSE
16-GLTR-026,16-GLTR-026,6/26/2022,16,26,Gleditsia,triacanthos,GLTR,,FALSE,FALSE,,23.1,MFR,SP,TRUE,TRUE,FALSE,FALSE,FALSE,TRUE,TRUE,FALSE,FALSE,FALSE,FALSE,FALSE,TRUE,FALSE,FALSE,FALSE,FALSE,White paint at base,,,FALSE
16-GLTR-027,16-GLTR-027,6/26/2022,16,27,Gleditsia,triacanthos,GLTR,,FALSE,FALSE,,26.3,MFR,SP,TRUE,TRUE,FALSE,FALSE,FALSE,TRUE,TRUE,FALSE,FALSE,FALSE,FALSE,FALSE,FALSE,FALSE,FALSE,TRUE,FALSE,,"Epicormic branching, trunk sprout",,FALSE
16-GLTR-028,16-GLTR-028,6/26/2022,16,28,Gleditsia,triacanthos,GLTR,,FALSE,FALSE,,25.9,MFR,SP,TRUE,TRUE,FALSE,FALSE,FALSE,TRUE,TRUE,FALSE,FALSE,FALSE,FALSE,FALSE,TRUE,FALSE,FALSE,TRUE,FALSE,,"Bulbous growths in trunk, dead branches",,FALSE
16-GLTR-029,16-GLTR-029,6/26/2022,16,29,Gleditsia,triacanthos,GLTR,,FALSE,FALSE,,22.3,MFR,SP,TRUE,TRUE,FALSE,FALSE,FALSE,TRUE,TRUE,FALSE,FALSE,FALSE,FALSE,FALSE,TRUE,FALSE,FALSE,TRUE,FALSE,,"Dead branches, trunk sprout, fungi growing on dead branch",,FALSE
16-GLTR-030,16-GLTR-030,6/26/2022,16,30,Gleditsia,triacanthos,GLTR,,FALSE,FALSE,,26,SFR-D,SP,TRUE,TRUE,FALSE,FALSE,FALSE,TRUE,TRUE,FALSE,FALSE,FALSE,FALSE,FALSE,TRUE,FALSE,FALSE,TRUE,FALSE,Resident watering area,"Dead branches, basal sprout",,FALSE
16-GLTR-031,16-GLTR-031,6/26/2022,16,31,Gleditsia,triacanthos,GLTR,,FALSE,FALSE,,28.3,SFR-D,SP,TRUE,TRUE,FALSE,FALSE,FALSE,TRUE,TRUE,FALSE,FALSE,FALSE,FALSE,FALSE,TRUE,FALSE,FALSE,TRUE,FALSE,Some root pruning,Decaying bulbous growths on trunk,,FALSE
16-ACPL-032,16-ACPL-032,6/26/2022,16,32,Acer,platanoides,ACPL,,FALSE,FALSE,,15.7,SFR-D,SP,TRUE,TRUE,FALSE,FALSE,FALSE,TRUE,TRUE,FALSE,FALSE,FALSE,FALSE,FALSE,TRUE,FALSE,FALSE,FALSE,TRUE,,"Dead branches, decay in trunk in pruning scars",,FALSE
16-ACPL-033,16-ACPL-033,6/26/2022,16,33,Acer,platanoides,ACPL,,FALSE,FALSE,,15.2,SFR-D,SP,TRUE,TRUE,FALSE,FALSE,FALSE,TRUE,TRUE,FALSE,FALSE,FALSE,FALSE,FALSE,TRUE,FALSE,FALSE,TRUE,FALSE,,Dead branches ,,FALSE
16-FRPE-034,16-FRPE-034,6/26/2022,16,34,Fraxinus,pennsylvanica,FRPE,ID from leaf scar,FALSE,FALSE,3'2'',29.3,MFR,SP,TRUE,TRUE,FALSE,FALSE,FALSE,TRUE,TRUE,FALSE,FALSE,FALSE,FALSE,FALSE,TRUE,FALSE,FALSE,FALSE,FALSE,,,,FALSE
16-ACRU-035,16-ACRU-035,6/26/2022,16,35,Acer,rubrum,ACRU,Resident asked from 1707 city to come remove trees due to fungus falling on their plants,FALSE,FALSE,,13.1,SFR-D,SP,TRUE,TRUE,FALSE,FALSE,FALSE,TRUE,TRUE,FALSE,FALSE,FALSE,FALSE,FALSE,FALSE,FALSE,FALSE,FALSE,FALSE,In gardenscaped area with fence and various herbaceous species,"Dead branches, decay at base of trunk",,FALSE
16-ACRU-036,16-ACRU-036,6/26/2022,16,36,Acer,rubrum,ACRU,Resident asked from 1707 city to come remove trees due to fungus falling on their plants,FALSE,FALSE,,13.3,SFR-D,SP,TRUE,TRUE,FALSE,TRUE,FALSE,TRUE,TRUE,FALSE,FALSE,FALSE,FALSE,FALSE,FALSE,TRUE,FALSE,FALSE,FALSE,,"Dead branches, start of girdling roots",,FALSE
16-ACRU-037,16-ACRU-037,6/26/2022,16,37,Acer,rubrum,ACRU,,FALSE,FALSE,4'5'',16.7,SFR-D,SP,TRUE,TRUE,FALSE,FALSE,FALSE,TRUE,TRUE,FALSE,FALSE,FALSE,FALSE,FALSE,TRUE,TRUE,FALSE,FALSE,FALSE,,"Girdling roots, exposed, decaying heartwood with exit holes in prune scar",,FALSE
16-PRSE-038,16-PRSE-038,6/28/2022,16,38,Prunus,serrulata,PRSE,,FALSE,FALSE,"4'3""",5.1,MFR,SP,TRUE,TRUE,FALSE,FALSE,FALSE,TRUE,TRUE,FALSE,FALSE,FALSE,FALSE,FALSE,FALSE,FALSE,FALSE,FALSE,FALSE,,bark fungus,,FALSE
16-ACRU-039,16-ACRU-039,6/28/2022,16,39,Acer,rubrum,ACRU,,FALSE,FALSE,,17.4,MFR,SP,TRUE,TRUE,FALSE,TRUE,FALSE,TRUE,TRUE,TRUE,FALSE,FALSE,FALSE,FALSE,FALSE,FALSE,FALSE,FALSE,FALSE,wooden box around it,,"exposed roots, garden scaped area",FALSE
16-GLTR-040,16-GLTR-040,6/28/2022,16,40,Gleditsia,triacanthos,GLTR,,FALSE,FALSE,,24.9,MFR,SP,TRUE,TRUE,FALSE,FALSE,FALSE,TRUE,TRUE,FALSE,FALSE,FALSE,FALSE,FALSE,TRUE,FALSE,FALSE,TRUE,FALSE,,,weeds at base,FALSE
16-GLTR-041,16-GLTR-041,6/28/2022,16,41,Gleditsia,triacanthos,GLTR,,FALSE,FALSE,,25,MFR,SP,TRUE,TRUE,FALSE,FALSE,FALSE,TRUE,TRUE,FALSE,FALSE,FALSE,FALSE,FALSE,FALSE,FALSE,FALSE,TRUE,FALSE,,,weeds at base,FALSE
16-GLTR-042,16-GLTR-042,6/28/2022,16,42,Gleditsia,triacanthos,GLTR,,FALSE,FALSE,,21.9,MFR,SP,TRUE,TRUE,FALSE,FALSE,FALSE,TRUE,TRUE,FALSE,FALSE,FALSE,FALSE,FALSE,TRUE,FALSE,FALSE,TRUE,FALSE,,,,FALSE
16-ACRU-043,16-ACRU-043,6/28/2022,16,43,Acer,rubrum,ACRU,,FALSE,FALSE,,15.8,MFR,SP,TRUE,TRUE,FALSE,FALSE,FALSE,TRUE,TRUE,FALSE,FALSE,FALSE,FALSE,FALSE,FALSE,FALSE,FALSE,TRUE,FALSE,,,roots exposed,FALSE
16-ACRU-044,16-ACRU-044,6/28/2022,16,44,Acer,rubrum,ACRU,,FALSE,FALSE,"3'10""",19.3,MFR,SP,TRUE,TRUE,FALSE,FALSE,FALSE,TRUE,TRUE,FALSE,FALSE,FALSE,FALSE,FALSE,TRUE,TRUE,FALSE,TRUE,FALSE,,girdling roots,,FALSE
16-GLTR-045,16-GLTR-045,6/28/2022,16,45,Gleditsia,triacanthos,GLTR,,FALSE,FALSE,,31,MFR,SP,TRUE,TRUE,FALSE,FALSE,FALSE,TRUE,TRUE,FALSE,FALSE,FALSE,FALSE,FALSE,FALSE,FALSE,FALSE,TRUE,FALSE,,,trunk sprouts,FALSE
16-GLTR-046,16-GLTR-046,6/28/2022,16,46,Gleditsia,triacanthos,GLTR,,FALSE,FALSE,,23.9,MFR,SP,TRUE,TRUE,FALSE,FALSE,FALSE,TRUE,TRUE,FALSE,FALSE,FALSE,FALSE,FALSE,TRUE,FALSE,FALSE,TRUE,FALSE,,,"trunk sprouts, trunk decay",FALSE
16-ACPL-047,16-ACPL-047,7/5/2022,16,47,Acer,platanoides,ACPL,,FALSE,FALSE,,19.1,MFR,SP,TRUE,TRUE,FALSE,FALSE,FALSE,TRUE,TRUE,FALSE,FALSE,FALSE,FALSE,FALSE,TRUE,TRUE,FALSE,FALSE,TRUE,,girdling roots,,FALSE
16-ACPL-048,16-ACPL-048,7/5/2022,16,48,Acer,platanoides,ACPL,,FALSE,FALSE,,13.9,MFR,SP,TRUE,TRUE,FALSE,FALSE,FALSE,TRUE,TRUE,FALSE,FALSE,FALSE,FALSE,FALSE,TRUE,TRUE,FALSE,FALSE,FALSE,,girdling roots ,,FALSE
16-ACPL-049,16-ACPL-049,7/5/2022,16,49,Acer,platanoides,ACPL,,FALSE,FALSE,,14.8,MFR,SP,TRUE,TRUE,FALSE,FALSE,FALSE,TRUE,TRUE,FALSE,FALSE,FALSE,FALSE,FALSE,TRUE,FALSE,FALSE,FALSE,FALSE,,,start of girdling roots,FALSE
16-ACPL-050,16-ACPL-050,7/5/2022,16,50,Acer,platanoides,ACPL,,FALSE,FALSE,,15.9,MFR,SP,TRUE,TRUE,FALSE,FALSE,FALSE,TRUE,TRUE,FALSE,FALSE,FALSE,FALSE,FALSE,TRUE,TRUE,FALSE,FALSE,FALSE,,girdling roots,,FALSE
16-GLTR-051,16-GLTR-051,7/5/2022,16,51,Gleditsia,triacanthos,GLTR,,FALSE,FALSE,,28,MFR,SP,TRUE,TRUE,FALSE,FALSE,FALSE,TRUE,TRUE,FALSE,FALSE,FALSE,FALSE,FALSE,TRUE,TRUE,FALSE,TRUE,TRUE,,"girdling roots, trunk leaking",,FALSE
16-GLTR-052,16-GLTR-052,7/5/2022,16,52,Gleditsia,triacanthos,GLTR,,FALSE,FALSE,,23.1,MFR,SP,TRUE,TRUE,FALSE,FALSE,FALSE,TRUE,TRUE,FALSE,FALSE,FALSE,FALSE,FALSE,TRUE,FALSE,FALSE,TRUE,TRUE,,,weird bulbs of decay on exposed roots,FALSE
16-ACPL-053,16-ACPL-053,7/5/2022,16,53,Acer,platanoides,ACPL,,FALSE,FALSE,,13.2,MFR,SP,TRUE,TRUE,FALSE,TRUE,TRUE,TRUE,TRUE,FALSE,FALSE,FALSE,FALSE,FALSE,FALSE,FALSE,FALSE,TRUE,FALSE,,,adjacent GLTR branches growing into crown,FALSE
16-ACPL-054,16-ACPL-054,7/5/2022,16,54,Acer,platanoides,ACPL,,FALSE,FALSE,,12.6,MFR,SP,TRUE,TRUE,FALSE,FALSE,FALSE,TRUE,TRUE,FALSE,FALSE,FALSE,FALSE,FALSE,TRUE,FALSE,FALSE,FALSE,FALSE,,,"start of girdling root, lamp post in crown, adjacent FRPE growing into crown",FALSE
16-FRPE-055,16-FRPE-055,7/5/2022,16,55,Fraxinus,pennsylvanica,FRPE,,FALSE,FALSE,,27.6,MFR,SP,TRUE,TRUE,FALSE,FALSE,FALSE,TRUE,TRUE,FALSE,FALSE,FALSE,FALSE,FALSE,FALSE,FALSE,FALSE,FALSE,FALSE,,,growing into adjacent trees,FALSE
16-ACPL-056,16-ACPL-056,7/5/2022,16,56,Acer,platanoides,ACPL,,FALSE,FALSE,,17.8,MFR,SP,TRUE,TRUE,FALSE,FALSE,FALSE,TRUE,TRUE,FALSE,FALSE,FALSE,FALSE,FALSE,TRUE,FALSE,FALSE,TRUE,FALSE,,"huge and deep gashes in trunk, exposed heartwood, looks like someone tried to saw it down or something ",,FALSE
16-ACRU-057,16-ACRU-057,7/5/2022,16,57,Acer,rubrum,ACRU,,FALSE,FALSE,,19,MFR,SP,TRUE,TRUE,FALSE,FALSE,FALSE,TRUE,TRUE,FALSE,FALSE,FALSE,FALSE,FALSE,TRUE,TRUE,TRUE,FALSE,FALSE,,"huge, deep gashes in trunk. looks like someone tried to saw it down or something, girdling roots",beginning of root pan,FALSE
16-ACPL-058,16-ACPL-058,7/5/2022,16,58,Acer,platanoides,ACPL,,FALSE,FALSE,,13.7,MFR,SP,TRUE,TRUE,FALSE,FALSE,FALSE,TRUE,FALSE,FALSE,FALSE,FALSE,FALSE,FALSE,TRUE,TRUE,FALSE,FALSE,FALSE,,girdling root,,FALSE
16-BENI-059,16-BENI-059,7/5/2022,16,59,Betula,nigra,BENI,,FALSE,FALSE,,16.9,MFR,SP,TRUE,TRUE,FALSE,FALSE,FALSE,TRUE,TRUE,FALSE,FALSE,FALSE,FALSE,FALSE,TRUE,FALSE,FALSE,TRUE,TRUE,,trunk decay,,FALSE
16-FRPE-060,16-FRPE-060,7/5/2022,16,60,Fraxinus,pennsylvanica,FRPE,,FALSE,FALSE,,25.1,MFR,SP,TRUE,TRUE,FALSE,FALSE,FALSE,TRUE,TRUE,FALSE,FALSE,FALSE,FALSE,FALSE,FALSE,TRUE,FALSE,FALSE,FALSE,,girdling root,,FALSE
16-ACPL-061,16-ACPL-061,7/5/2022,16,61,Acer,platanoides,ACPL,,FALSE,FALSE,,23.5,MFR,SP,TRUE,TRUE,FALSE,FALSE,FALSE,TRUE,TRUE,FALSE,FALSE,FALSE,TRUE,FALSE,TRUE,TRUE,FALSE,TRUE,TRUE,,trunk decay,large broken branch probably from storm last night,FALSE
16-FRPE-062,16-FRPE-062,7/5/2022,16,62,Fraxinus,pennsylvanica,FRPE,,FALSE,FALSE,,20.8,MFR,SP,TRUE,TRUE,FALSE,FALSE,FALSE,TRUE,TRUE,FALSE,FALSE,FALSE,FALSE,FALSE,FALSE,FALSE,FALSE,FALSE,FALSE,,,,FALSE
16-ACPL-063,16-ACPL-063,7/5/2022,16,63,Acer,platanoides,ACPL,,FALSE,FALSE,,19.9,MFR,SP,TRUE,TRUE,FALSE,FALSE,FALSE,TRUE,TRUE,FALSE,FALSE,FALSE,FALSE,FALSE,TRUE,TRUE,FALSE,FALSE,FALSE,,shallow gash in trunk,,FALSE
16-TICO-064,16-TICO-064,7/5/2022,16,64,Tilia,cordata,TICO,,FALSE,FALSE,,24.3,MFR,SP,TRUE,TRUE,FALSE,FALSE,FALSE,TRUE,TRUE,FALSE,FALSE,FALSE,FALSE,FALSE,TRUE,FALSE,FALSE,FALSE,FALSE,,"significant trunk damage, large piece of bark looks sliced off",,FALSE
16-ACRU-065,16-ACRU-065,7/5/2022,16,65,Acer,rubrum,ACRU,,FALSE,FALSE,,15,MFR,SP,TRUE,TRUE,FALSE,FALSE,FALSE,TRUE,TRUE,FALSE,FALSE,FALSE,FALSE,FALSE,TRUE,TRUE,FALSE,FALSE,FALSE,,branch decay,,FALSE
16-ACPL-066,16-ACPL-066,7/5/2022,16,66,Acer,platanoides,ACPL,,FALSE,FALSE,,15,MFR,SP,TRUE,TRUE,FALSE,FALSE,FALSE,TRUE,TRUE,FALSE,FALSE,FALSE,FALSE,FALSE,TRUE,TRUE,FALSE,FALSE,FALSE,,branch decay,,FALSE
16-ACXF-067,16-ACXF-067,7/5/2022,16,67,Acer,x freemanii,ACXF,,FALSE,FALSE,,12.7,MFR,SP,TRUE,TRUE,FALSE,FALSE,FALSE,TRUE,TRUE,FALSE,FALSE,FALSE,FALSE,FALSE,TRUE,FALSE,FALSE,FALSE,FALSE,,,,FALSE
16-ACRU-068,16-ACRU-068,7/5/2022,16,68,Acer,rubrum,ACRU,,FALSE,FALSE,,14.3,MFR,SP,TRUE,TRUE,FALSE,FALSE,FALSE,TRUE,TRUE,FALSE,FALSE,FALSE,FALSE,FALSE,TRUE,FALSE,FALSE,FALSE,FALSE,,"decay at base, roots above soil",,FALSE
16-ACRU-069,16-ACRU-069,7/5/2022,16,69,Acer,rubrum,ACRU,,FALSE,FALSE,,13,MFR,SP,TRUE,TRUE,FALSE,FALSE,FALSE,TRUE,TRUE,FALSE,FALSE,FALSE,FALSE,FALSE,TRUE,FALSE,FALSE,TRUE,FALSE,,,"roots starting to girdle, exposed roots",FALSE
16-ACPL-070,16-ACPL-070,7/5/2022,16,70,Acer,platanoides,ACPL,,FALSE,FALSE,,15,MFR,SP,TRUE,TRUE,FALSE,FALSE,FALSE,TRUE,TRUE,FALSE,FALSE,FALSE,FALSE,FALSE,FALSE,FALSE,FALSE,FALSE,TRUE,,,,FALSE
16-ACPL-071,16-ACPL-071,7/5/2022,16,71,Acer,platanoides,ACPL,,FALSE,FALSE,,17.5,MFR,SP,TRUE,TRUE,FALSE,FALSE,FALSE,TRUE,TRUE,FALSE,FALSE,FALSE,FALSE,FALSE,FALSE,FALSE,FALSE,FALSE,FALSE,,exposed trunk heartwood,,FALSE
16-ACPL-072,16-ACPL-072,7/5/2022,16,72,Acer,platanoides,ACPL,,FALSE,FALSE,,20.1,MFR,SP,TRUE,TRUE,FALSE,FALSE,FALSE,TRUE,TRUE,FALSE,FALSE,FALSE,FALSE,FALSE,TRUE,TRUE,FALSE,TRUE,FALSE,,exposed trunk heartwood ,,FALSE
16-ACPL-073,16-ACPL-073,7/5/2022,16,73,Acer,platanoides,ACPL,,FALSE,FALSE,,17.6,MFR,SP,TRUE,TRUE,FALSE,TRUE,FALSE,TRUE,TRUE,FALSE,FALSE,FALSE,FALSE,FALSE,FALSE,FALSE,FALSE,FALSE,FALSE,,trunk decay,,FALSE
16-GLTR-074,16-GLTR-074,7/5/2022,16,74,Gleditsia,triacanthos,GLTR,,FALSE,FALSE,,30.1,MFR,SP,TRUE,TRUE,FALSE,FALSE,FALSE,TRUE,TRUE,FALSE,FALSE,FALSE,FALSE,FALSE,TRUE,FALSE,FALSE,TRUE,TRUE,,"trunk decay, bulbs on trunk ",broken branch likely from storm last night,FALSE
16-FRUN-075,16-FRUN-075,7/5/2022,16,75,Fraxinus,unknown,FRUN,"Thinking green ash, pretty dang sure ",TRUE,FALSE,,35.4,MFR,SP,TRUE,TRUE,FALSE,FALSE,FALSE,TRUE,TRUE,FALSE,FALSE,FALSE,FALSE,FALSE,FALSE,FALSE,FALSE,TRUE,TRUE,,trunk decay,broken branch likely from storm last night,FALSE
16-ACRU-076,16-ACRU-076,7/5/2022,16,76,Acer,rubrum,ACRU,,FALSE,FALSE,,14.9,MFR,SP,TRUE,TRUE,FALSE,FALSE,FALSE,TRUE,TRUE,FALSE,FALSE,FALSE,FALSE,FALSE,TRUE,FALSE,FALSE,FALSE,FALSE,,trunk decay,"weeds at base, adjacent ash canopy growing over it",FALSE
16-ACPL-077,16-ACPL-077,7/5/2022,16,77,Acer,platanoides,ACPL,,FALSE,FALSE,,12.9,MFR,SP,TRUE,TRUE,FALSE,FALSE,FALSE,TRUE,TRUE,FALSE,FALSE,FALSE,FALSE,FALSE,TRUE,TRUE,FALSE,FALSE,FALSE,,branch decay,,FALSE
16-ACPL-078,16-ACPL-078,7/5/2022,16,78,Acer,platanoides,ACPL,,FALSE,FALSE,,12,MFR,SP,TRUE,TRUE,FALSE,FALSE,FALSE,TRUE,TRUE,FALSE,FALSE,FALSE,FALSE,FALSE,TRUE,TRUE,FALSE,FALSE,FALSE,,branch decay,,FALSE
16-ACSA-079,16-ACSA-079,7/5/2022,16,79,Acer,saccharinum,ACSA,,FALSE,FALSE,"2'2""",27.7,MFR,SP,TRUE,TRUE,FALSE,FALSE,FALSE,TRUE,TRUE,FALSE,FALSE,FALSE,FALSE,FALSE,TRUE,FALSE,FALSE,TRUE,FALSE,,trunk decay,,FALSE
16-ACPL-080,16-ACPL-080,7/5/2022,16,80,Acer,platanoides,ACPL,,FALSE,FALSE,,17,MFR,SP,TRUE,TRUE,FALSE,FALSE,FALSE,TRUE,TRUE,FALSE,FALSE,FALSE,FALSE,FALSE,TRUE,TRUE,FALSE,FALSE,FALSE,,"gash in trunk, trunk decay",,FALSE
16-ACRU-081,16-ACRU-081,7/5/2022,16,81,Acer,rubrum,ACRU,,FALSE,FALSE,,16.4,MFR,SP,TRUE,TRUE,FALSE,FALSE,FALSE,TRUE,TRUE,FALSE,FALSE,FALSE,TRUE,FALSE,TRUE,FALSE,FALSE,TRUE,FALSE,,trunk decay at base,,FALSE
16-ACPL-082,16-ACPL-082,7/5/2022,16,82,Acer,platanoides,ACPL,,FALSE,FALSE,,14.4,MFR,SP,TRUE,TRUE,FALSE,FALSE,FALSE,TRUE,TRUE,FALSE,FALSE,FALSE,FALSE,FALSE,FALSE,TRUE,FALSE,FALSE,FALSE,decorative fence around base,trunk decay,adjacent ash growing into canopy,FALSE
16-FRUN-083,16-FRUN-083,7/5/2022,16,83,Fraxinus,unknown,FRUN,"Same as 75, no visible tree tag",TRUE,FALSE,,27.9,MFR,SP,TRUE,TRUE,FALSE,FALSE,FALSE,TRUE,TRUE,FALSE,FALSE,FALSE,FALSE,FALSE,FALSE,FALSE,FALSE,FALSE,FALSE,,trunk decay,basal growth,FALSE
16-ACPL-084,16-ACPL-084,7/5/2022,16,84,Acer,platanoides,ACPL,,FALSE,FALSE,,18.2,MFR,SP,TRUE,TRUE,FALSE,FALSE,FALSE,TRUE,TRUE,FALSE,FALSE,FALSE,FALSE,FALSE,TRUE,TRUE,FALSE,FALSE,FALSE,,trunk decay,trunk sprout,FALSE
16-ACPL-085,16-ACPL-085,7/5/2022,16,85,Acer,platanoides,ACPL,,FALSE,FALSE,,17.7,MFR,SP,TRUE,TRUE,FALSE,FALSE,FALSE,TRUE,TRUE,FALSE,FALSE,FALSE,FALSE,FALSE,TRUE,FALSE,FALSE,FALSE,FALSE,,"starting to girdle, trunk leaking",bulbs with growths on trunk,FALSE
16-ACRU-086,16-ACRU-086,7/5/2022,16,86,Acer,rubrum,ACRU,,FALSE,FALSE,,19,MFR,SP,TRUE,TRUE,FALSE,FALSE,FALSE,TRUE,TRUE,FALSE,FALSE,FALSE,FALSE,FALSE,TRUE,TRUE,FALSE,TRUE,FALSE,,"trunk decay, deep hole in trunk",trunk sprout,FALSE
16-GLTR-087,16-GLTR-087,7/5/2022,16,87,Gleditsia,triacanthos,GLTR,,FALSE,FALSE,,26.6,MFR,SP,TRUE,TRUE,FALSE,FALSE,FALSE,TRUE,TRUE,FALSE,FALSE,FALSE,TRUE,FALSE,TRUE,FALSE,FALSE,FALSE,FALSE,,trunk decay,,FALSE
16-ACPL-088,16-ACPL-088,7/5/2022,16,88,Acer,platanoides,ACPL,,FALSE,FALSE,,16.6,MFR,SP,TRUE,TRUE,FALSE,FALSE,FALSE,TRUE,TRUE,FALSE,FALSE,FALSE,FALSE,FALSE,TRUE,TRUE,FALSE,FALSE,TRUE,,,,FALSE
16-ACPL-089,16-ACPL-089,7/5/2022,16,89,Acer,platanoides,ACPL,,FALSE,FALSE,,20.6,MFR,SP,TRUE,TRUE,FALSE,FALSE,FALSE,TRUE,TRUE,FALSE,FALSE,FALSE,FALSE,FALSE,TRUE,TRUE,FALSE,FALSE,FALSE,,"bump at base, decaying branch",,FALSE
