Date,Tree Name,Tree Number,QA/QC,Genus,Species,Species ID Code,Campus ID,ID Notes,Multi-stemmed,DBH (in),DBH 2 (in),DBH 3 (in),DBH 4 (in),DBH 5 (in),DBH 6 (in),Total DBH,Esimated DBH,Height Measured (DBH),Land Use Type,Site type,Percent Imperv in Root Zone,Street,Sidewalk,Powerline,Mulch,Mulch Volcano,Tree guard,Stake,Gator bag,Pruned,Prune - Cut to branch collar,Prune - hatrack,Prune - flush cut,Prune - tear bark,Prune - bleeding wound,Gardenscape,Mowing,Grass Description,Other Cues to Care,Roots visible above soil,Fungal Conch,Road/Sidewalk Lift,Road/Sidewalk crack,Broken or Dead Branches in crown,Trunk damage,Leaf curling or Wrinkling,Other Notable Damage,Other notes,Discoloration,Defoliation,Dieback,Crown Vigor,Crown Light Exposure,Dead,"Removed, Missing, or Inaccessible",Go Back/ Double-Check
6/6/2023,ACRU-001,1,FALSE,Acer,rubrum,ACRU,RAC220120307,,FALSE,10.7,,,,,,10.7,,,INST,OM,2,FALSE,TRUE,FALSE,TRUE,FALSE,FALSE,FALSE,FALSE,TRUE,TRUE,FALSE,FALSE,FALSE,FALSE,Minimal,recent,Patchy but green,,FALSE,FALSE,FALSE,FALSE,TRUE,FALSE,FALSE,,,1,2,1,2,3,FALSE,FALSE,FALSE
6/6/2023,ULPA-002,2,FALSE,Ulmus,parvifolia,ULPA,RUL20130639,,FALSE,10.4,,,,,,10.4,,,INST,OM,2,FALSE,TRUE,FALSE,TRUE,FALSE,FALSE,FALSE,FALSE,TRUE,TRUE,FALSE,FALSE,FALSE,FALSE,Minimal,recent,Lush,"wet ground, irrrigation",FALSE,FALSE,FALSE,FALSE,FALSE,FALSE,FALSE,,"strange protruding holes in rows on bark, possibly woodpecker",1,1,2,2,3,FALSE,FALSE,FALSE
6/6/2023,ULPA-003,3,FALSE,Ulmus,parvifolia,ULPA,RUL20130550,,FALSE,11,,,,,,11,,,INST,OM,2,FALSE,TRUE,FALSE,TRUE,FALSE,FALSE,FALSE,FALSE,TRUE,TRUE,FALSE,FALSE,FALSE,FALSE,Minimal,recent,Lush,"wet ground, irrrigation",FALSE,FALSE,FALSE,FALSE,TRUE,FALSE,FALSE,,"strange protruding holes in rows on bark, possibly woodpecker",1,1,2,1,2,FALSE,FALSE,FALSE
6/6/2023,ULPA-004,4,FALSE,Ulmus,parvifolia,ULPA,RUL20130552,,FALSE,10.3,,,,,,10.3,,,INST,OM,2,FALSE,TRUE,FALSE,TRUE,FALSE,FALSE,FALSE,FALSE,TRUE,TRUE,FALSE,FALSE,FALSE,FALSE,Minimal,recent,Lush,"wet ground, irrrigation",FALSE,FALSE,FALSE,FALSE,TRUE,FALSE,FALSE,mistletoe ,,2,1,2,2,2,FALSE,FALSE,FALSE
6/6/2023,ULPA-005,5,FALSE,Ulmus,parvifolia,ULPA,RUL20130551,,FALSE,12.05,,,,,,12.05,,,INST,OM,2,FALSE,TRUE,FALSE,TRUE,FALSE,FALSE,FALSE,FALSE,TRUE,TRUE,FALSE,FALSE,TRUE,FALSE,Minimal,recent,Lush,"wet ground, irrrigation",FALSE,FALSE,FALSE,FALSE,TRUE,TRUE,FALSE,"mistletoe, brown calluses in trunk",,2,2,2,2,3,FALSE,FALSE,FALSE
6/6/2023,ULPA-006,6,FALSE,Ulmus,parvifolia,ULPA,RUL20130554,,FALSE,10.1,,,,,,10.1,,,INST,OM,2,FALSE,TRUE,FALSE,TRUE,FALSE,FALSE,FALSE,FALSE,TRUE,TRUE,FALSE,FALSE,FALSE,FALSE,Minimal,recent,Lush,"wet ground, irrrigation",TRUE,FALSE,FALSE,FALSE,TRUE,TRUE,FALSE,brown calluses in trunk,,1,1,2,1,2,FALSE,FALSE,FALSE
6/6/2023,ULPA-007,7,FALSE,Ulmus,parvifolia,ULPA,RUL201330009,,FALSE,10,,,,,,10,,,INST,OM,2,FALSE,TRUE,FALSE,TRUE,FALSE,FALSE,FALSE,FALSE,TRUE,TRUE,FALSE,FALSE,FALSE,FALSE,Minimal,recent,Lush,"wet ground, irrrigation",FALSE,FALSE,FALSE,FALSE,TRUE,FALSE,FALSE,,"To the south of the previous tree, further from the building",1,1,1,1,1,FALSE,FALSE,FALSE
6/6/2023,ACRU-XX,XX,FALSE,Acer,rubrum,ACRU,RAC220130700,,FALSE,,,,,,,0,,,INST,,,FALSE,FALSE,FALSE,FALSE,FALSE,FALSE,FALSE,FALSE,FALSE,FALSE,FALSE,FALSE,FALSE,FALSE,,,,,FALSE,FALSE,FALSE,FALSE,FALSE,FALSE,FALSE,,,,,,,,FALSE,TRUE,FALSE
6/6/2023,ACRU-008,8,FALSE,Acer,rubrum,ACRU,RAC2XXXXExtra1,,FALSE,10.6,,,,,,10.6,,,INST,OM,2,FALSE,TRUE,FALSE,FALSE,FALSE,FALSE,FALSE,FALSE,TRUE,TRUE,FALSE,FALSE,FALSE,FALSE,Extensive,N/A,None,,FALSE,FALSE,FALSE,FALSE,FALSE,FALSE,FALSE,,pine bark,1,2,2,1,3,FALSE,FALSE,FALSE
6/6/2023,ACRU-009,9,FALSE,Acer,rubrum,ACRU,RAC220120377,,FALSE,14.7,,,,,,14.7,,,INST,OM,5,FALSE,TRUE,FALSE,FALSE,FALSE,FALSE,FALSE,FALSE,TRUE,TRUE,TRUE,FALSE,FALSE,FALSE,Minimal,old,Lush,,TRUE,FALSE,FALSE,FALSE,TRUE,FALSE,FALSE,different cultivar than identification,columnar growth,3,1,4,3,4,FALSE,FALSE,FALSE
6/12/2023,LAIN-010,10,FALSE,Lagerstroemia,indica,LAIN,RLA20130515,,TRUE,6.3,4.1,5.4,5.1,4.7,,25.6,,,INST,OM,4,TRUE,TRUE,FALSE,TRUE,TRUE,FALSE,FALSE,FALSE,TRUE,TRUE,FALSE,FALSE,FALSE,FALSE,Minimal,N/A,None,,FALSE,FALSE,FALSE,FALSE,TRUE,FALSE,FALSE,bulbous growths on bark,dead caterpillars present between stems ,2,1,2,1,3,FALSE,FALSE,FALSE
6/12/2023,ACRU-011,11,FALSE,Acer,rubrum,ACRU,RAC220120443,,FALSE,15.5,,,,,,15.5,,"3'11""",INST,OM,2,TRUE,TRUE,FALSE,TRUE,TRUE,FALSE,FALSE,FALSE,TRUE,TRUE,FALSE,FALSE,FALSE,FALSE,Minimal,N/A,None,,FALSE,FALSE,FALSE,FALSE,TRUE,TRUE,FALSE,"decay from pruning wounds, woodpecker damage",,2,1,2,2,4,FALSE,FALSE,FALSE
6/12/2023,ULPA-012,12,FALSE,Ulmus,parvifolia,ULPA,RUL20120351,,FALSE,3.9,,,,,,3.9,,,INST,PB,5,FALSE,FALSE,FALSE,FALSE,FALSE,FALSE,FALSE,FALSE,TRUE,TRUE,TRUE,FALSE,FALSE,FALSE,Minimal,N/A,None,,TRUE,FALSE,FALSE,FALSE,TRUE,FALSE,FALSE,,ivy around base,2,1,8,3,4,FALSE,FALSE,FALSE
6/12/2023,ULPA-013,13,FALSE,Ulmus,parvifolia,ULPA,RUL20120350,,FALSE,3.7,,,,,,3.7,,"4'3""",INST,PB,5,FALSE,FALSE,FALSE,FALSE,FALSE,FALSE,FALSE,FALSE,TRUE,TRUE,FALSE,FALSE,FALSE,FALSE,Minimal,N/A,None,,FALSE,FALSE,FALSE,FALSE,TRUE,FALSE,FALSE,,ivy around base,2,1,8,3,5,FALSE,FALSE,FALSE
6/12/2023,ULPA-014,14,FALSE,Ulmus,parvifolia,ULPA,RUL20120348,,FALSE,3.6,,,,,,3.6,,"4'0""",INST,PB,5,FALSE,FALSE,FALSE,FALSE,FALSE,FALSE,FALSE,FALSE,TRUE,TRUE,FALSE,FALSE,FALSE,FALSE,Minimal,N/A,None,,FALSE,FALSE,FALSE,FALSE,TRUE,FALSE,FALSE,,ivy around base,2,1,9,4,4,FALSE,FALSE,FALSE
6/12/2023,ULPA-015,15,FALSE,Ulmus,parvifolia,ULPA,RUL20120346,,FALSE,3.9,,,,,,3.9,,,INST,PB,5,FALSE,FALSE,FALSE,FALSE,FALSE,FALSE,FALSE,FALSE,TRUE,TRUE,FALSE,FALSE,FALSE,FALSE,Minimal,N/A,None,,FALSE,FALSE,FALSE,FALSE,TRUE,FALSE,FALSE,,ivy around base,2,1,8,3,5,FALSE,FALSE,FALSE
6/12/2023,ULPA-016,16,FALSE,Ulmus,parvifolia,ULPA,RUL20120345,,FALSE,4.2,,,,,,4.2,,"3'8""",INST,PB,5,FALSE,FALSE,FALSE,FALSE,FALSE,FALSE,FALSE,FALSE,TRUE,TRUE,FALSE,FALSE,FALSE,FALSE,Minimal,N/A,None,,FALSE,FALSE,FALSE,FALSE,TRUE,FALSE,FALSE,,ivy around base,2,1,9,3,4,FALSE,FALSE,FALSE
6/12/2023,ACRU-017,17,FALSE,Acer,rubrum,ACRU,RedMaple1,next to sculpture,TRUE,5.5,3.3,,,,,8.8,,,INST,NAT,1,FALSE,FALSE,FALSE,FALSE,FALSE,FALSE,FALSE,FALSE,TRUE,TRUE,FALSE,FALSE,FALSE,FALSE,Moderate,N/A,None,,FALSE,FALSE,FALSE,FALSE,FALSE,FALSE,FALSE,,extensive pine needles around base,2,1,6,2,1,FALSE,FALSE,FALSE
6/12/2023,ACRU-018,18,FALSE,Acer,rubrum,ACRU,RedMaple2,,FALSE,3.2,,,,,,3.2,,,INST,NAT,1,FALSE,FALSE,FALSE,FALSE,FALSE,FALSE,FALSE,FALSE,TRUE,TRUE,FALSE,FALSE,FALSE,FALSE,Moderate,N/A,None,,FALSE,FALSE,FALSE,FALSE,TRUE,FALSE,FALSE,,extensive pine needles around base,2,2,8,3,0,FALSE,FALSE,FALSE
6/12/2023,ACRU-019,19,FALSE,Acer,rubrum,ACRU,RedMaple3,,FALSE,7.1,,,,,,7.1,,,INST,NAT,1,FALSE,FALSE,FALSE,FALSE,FALSE,FALSE,FALSE,FALSE,TRUE,TRUE,FALSE,FALSE,FALSE,FALSE,Moderate,N/A,None,,FALSE,FALSE,FALSE,FALSE,TRUE,FALSE,FALSE,,extensive pine needles around base,2,2,6,3,1,FALSE,FALSE,FALSE
6/12/2023,CECA-020,20,FALSE,Cercis,canadensis,CECA,RCE620130430,inaccessible ,FALSE,,,,,,,0,,,INST,,,FALSE,FALSE,FALSE,FALSE,FALSE,FALSE,FALSE,FALSE,FALSE,FALSE,FALSE,FALSE,FALSE,FALSE,,,,,FALSE,FALSE,FALSE,FALSE,FALSE,FALSE,FALSE,,,,,,,,FALSE,TRUE,FALSE
6/12/2023,CECA-021,21,FALSE,Cercis,canadensis,CECA,RCE620140277,inaccessible ,FALSE,,,,,,,0,,,INST,,,FALSE,FALSE,FALSE,FALSE,FALSE,FALSE,FALSE,FALSE,FALSE,FALSE,FALSE,FALSE,FALSE,FALSE,,,,,FALSE,FALSE,FALSE,FALSE,FALSE,FALSE,FALSE,,,,,,,,FALSE,TRUE,FALSE
6/12/2023,CECA-022,22,FALSE,Cercis,canadensis,CECA,RCE620130885,inaccessible ,FALSE,,,,,,,0,,,INST,,,FALSE,FALSE,FALSE,FALSE,FALSE,FALSE,FALSE,FALSE,FALSE,FALSE,FALSE,FALSE,FALSE,FALSE,,,,,FALSE,FALSE,FALSE,FALSE,FALSE,FALSE,FALSE,,,,,,,,FALSE,TRUE,FALSE
6/12/2023,ULAM-023,23,FALSE,Ulmus,americana,ULAM,RUL20120147,,FALSE,,,,,,,0,,,INST,,,FALSE,FALSE,FALSE,FALSE,FALSE,FALSE,FALSE,FALSE,FALSE,FALSE,FALSE,FALSE,FALSE,FALSE,,,,,FALSE,FALSE,FALSE,FALSE,FALSE,FALSE,FALSE,,,,,,,,FALSE,TRUE,FALSE
6/12/2023,ULAM-024,24,FALSE,Ulmus,americana,ULAM,RUL20120116,,FALSE,,,,,,,0,,,INST,,,FALSE,FALSE,FALSE,FALSE,FALSE,FALSE,FALSE,FALSE,FALSE,FALSE,FALSE,FALSE,FALSE,FALSE,,,,,FALSE,FALSE,FALSE,FALSE,FALSE,FALSE,FALSE,,,,,,,,FALSE,TRUE,FALSE
6/12/2023,ULPA-025,25,FALSE,Ulmus,parvifolia,ULPA,RUL20120234,,FALSE,,,,,,,0,,,INST,,,FALSE,FALSE,FALSE,FALSE,FALSE,FALSE,FALSE,FALSE,FALSE,FALSE,FALSE,FALSE,FALSE,FALSE,,,,,FALSE,FALSE,FALSE,FALSE,FALSE,FALSE,FALSE,,,,,,,,FALSE,TRUE,FALSE
6/12/2023,CECA-026,26,FALSE,Cercis,canadensis,CECA,ACE620130208,,FALSE,7.5,,,,,,7.5,,"3'5""",INST,OM,1,FALSE,FALSE,FALSE,TRUE,FALSE,FALSE,FALSE,FALSE,TRUE,TRUE,FALSE,FALSE,FALSE,FALSE,Moderate,N/A,None,,TRUE,FALSE,FALSE,FALSE,TRUE,FALSE,FALSE,,pine straw mulch,2,2,2,2,3,FALSE,FALSE,FALSE
6/12/2023,ACRU-027,27,FALSE,Acer,rubrum,ACRU,AAC220130257,,FALSE,3.8,,,,,,3.8,,,INST,OM,1,FALSE,FALSE,FALSE,TRUE,FALSE,FALSE,FALSE,FALSE,TRUE,TRUE,FALSE,FALSE,FALSE,TRUE,Moderate,N/A,None,,FALSE,FALSE,FALSE,FALSE,TRUE,FALSE,FALSE,,pine straw mulch,2,2,3,2,1,FALSE,FALSE,FALSE
6/12/2023,ACRU-028,28,FALSE,Acer,rubrum,ACRU,RAC220120246,,FALSE,9.5,,,,,,9.5,,"3'7""",INST,OM,2,FALSE,TRUE,FALSE,FALSE,FALSE,FALSE,FALSE,FALSE,TRUE,TRUE,FALSE,FALSE,FALSE,FALSE,Minimal,recent,Patchy but green,,TRUE,FALSE,FALSE,FALSE,TRUE,FALSE,FALSE,,,5,1,6,4,4,FALSE,FALSE,FALSE
6/12/2023,ACRU-029,29,FALSE,Acer,rubrum,ACRU,RAC220130236,,FALSE,8.5,,,,,,8.5,,"3'8""",INST,SC,2,FALSE,TRUE,FALSE,TRUE,FALSE,FALSE,FALSE,FALSE,TRUE,FALSE,FALSE,FALSE,TRUE,FALSE,Minimal,N/A,None,,FALSE,FALSE,FALSE,FALSE,FALSE,FALSE,FALSE,,old mulch,2,1,1,1,4,FALSE,FALSE,FALSE
6/13/2023,ACRU-030,30,FALSE,Acer,rubrum,ACRU,RAC220130236,,FALSE,9.8,,,,,,9.8,,"3'11""",INST,OH,3,FALSE,TRUE,FALSE,FALSE,FALSE,FALSE,FALSE,FALSE,TRUE,TRUE,FALSE,FALSE,FALSE,FALSE,Minimal,N/A,None,,FALSE,FALSE,FALSE,FALSE,FALSE,FALSE,FALSE,,,1,1,1,1,3,FALSE,FALSE,FALSE
6/13/2023,ACRU-031,31,FALSE,Acer,rubrum,ACRU,RAC220130319,,FALSE,8.5,,,,,,8.5,,,INST,OM,1,FALSE,FALSE,FALSE,FALSE,FALSE,FALSE,FALSE,FALSE,TRUE,TRUE,FALSE,FALSE,FALSE,FALSE,Minimal,N/A,None,decay at the base? picture was taken. sprinkler seen near base,FALSE,FALSE,FALSE,FALSE,FALSE,TRUE,FALSE,,,2,1,2,2,3,FALSE,FALSE,FALSE
6/13/2023,ULAM-032,32,FALSE,Ulmus,americana,ULAM,RUL20120148,,FALSE,21.8,,,,,,21.8,,"3'4""",INST,OM,3,FALSE,TRUE,FALSE,FALSE,FALSE,FALSE,FALSE,FALSE,TRUE,FALSE,TRUE,FALSE,FALSE,FALSE,Minimal,N/A,None,,FALSE,FALSE,TRUE,TRUE,TRUE,FALSE,FALSE,stressed back-branching on lower trunk,,1,2,4,3,2,FALSE,FALSE,FALSE
6/13/2023,ACRU-033,33,FALSE,Acer,rubrum,ACRU,RAC220120174,,FALSE,10,,,,,,10,,,INST,OM,3,FALSE,TRUE,FALSE,FALSE,FALSE,FALSE,FALSE,FALSE,TRUE,TRUE,TRUE,FALSE,FALSE,FALSE,Minimal,recent,Lush,,FALSE,FALSE,TRUE,FALSE,TRUE,FALSE,FALSE,,white larvae under leaves,3,1,1,3,4,FALSE,FALSE,FALSE
6/13/2023,QUPH-034,34,FALSE,Quercus,phellos,QUPH,AQU20120041,,FALSE,7.8,,,,,,7.8,,,INST,OM,2,TRUE,TRUE,FALSE,FALSE,FALSE,FALSE,FALSE,FALSE,TRUE,TRUE,FALSE,FALSE,FALSE,FALSE,Moderate,N/A,None,,FALSE,FALSE,FALSE,FALSE,TRUE,FALSE,FALSE,leaves curling with white fungus,replacement tree- located next to stop sign,2,2,1,2,5,FALSE,FALSE,FALSE
6/13/2023,LAIN-035,35,FALSE,Lagerstroemia,indica,LAIN,ALA20140161,,FALSE,,,,,,,0,,,INST,,,FALSE,FALSE,FALSE,FALSE,FALSE,FALSE,FALSE,FALSE,FALSE,FALSE,FALSE,FALSE,FALSE,FALSE,,,,,FALSE,FALSE,FALSE,FALSE,FALSE,FALSE,FALSE,,,,,,,,FALSE,TRUE,FALSE
6/13/2023,CECA-036,36,FALSE,Cercis,canadensis,CECA,ACE620120292,,FALSE,4,,,,,,4,,"3'5""",INST,OM,3,TRUE,FALSE,FALSE,FALSE,FALSE,FALSE,FALSE,FALSE,TRUE,TRUE,FALSE,FALSE,FALSE,FALSE,Moderate,recent,Lush,,FALSE,FALSE,FALSE,FALSE,TRUE,FALSE,FALSE,,,2,2,3,2,5,FALSE,FALSE,FALSE
6/13/2023,CECA-037,37,FALSE,Cercis,canadensis,CECA,ACE620150117,,FALSE,4.9,,,,,,4.9,,,INST,OM,3,FALSE,FALSE,FALSE,FALSE,FALSE,FALSE,FALSE,FALSE,TRUE,FALSE,TRUE,FALSE,FALSE,FALSE,None,N/A,None,,FALSE,FALSE,FALSE,FALSE,TRUE,FALSE,FALSE,,,2,2,1,2,1,FALSE,FALSE,FALSE
6/13/2023,LAIN-038,38,FALSE,Lagerstroemia,indica,LAIN,ALA20180033,,TRUE,2.8,2.2,2,2.8,2.9,2.8,15.5,,,INST,SC,5,FALSE,TRUE,FALSE,FALSE,FALSE,FALSE,FALSE,FALSE,TRUE,TRUE,FALSE,FALSE,FALSE,FALSE,None,N/A,None,"surrounded by impervious brick, irrigation hose present ",FALSE,FALSE,FALSE,FALSE,TRUE,FALSE,FALSE,,,2,1,1,1,5,FALSE,FALSE,FALSE
6/13/2023,LAIN-039,39,FALSE,Lagerstroemia,indica,LAIN,ALA20180029,,TRUE,2.4,2.2,2,1.9,2.2,,10.7,,,INST,SC,5,FALSE,TRUE,FALSE,FALSE,FALSE,FALSE,FALSE,FALSE,TRUE,TRUE,FALSE,FALSE,FALSE,FALSE,None,N/A,None,"surrounded by impervious brick, irrigation hose present ",FALSE,FALSE,FALSE,FALSE,TRUE,FALSE,FALSE,,,2,1,2,1,5,FALSE,FALSE,FALSE
6/13/2023,LAIN-040,40,FALSE,Lagerstroemia,indica,LAIN,ALA20180025,,TRUE,2.9,1.7,2.7,1.9,2.7,,11.9,,,INST,SC,5,FALSE,TRUE,FALSE,FALSE,FALSE,FALSE,FALSE,FALSE,TRUE,TRUE,FALSE,FALSE,FALSE,FALSE,None,N/A,None,"surrounded by impervious brick, irrigation hose present ",FALSE,FALSE,FALSE,FALSE,TRUE,FALSE,FALSE,,,2,1,1,1,5,FALSE,FALSE,FALSE
6/13/2023,LAIN-041,41,FALSE,Lagerstroemia,indica,LAIN,ALA20180034,,TRUE,3.3,2.8,2.3,2.6,,,11,,,INST,SC,5,FALSE,TRUE,FALSE,FALSE,FALSE,FALSE,FALSE,FALSE,TRUE,TRUE,FALSE,FALSE,FALSE,FALSE,None,N/A,None,"surrounded by impervious brick, irrigation hose present ",FALSE,FALSE,FALSE,FALSE,FALSE,TRUE,FALSE,"revealing heartwood, may be physical damage or sign of disease",,2,1,1,1,5,FALSE,FALSE,FALSE
6/13/2023,LAIN-042,42,FALSE,Lagerstroemia,indica,LAIN,ALA20180024,,TRUE,3.1,2.3,2.8,2.3,2.4,2.1,15,,,INST,SC,5,FALSE,TRUE,FALSE,FALSE,FALSE,FALSE,FALSE,FALSE,TRUE,TRUE,FALSE,FALSE,FALSE,FALSE,None,N/A,None,"surrounded by impervious brick, irrigation hose present ",FALSE,FALSE,FALSE,FALSE,TRUE,FALSE,FALSE,,,1,2,4,2,5,FALSE,FALSE,FALSE
6/13/2023,LAIN-043,43,FALSE,Lagerstroemia,indica,LAIN,ALA20180013,,TRUE,2,1.7,1.6,1.8,1.6,2.1,10.8,,,INST,SC,5,FALSE,TRUE,FALSE,FALSE,FALSE,FALSE,FALSE,FALSE,TRUE,TRUE,FALSE,FALSE,FALSE,FALSE,None,N/A,None,"surrounded by impervious brick, irrigation hose present ",FALSE,FALSE,FALSE,FALSE,FALSE,FALSE,FALSE,,,2,1,3,1,5,FALSE,FALSE,FALSE
6/13/2023,LAIN-044,44,FALSE,Lagerstroemia,indica,LAIN,ALA20170068,,TRUE,3.3,3,3.3,3.1,2.8,,15.5,,,INST,SC,5,FALSE,TRUE,FALSE,FALSE,FALSE,FALSE,FALSE,FALSE,TRUE,TRUE,FALSE,FALSE,FALSE,FALSE,None,N/A,None,"surrounded by impervious brick, irrigation hose present ",FALSE,FALSE,FALSE,FALSE,TRUE,FALSE,FALSE,,,1,1,1,1,4,FALSE,FALSE,FALSE
6/13/2023,LAIN-045,45,FALSE,Lagerstroemia,indica,LAIN,ALA20150067,,TRUE,2.9,3.1,2.6,2.3,1.6,,12.5,,,INST,SC,4,FALSE,TRUE,FALSE,FALSE,FALSE,FALSE,FALSE,FALSE,TRUE,TRUE,FALSE,FALSE,FALSE,FALSE,None,old,Lush,irrigation hose,FALSE,FALSE,FALSE,FALSE,FALSE,FALSE,FALSE,,bird nest,1,2,1,1,5,FALSE,FALSE,FALSE
6/13/2023,ULAM-046,46,FALSE,Ulmus,americana,ULAM,AUL20150062,,TRUE,3.4,3.1,3.2,2.7,,,12.4,,,INST,OM,2,FALSE,FALSE,FALSE,FALSE,FALSE,FALSE,FALSE,FALSE,TRUE,TRUE,FALSE,FALSE,FALSE,FALSE,None,old,Lush,irrigation hose,FALSE,FALSE,FALSE,FALSE,TRUE,FALSE,FALSE,,,1,2,1,1,5,FALSE,FALSE,FALSE
6/13/2023,ULAM-047,47,FALSE,Ulmus,americana,ULAM,AUL20150065,,TRUE,3.3,3.5,2.5,1.9,3.4,2.2,16.8,,,INST,OM,2,FALSE,TRUE,FALSE,FALSE,FALSE,FALSE,FALSE,FALSE,TRUE,TRUE,FALSE,FALSE,FALSE,FALSE,None,old,Lush,irrigation hose,FALSE,FALSE,FALSE,FALSE,FALSE,FALSE,FALSE,,,2,2,1,1,5,FALSE,FALSE,FALSE
6/13/2023,ACRU-048,XX,FALSE,Acer,rubrum,ACRU,AAC220120139,,FALSE,,,,,,,0,,,,,,FALSE,FALSE,FALSE,FALSE,FALSE,FALSE,FALSE,FALSE,FALSE,FALSE,FALSE,FALSE,FALSE,FALSE,,,,,FALSE,FALSE,FALSE,FALSE,FALSE,FALSE,FALSE,,,,,,,,FALSE,TRUE,FALSE
6/13/2023,ACRU-048,48,FALSE,Acer,rubrum,ACRU,,replacement,FALSE,17.1,,,,,,17.1,,,INST,OM,4,TRUE,FALSE,FALSE,FALSE,FALSE,FALSE,FALSE,FALSE,TRUE,TRUE,FALSE,FALSE,FALSE,FALSE,None,N/A,None,,TRUE,FALSE,FALSE,FALSE,TRUE,FALSE,FALSE,,I think has wrong location on map,2,1,1,1,5,FALSE,FALSE,FALSE
6/13/2023,ACRU-XX,XX,FALSE,Acer,rubrum,ACRU,AAC220120021,,FALSE,,,,,,,0,,,,,,FALSE,FALSE,FALSE,FALSE,FALSE,FALSE,FALSE,FALSE,FALSE,FALSE,FALSE,FALSE,FALSE,FALSE,,,,,FALSE,FALSE,FALSE,FALSE,FALSE,FALSE,FALSE,,,,,,,,FALSE,TRUE,FALSE
6/13/2023,LAIN-049,49,FALSE,Lagerstroemia,indica,LAIN,ALA20180013,,TRUE,2.3,2.2,1.8,,,,6.3,,,INST,SC,5,TRUE,TRUE,FALSE,FALSE,FALSE,FALSE,FALSE,FALSE,TRUE,TRUE,FALSE,FALSE,FALSE,FALSE,None,N/A,None,"surrounded by impervious brick, irrigation hose present ",FALSE,FALSE,FALSE,FALSE,TRUE,FALSE,FALSE,,,2,1,2,1,5,FALSE,FALSE,FALSE
6/13/2023,LAIN-050,50,FALSE,Lagerstroemia,indica,LAIN,ALA20180011,,TRUE,2,2.1,1.7,1.7,1.6,1.8,10.9,,,INST,SC,5,TRUE,TRUE,FALSE,FALSE,FALSE,FALSE,FALSE,FALSE,TRUE,TRUE,FALSE,FALSE,FALSE,FALSE,None,N/A,None,"surrounded by impervious brick, irrigation hose present ",FALSE,FALSE,FALSE,FALSE,TRUE,FALSE,FALSE,,,2,1,5,3,5,FALSE,FALSE,FALSE
6/13/2023,LAIN-051,51,FALSE,Lagerstroemia,indica,LAIN,ALA20180002,,TRUE,2.9,2.7,2.7,2.9,,,11.2,,,INST,SC,5,TRUE,TRUE,FALSE,FALSE,FALSE,FALSE,FALSE,FALSE,TRUE,FALSE,FALSE,FALSE,FALSE,FALSE,None,N/A,None,"surrounded by impervious brick, irrigation hose present ",FALSE,FALSE,FALSE,FALSE,TRUE,FALSE,FALSE,,,1,1,2,1,5,FALSE,FALSE,FALSE
6/13/2023,ACRU-052,52,FALSE,Acer,rubrum,ACRU,AAC220120035,,FALSE,,,,,,,0,,,INST,,,FALSE,FALSE,FALSE,FALSE,FALSE,FALSE,FALSE,FALSE,FALSE,FALSE,FALSE,FALSE,FALSE,FALSE,,,,,FALSE,FALSE,FALSE,FALSE,FALSE,FALSE,FALSE,,,,,,,,FALSE,TRUE,FALSE
6/13/2023,ULAM-053,53,FALSE,Ulmus,americana,ULAM,AUL20180115,,FALSE,8.1,,,,,,8.1,,,INST,SC,5,FALSE,TRUE,FALSE,FALSE,FALSE,FALSE,FALSE,FALSE,TRUE,TRUE,FALSE,FALSE,FALSE,FALSE,None,N/A,None,,FALSE,FALSE,FALSE,FALSE,TRUE,FALSE,FALSE,"minor exit holes, leaves are sticky",,3,2,3,3,4,FALSE,FALSE,FALSE
6/13/2023,ACRU-054,54,FALSE,Acer,rubrum,ACRU,AAC220120013,,FALSE,,,,,,,0,,,INST,,,FALSE,FALSE,FALSE,FALSE,FALSE,FALSE,FALSE,FALSE,FALSE,FALSE,FALSE,FALSE,FALSE,FALSE,,,,,FALSE,FALSE,FALSE,FALSE,FALSE,FALSE,FALSE,,,,,,,,FALSE,TRUE,FALSE
6/13/2023,ULAM-055,55,FALSE,Ulmus,americana,ULAM,AUL20180117,,FALSE,8.3,,,,,,8.3,,,INST,OH,5,FALSE,TRUE,FALSE,FALSE,FALSE,FALSE,FALSE,FALSE,TRUE,TRUE,FALSE,FALSE,FALSE,FALSE,None,N/A,None,,FALSE,FALSE,FALSE,FALSE,FALSE,FALSE,FALSE,leaves are sticky,,1,2,4,2,4,FALSE,FALSE,FALSE
6/13/2023,ULAM-056,56,FALSE,Ulmus,americana,ULAM,AUL20180116,,FALSE,6.3,,,,,,6.3,,,INST,OH,5,FALSE,TRUE,FALSE,FALSE,FALSE,FALSE,FALSE,FALSE,FALSE,FALSE,FALSE,FALSE,FALSE,FALSE,None,N/A,None,,FALSE,FALSE,FALSE,FALSE,TRUE,FALSE,FALSE,leaves are sticky,,2,1,2,2,4,FALSE,FALSE,FALSE
6/13/2023,ULAM-057,57,FALSE,Ulmus,americana,ULAM,AUL20180118,,FALSE,7.3,,,,,,7.3,,,INST,OH,5,FALSE,FALSE,FALSE,FALSE,FALSE,FALSE,FALSE,FALSE,TRUE,TRUE,FALSE,FALSE,FALSE,FALSE,None,N/A,None,,FALSE,FALSE,FALSE,FALSE,TRUE,FALSE,FALSE,leaves are sticky,,2,1,8,3,4,FALSE,FALSE,FALSE
6/13/2023,ULAM-058,58,FALSE,Ulmus,americana,ULAM,AUL20180119,,FALSE,7.8,,,,,,7.8,,,INST,OH,5,FALSE,FALSE,FALSE,FALSE,FALSE,FALSE,FALSE,FALSE,TRUE,TRUE,FALSE,FALSE,FALSE,FALSE,None,N/A,None,,FALSE,FALSE,FALSE,FALSE,FALSE,FALSE,FALSE,leaves are sticky,,2,1,2,1,4,FALSE,FALSE,FALSE
6/13/2023,ACRU-059,59,FALSE,Acer,rubrum,ACRU,AAC220120200,,FALSE,8,,,,,,8,,,INST,OM,4,FALSE,TRUE,FALSE,TRUE,FALSE,FALSE,FALSE,FALSE,FALSE,FALSE,FALSE,FALSE,FALSE,FALSE,None,recent,Patchy but green,sewer gate approx 3 ft away,TRUE,FALSE,FALSE,FALSE,FALSE,FALSE,FALSE,,,3,1,3,3,4,FALSE,FALSE,FALSE
6/13/2023,ACRU-060,60,FALSE,Acer,rubrum,ACRU,AAC220120232,,FALSE,7.5,,,,,,7.5,,,INST,OM,3,FALSE,TRUE,FALSE,TRUE,FALSE,FALSE,FALSE,FALSE,TRUE,TRUE,FALSE,FALSE,FALSE,FALSE,None,recent,Patchy but green,,TRUE,FALSE,FALSE,FALSE,TRUE,FALSE,FALSE,,,3,1,7,4,5,FALSE,FALSE,FALSE
6/13/2023,ACRU-061,61,FALSE,Acer,rubrum,ACRU,AAC220120232,,FALSE,5.4,,,,,,5.4,,,INST,OM,4,FALSE,TRUE,FALSE,FALSE,FALSE,FALSE,FALSE,FALSE,TRUE,TRUE,TRUE,FALSE,FALSE,FALSE,None,recent,Patchy but green,,FALSE,FALSE,FALSE,FALSE,TRUE,FALSE,FALSE,stressed regrowth,epicormic brancing,3,1,6,4,5,FALSE,FALSE,FALSE
6/13/2023,ACRU-062,62,FALSE,Acer,rubrum,ACRU,AAC20120244,,FALSE,9.4,,,,,,9.4,,,INST,OM,4,FALSE,TRUE,FALSE,FALSE,FALSE,FALSE,FALSE,FALSE,TRUE,FALSE,TRUE,FALSE,FALSE,FALSE,None,N/A,None,,TRUE,FALSE,FALSE,FALSE,FALSE,FALSE,FALSE,,,2,1,1,1,3,FALSE,FALSE,FALSE
6/13/2023,LAIN-063,63,FALSE,Lagerstroemia,indica,LAIN,ALA20140128,,FALSE,6.5,,,,,,6.5,,,INST,OM,5,FALSE,TRUE,FALSE,TRUE,FALSE,FALSE,FALSE,FALSE,TRUE,TRUE,FALSE,FALSE,FALSE,FALSE,None,N/A,None,,FALSE,FALSE,TRUE,TRUE,FALSE,FALSE,FALSE,,tree growth form,1,1,1,1,5,FALSE,FALSE,FALSE
6/13/2023,LAIN-064,64,FALSE,Lagerstroemia,indica,LAIN,ALA20140129,,FALSE,4.2,,,,,,4.2,,,INST,OM,5,FALSE,TRUE,FALSE,TRUE,FALSE,FALSE,FALSE,FALSE,TRUE,TRUE,FALSE,FALSE,FALSE,FALSE,None,N/A,None,,FALSE,FALSE,FALSE,TRUE,TRUE,TRUE,FALSE,minor scratches on bark,tree growth form,2,1,2,2,5,FALSE,FALSE,FALSE
6/13/2023,QUPH-065,65,FALSE,Quercus,phellos,QUPH,AQU20120238,,FALSE,39.7,,,,,,39.7,,,INST,OM,5,FALSE,TRUE,FALSE,FALSE,FALSE,FALSE,FALSE,FALSE,TRUE,TRUE,TRUE,FALSE,FALSE,FALSE,None,N/A,None,,TRUE,FALSE,FALSE,FALSE,TRUE,FALSE,FALSE,bleeding wound not result of pruning,,1,1,1,1,2,FALSE,FALSE,FALSE
6/13/2023,LAIN-066,66,FALSE,Lagerstroemia,indica,LAIN,ALA20140143,,TRUE,5.5,5.6,5.2,5.1,6.5,5.6,33.5,,,INST,OM,5,FALSE,TRUE,FALSE,FALSE,FALSE,FALSE,FALSE,FALSE,TRUE,TRUE,FALSE,FALSE,FALSE,FALSE,None,N/A,None,,TRUE,FALSE,FALSE,FALSE,FALSE,FALSE,FALSE,,,1,1,1,1,2,FALSE,FALSE,FALSE
6/13/2023,LAIN-067,67,FALSE,Lagerstroemia,indica,LAIN,ALA20140417,,TRUE,5.5,5.4,6.1,5.7,5.9,5.5,34.1,,,INST,OM,5,FALSE,TRUE,FALSE,FALSE,FALSE,FALSE,FALSE,FALSE,TRUE,TRUE,FALSE,FALSE,FALSE,FALSE,None,N/A,None,,FALSE,FALSE,FALSE,FALSE,FALSE,FALSE,FALSE,,,1,1,1,1,2,FALSE,FALSE,FALSE
6/13/2023,LAIN-068,68,FALSE,Lagerstroemia,indica,LAIN,ALA20140156,,TRUE,5,3.5,3.2,4.4,3.7,4.5,24.3,,,INST,OM,4,FALSE,TRUE,FALSE,FALSE,FALSE,FALSE,FALSE,FALSE,TRUE,TRUE,FALSE,FALSE,FALSE,FALSE,None,N/A,None,,TRUE,FALSE,FALSE,FALSE,TRUE,FALSE,FALSE,,,1,1,1,1,2,FALSE,FALSE,FALSE
6/13/2023,LAIN-069,69,FALSE,Lagerstroemia,indica,LAIN,ALA20140151,,TRUE,10.7,10.3,10.3,,,,31.3,,"3'4""",INST,OM,5,FALSE,TRUE,FALSE,FALSE,FALSE,FALSE,FALSE,FALSE,TRUE,TRUE,FALSE,FALSE,FALSE,FALSE,None,N/A,None,,TRUE,FALSE,FALSE,FALSE,TRUE,FALSE,FALSE,,tree growth form,1,1,1,1,2,FALSE,FALSE,FALSE
6/13/2023,ULPA-070,70,FALSE,Ulmus,parvifolia,ULPA,AUL20120129,,FALSE,,,,,,,0,,,INST,,,FALSE,FALSE,FALSE,FALSE,FALSE,FALSE,FALSE,FALSE,FALSE,FALSE,FALSE,FALSE,FALSE,FALSE,,,,,FALSE,FALSE,FALSE,FALSE,FALSE,FALSE,FALSE,,,,,,,,FALSE,TRUE,FALSE
6/13/2023,CECA-071,71,FALSE,Cercis,canadensis,CECA,ACE620140275,,FALSE,8.2,,,,,,8.2,,,INST,OM,4,FALSE,FALSE,FALSE,FALSE,TRUE,FALSE,FALSE,FALSE,TRUE,TRUE,FALSE,FALSE,FALSE,FALSE,None,N/A,None,,FALSE,FALSE,FALSE,FALSE,FALSE,FALSE,FALSE,,leaves look wrinkly and droopy ,2,1,1,2,3,FALSE,FALSE,FALSE
6/15/2023,ACRU-072,72,FALSE,Acer,rubrum,ACRU,RAC220120183,,FALSE,8.1,,,,,,8.1,,,INST,OM,3,FALSE,TRUE,FALSE,TRUE,FALSE,FALSE,FALSE,FALSE,TRUE,TRUE,FALSE,FALSE,FALSE,FALSE,None,recent,Patchy but green,,FALSE,FALSE,FALSE,FALSE,TRUE,FALSE,FALSE,,,3,1,3,3,5,FALSE,FALSE,FALSE
6/15/2023,ACRU-073,73,FALSE,Acer,rubrum,ACRU,RAC220120245,,FALSE,8.9,,,,,,8.9,,,INST,OM,3,FALSE,TRUE,FALSE,FALSE,FALSE,FALSE,FALSE,FALSE,TRUE,TRUE,FALSE,FALSE,FALSE,FALSE,None,recent,Lush,,TRUE,FALSE,FALSE,FALSE,TRUE,TRUE,FALSE,,,5,1,11,3,5,FALSE,FALSE,FALSE
6/15/2023,ULPA-074,74,FALSE,Ulmus,parvifolia,ULPA,AUL20120484,,FALSE,8.7,,,,,,8.7,,,INST,OM,2,FALSE,TRUE,FALSE,FALSE,FALSE,FALSE,FALSE,FALSE,TRUE,TRUE,FALSE,FALSE,FALSE,TRUE,Minimal,N/A,None,,TRUE,FALSE,FALSE,FALSE,TRUE,FALSE,FALSE,,,5,1,11,4,4,FALSE,FALSE,FALSE
6/15/2023,QUPH-075,75,FALSE,Quercus,phellos,QUPH,AQU20120277,,FALSE,45,,,,,,45,,,INST,OM,4,FALSE,TRUE,FALSE,TRUE,FALSE,FALSE,FALSE,FALSE,TRUE,TRUE,FALSE,FALSE,FALSE,FALSE,Minimal,recent,Lush,recently-transplanted grass,FALSE,FALSE,TRUE,FALSE,TRUE,FALSE,FALSE,,,1,1,2,1,5,FALSE,FALSE,FALSE
6/15/2023,QUPH-076,76,FALSE,Quercus,phellos,QUPH,AQU20120275,,FALSE,22.9,,,,,,22.9,,,INST,OM,3,FALSE,TRUE,FALSE,TRUE,FALSE,FALSE,FALSE,FALSE,TRUE,TRUE,FALSE,FALSE,FALSE,FALSE,None,recent,Lush,,FALSE,FALSE,FALSE,FALSE,FALSE,FALSE,FALSE,,patches of curled leaves,2,1,1,1,5,FALSE,FALSE,FALSE
6/15/2023,ULPA-077,77,FALSE,Ulmus,parvifolia,ULPA,AUL20120481,inaccessible ,FALSE,,,,,,,0,,,INST,,,FALSE,FALSE,FALSE,FALSE,FALSE,FALSE,FALSE,FALSE,FALSE,FALSE,FALSE,FALSE,FALSE,FALSE,,,,,FALSE,FALSE,FALSE,FALSE,FALSE,FALSE,FALSE,,,,,,,,FALSE,TRUE,FALSE
6/15/2023,ULPA-078,78,FALSE,Ulmus,parvifolia,ULPA,WUL20140019,,FALSE,,,,,,,0,,,INST,,,FALSE,FALSE,FALSE,FALSE,FALSE,FALSE,FALSE,FALSE,FALSE,FALSE,FALSE,FALSE,FALSE,FALSE,,,,,FALSE,FALSE,FALSE,FALSE,FALSE,FALSE,FALSE,,,,,,,,FALSE,TRUE,FALSE
6/15/2023,LAIN-079,79,FALSE,Lagerstroemia,indica,LAIN,WLA20130001,,FALSE,,,,,,,0,,,INST,,,FALSE,FALSE,FALSE,FALSE,FALSE,FALSE,FALSE,FALSE,FALSE,FALSE,FALSE,FALSE,FALSE,FALSE,,,,,FALSE,FALSE,FALSE,FALSE,FALSE,FALSE,FALSE,,,,,,,,FALSE,TRUE,FALSE
6/15/2023,ACRU-080,80,FALSE,Acer,rubrum,ACRU,WAC220130058,,FALSE,,,,,,,0,,,INST,,,FALSE,FALSE,FALSE,FALSE,FALSE,FALSE,FALSE,FALSE,FALSE,FALSE,FALSE,FALSE,FALSE,FALSE,,,,,FALSE,FALSE,FALSE,FALSE,FALSE,FALSE,FALSE,,,,,,,,FALSE,TRUE,FALSE
6/15/2023,ULAM-081,81,FALSE,Ulmus,americana,ULAM,CUL20140014,,FALSE,3,,,,,,3,,,INST,OM,2,TRUE,FALSE,FALSE,TRUE,FALSE,FALSE,FALSE,FALSE,TRUE,TRUE,TRUE,FALSE,TRUE,FALSE,None,recent,Dry/brown,,FALSE,FALSE,FALSE,FALSE,FALSE,TRUE,FALSE,,,1,2,1,1,1,FALSE,FALSE,FALSE
6/15/2023,CECA-082,82,FALSE,Cercis,canadensis,CECA,CCE620130841,,FALSE,6.3,,,,,,6.3,,,INST,OM,2,TRUE,FALSE,FALSE,TRUE,FALSE,FALSE,FALSE,FALSE,TRUE,TRUE,FALSE,FALSE,FALSE,FALSE,Minimal,N/A,None,,FALSE,FALSE,FALSE,FALSE,FALSE,TRUE,FALSE,exit holes in gash,herbaceous layer dried/dead,3,2,1,3,2,FALSE,FALSE,FALSE
6/15/2023,CECA-083,83,FALSE,Cercis,canadensis,CECA,CCE620120200,,FALSE,6.1,,,,,,6.1,,"2'11""",INST,OM,3,TRUE,FALSE,FALSE,TRUE,FALSE,FALSE,FALSE,FALSE,TRUE,TRUE,FALSE,FALSE,FALSE,FALSE,None,N/A,None,,FALSE,FALSE,FALSE,FALSE,TRUE,FALSE,FALSE,,curling on leaves,2,2,1,2,2,FALSE,FALSE,FALSE
6/15/2023,QUPH-084,84,FALSE,Quercus,phellos,QUPH,CQU20120135,,FALSE,37.8,,,,,,37.8,,,INST,OM,3,TRUE,FALSE,FALSE,TRUE,FALSE,FALSE,FALSE,FALSE,TRUE,TRUE,FALSE,FALSE,FALSE,FALSE,None,N/A,None,,FALSE,FALSE,TRUE,TRUE,TRUE,FALSE,FALSE,,,2,1,2,1,5,FALSE,FALSE,FALSE
6/15/2023,CECA-085,85,FALSE,Cercis,canadensis,CECA,CCE620120097,,FALSE,1.8,,,,,,1.8,,,INST,OM,1,FALSE,FALSE,FALSE,TRUE,FALSE,FALSE,FALSE,FALSE,TRUE,TRUE,FALSE,FALSE,FALSE,FALSE,None,recent,Lush,,FALSE,FALSE,FALSE,FALSE,TRUE,TRUE,FALSE,,"basal sprout, exit holes, degraded mulch",2,2,2,2,5,FALSE,FALSE,FALSE
6/15/2023,QUPH-086,86,FALSE,Quercus,phellos,QUPH,CQU20120203,,FALSE,,,,,,,0,,,INST,,,FALSE,FALSE,FALSE,FALSE,FALSE,FALSE,FALSE,FALSE,FALSE,FALSE,FALSE,FALSE,FALSE,FALSE,,,,,FALSE,FALSE,FALSE,FALSE,FALSE,FALSE,FALSE,,,,,,,,FALSE,TRUE,FALSE
6/15/2023,CECA-XXX,XXX,FALSE,Cercis,canadensis,CECA,CCE620120242,,FALSE,,,,,,,0,,,,,,FALSE,FALSE,FALSE,FALSE,FALSE,FALSE,FALSE,FALSE,FALSE,FALSE,FALSE,FALSE,FALSE,FALSE,,,,,FALSE,FALSE,FALSE,FALSE,FALSE,FALSE,FALSE,,,,,,,,FALSE,TRUE,FALSE
6/15/2023,CECA-087,87,FALSE,Cercis,canadensis,CECA,CCE620120126,,FALSE,3.5,,,,,,3.5,,,INST,OM,1,FALSE,FALSE,FALSE,TRUE,FALSE,FALSE,FALSE,FALSE,TRUE,TRUE,TRUE,FALSE,FALSE,FALSE,None,recent,Lush,,FALSE,FALSE,FALSE,FALSE,TRUE,FALSE,FALSE,,,2,1,2,2,1,FALSE,FALSE,FALSE
6/15/2023,CECA-088,88,FALSE,Cercis,canadensis,CECA,CCE620120144,,FALSE,5.8,,,,,,5.8,,"3'2""",INST,OM,2,TRUE,FALSE,FALSE,TRUE,FALSE,FALSE,FALSE,FALSE,TRUE,TRUE,FALSE,FALSE,FALSE,FALSE,None,recent,Patchy but green,,FALSE,FALSE,FALSE,FALSE,TRUE,FALSE,FALSE,,,2,2,2,2,2,FALSE,FALSE,FALSE
6/15/2023,CECA-089,89,FALSE,Cercis,canadensis,CECA,CCE620130615,,FALSE,7.5,,,,,,7.5,,,INST,OM,3,FALSE,TRUE,FALSE,FALSE,FALSE,FALSE,FALSE,FALSE,TRUE,TRUE,FALSE,FALSE,FALSE,FALSE,None,N/A,None,,TRUE,FALSE,FALSE,FALSE,TRUE,FALSE,FALSE,,dead weeds around base,2,1,1,1,5,FALSE,FALSE,FALSE
6/15/2023,CECA-090,90,FALSE,Cercis,canadensis,CECA,CCE620130614,,FALSE,5.5,,,,,,5.5,,,INST,NAT,1,FALSE,FALSE,FALSE,FALSE,FALSE,FALSE,FALSE,FALSE,TRUE,TRUE,TRUE,FALSE,FALSE,FALSE,None,N/A,None,,TRUE,FALSE,FALSE,FALSE,FALSE,FALSE,FALSE,,live weeds around base,2,1,5,3,2,FALSE,FALSE,FALSE
6/15/2023,CECA-091,91,FALSE,Cercis,canadensis,CECA,CCE620130613,,FALSE,7.9,,,,,,7.9,,"3'8""",INST,OM,3,FALSE,TRUE,FALSE,FALSE,FALSE,FALSE,FALSE,FALSE,TRUE,TRUE,FALSE,FALSE,FALSE,TRUE,None,N/A,None,,TRUE,FALSE,FALSE,FALSE,TRUE,TRUE,FALSE,"bleeding from wound, discolored bark",,2,2,2,2,5,FALSE,FALSE,FALSE
6/15/2023,CECA-092,92,FALSE,Cercis,canadensis,CECA,CCE620130610,,FALSE,7.4,,,,,,7.4,,"3'6""",INST,OM,3,FALSE,TRUE,FALSE,FALSE,FALSE,FALSE,FALSE,FALSE,TRUE,FALSE,TRUE,FALSE,FALSE,FALSE,None,N/A,None,,FALSE,FALSE,FALSE,FALSE,TRUE,FALSE,FALSE,,small leaves,2,2,2,2,5,FALSE,FALSE,FALSE
6/15/2023,CECA-093,93,FALSE,Cercis,canadensis,CECA,CCE620130608,,FALSE,6.6,,,,,,6.6,,,INST,OM,3,FALSE,TRUE,FALSE,FALSE,FALSE,FALSE,FALSE,FALSE,TRUE,TRUE,TRUE,FALSE,FALSE,FALSE,None,N/A,None,,FALSE,FALSE,FALSE,FALSE,TRUE,FALSE,FALSE,,,1,1,3,1,4,FALSE,FALSE,FALSE
6/15/2023,LAIN-094,94,FALSE,Lagerstroemia,indica ,LAIN,CLA20140205,,FALSE,1.6,1.1,0.6,1,1.1,1.2,6.6,,,INST,OM,1,FALSE,FALSE,FALSE,TRUE,FALSE,FALSE,FALSE,FALSE,FALSE,FALSE,FALSE,FALSE,FALSE,FALSE,None,N/A,None,,FALSE,FALSE,FALSE,FALSE,FALSE,FALSE,FALSE,,,2,1,1,2,3,FALSE,FALSE,FALSE
6/15/2023,LAIN-095,95,FALSE,Lagerstroemia,indica,LAIN,CLA20140208,,FALSE,2,1.3,1.9,1.6,1,1.7,9.5,,,INST,OM,1,FALSE,FALSE,FALSE,TRUE,FALSE,FALSE,FALSE,FALSE,FALSE,FALSE,FALSE,FALSE,FALSE,FALSE,None,N/A,None,,FALSE,FALSE,FALSE,FALSE,TRUE,FALSE,FALSE,,,2,1,7,3,1,FALSE,FALSE,FALSE
6/15/2023,CECA-096,96,FALSE,Cercis,canadensis,CECA,CCE620140209,,FALSE,,,,,,,0,,,INST,,,FALSE,FALSE,FALSE,FALSE,FALSE,FALSE,FALSE,FALSE,FALSE,FALSE,FALSE,FALSE,FALSE,FALSE,,,,,FALSE,FALSE,FALSE,FALSE,FALSE,FALSE,FALSE,,,,,,,,FALSE,TRUE,FALSE
6/15/2823,CECA-097,97,FALSE,Cercis,canadensis,CECA,CCE620140198,,FALSE,,,,,,,0,,,INST,,,FALSE,FALSE,FALSE,FALSE,FALSE,FALSE,FALSE,FALSE,FALSE,FALSE,FALSE,FALSE,FALSE,FALSE,,,,,FALSE,FALSE,FALSE,FALSE,FALSE,FALSE,FALSE,,,,,,,,FALSE,TRUE,FALSE
6/15/2023,CECA-098,98,FALSE,Cercis,canadensis,CECA,CCE620140461,,FALSE,6.8,,,,,,6.8,,,INST,OM,3,FALSE,TRUE,FALSE,FALSE,FALSE,FALSE,FALSE,FALSE,TRUE,TRUE,FALSE,FALSE,FALSE,FALSE,None,recent,Lush,,FALSE,FALSE,FALSE,FALSE,TRUE,FALSE,FALSE,,curled leaves,2,2,2,2,3,FALSE,FALSE,FALSE
6/15/2023,CECA-099,99,FALSE,Cercis,canadensis,CECA,CCE620130460,,FALSE,2.5,,,,,,2.5,,,INST,OM,3,FALSE,TRUE,FALSE,FALSE,FALSE,FALSE,FALSE,FALSE,TRUE,TRUE,FALSE,FALSE,FALSE,FALSE,None,recent,Lush,,FALSE,FALSE,FALSE,FALSE,TRUE,TRUE,FALSE,,sprouting from base,2,2,2,2,2,FALSE,FALSE,FALSE
6/15/2023,CECA-100,100,FALSE,Cercis,canadensis,CECA,CCE620130458,,FALSE,3.9,,,,,,3.9,,,INST,OM,3,FALSE,TRUE,FALSE,FALSE,FALSE,FALSE,FALSE,FALSE,TRUE,FALSE,TRUE,FALSE,FALSE,FALSE,None,recent,Lush,,FALSE,FALSE,FALSE,FALSE,TRUE,TRUE,FALSE,curled and wrinkled leaves,,2,2,1,2,2,FALSE,FALSE,FALSE
6/15/2023,CECA-101,101,FALSE,Cercis,canadensis,CECA,CCE620130469,,FALSE,8.3,,,,,,8.3,,,INST,OM,2,TRUE,FALSE,FALSE,FALSE,FALSE,FALSE,FALSE,FALSE,TRUE,TRUE,TRUE,FALSE,FALSE,FALSE,None,recent,Lush,,TRUE,FALSE,FALSE,FALSE,TRUE,TRUE,FALSE,co-dominant trunk splitting ,,2,2,1,2,4,FALSE,FALSE,FALSE
6/15/2023,ACRU-102,102,FALSE,Acer,rubrum,ACRU,WAC220120035,,FALSE,,,,,,,0,,,INST,,,FALSE,FALSE,FALSE,FALSE,FALSE,FALSE,FALSE,FALSE,FALSE,FALSE,FALSE,FALSE,FALSE,FALSE,,,,,FALSE,FALSE,FALSE,FALSE,FALSE,FALSE,FALSE,,,,,,,,FALSE,TRUE,FALSE
6/15/2023,LAIN-103,103,FALSE,Lagerstroemia,indica,LAIN,WLA20140009,,FALSE,,,,,,,0,,,INST,,,FALSE,FALSE,FALSE,FALSE,FALSE,FALSE,FALSE,FALSE,FALSE,FALSE,FALSE,FALSE,FALSE,FALSE,,,,,FALSE,FALSE,FALSE,FALSE,FALSE,FALSE,FALSE,,,,,,,,FALSE,TRUE,FALSE
6/15/2023,QUPH-104,104,FALSE,Quercus,phellos,QUPH,WQU20140015,,FALSE,10.6,,,,,,10.6,,,INST,OM,5,FALSE,TRUE,FALSE,FALSE,FALSE,FALSE,FALSE,FALSE,TRUE,TRUE,FALSE,FALSE,FALSE,FALSE,Extensive,recent,Lush,,FALSE,FALSE,TRUE,FALSE,FALSE,FALSE,FALSE,,,2,1,1,2,5,FALSE,FALSE,FALSE
6/15/2023,LAIN-105,105,FALSE,Lagerstroemia,indica,LAIN,WLA20140013,,FALSE,5,4,3.9,2.9,2.7,,18.5,,,INST,OM,2,FALSE,TRUE,FALSE,TRUE,FALSE,FALSE,FALSE,FALSE,TRUE,TRUE,FALSE,FALSE,FALSE,FALSE,Extensive,recent,Lush,,FALSE,FALSE,FALSE,FALSE,TRUE,FALSE,FALSE,,,2,1,2,1,4,FALSE,FALSE,FALSE
6/15/2023,LAIN-106,106,FALSE,Lagerstroemia,indica,LAIN,WLA20140011,,FALSE,4.9,4.5,3.9,5.2,,,18.5,,,INST,OM,2,FALSE,TRUE,FALSE,TRUE,FALSE,FALSE,FALSE,FALSE,TRUE,TRUE,FALSE,FALSE,FALSE,FALSE,Extensive,recent,Lush,,FALSE,FALSE,FALSE,FALSE,TRUE,FALSE,FALSE,,,2,1,3,1,4,FALSE,FALSE,FALSE
6/15/2023,QUPH-107,107,FALSE,Quercus,phellos,QUPH,MQU20120002,,FALSE,,,,,,,0,,,INST,,,FALSE,FALSE,FALSE,FALSE,FALSE,FALSE,FALSE,FALSE,FALSE,FALSE,FALSE,FALSE,FALSE,FALSE,,,,,FALSE,FALSE,FALSE,FALSE,FALSE,FALSE,FALSE,,,,,,,,FALSE,TRUE,FALSE
6/15/2023,ACRU-108,108,FALSE,Acer,rubrum,ACRU,MAC220140017,,FALSE,6.1,,,,,,6.1,,,INST,OM,2,FALSE,FALSE,FALSE,TRUE,FALSE,FALSE,FALSE,FALSE,TRUE,TRUE,FALSE,FALSE,FALSE,FALSE,Moderate,N/A,None,,FALSE,FALSE,FALSE,FALSE,FALSE,FALSE,FALSE,,,2,1,1,1,4,FALSE,FALSE,FALSE
6/15/2023,ACRU-109,109,FALSE,Acer,rubrum,ACRU,MAC220140018,,FALSE,6.8,,,,,,6.8,,,INST,OM,3,FALSE,FALSE,FALSE,FALSE,FALSE,FALSE,FALSE,FALSE,TRUE,TRUE,FALSE,FALSE,FALSE,FALSE,Extensive,N/A,None,,FALSE,FALSE,FALSE,FALSE,FALSE,FALSE,FALSE,,,2,1,1,1,4,FALSE,FALSE,FALSE
6/15/2023,ULPA-110,110,FALSE,Ulmus,parvifolia,ULPA,MUL20140015,,FALSE,,,,,,,0,,,INST,,,FALSE,FALSE,FALSE,FALSE,FALSE,FALSE,FALSE,FALSE,FALSE,FALSE,FALSE,FALSE,FALSE,FALSE,,,,,FALSE,FALSE,FALSE,FALSE,FALSE,FALSE,FALSE,,,,,,,,FALSE,TRUE,FALSE
6/15/2023,ACRU-111,111,FALSE,Acer,rubrum,ACRU,WAC220120077,,FALSE,8.6,,,,,,8.6,,,INST,OM,3,FALSE,FALSE,FALSE,TRUE,FALSE,FALSE,FALSE,FALSE,TRUE,TRUE,FALSE,FALSE,FALSE,FALSE,None,recent,Dry/brown,,FALSE,FALSE,FALSE,FALSE,TRUE,FALSE,FALSE,girdling roots,,2,1,1,1,1,FALSE,FALSE,FALSE
6/15/2023,ULPA-112,112,FALSE,Ulmus,parvifolia,ULPA,RUL20120166,,FALSE,14.4,,,,,,14.4,,,INST,OM,3,FALSE,TRUE,FALSE,TRUE,FALSE,FALSE,FALSE,FALSE,TRUE,TRUE,FALSE,FALSE,FALSE,FALSE,None,recent,Lush,,FALSE,FALSE,FALSE,FALSE,TRUE,FALSE,FALSE,,,1,1,1,1,4,FALSE,FALSE,FALSE
6/15/2023,ULPA-113,113,FALSE,Ulmus,parvifolia,ULPA,RUL20120209,,FALSE,10.9,,,,,,10.9,,,INST,OM,5,FALSE,TRUE,FALSE,FALSE,FALSE,FALSE,FALSE,FALSE,TRUE,TRUE,FALSE,FALSE,FALSE,FALSE,Minimal,N/A,None,,FALSE,FALSE,FALSE,FALSE,TRUE,FALSE,FALSE,,,1,1,1,1,4,FALSE,FALSE,FALSE
6/15/2023,ULPA-114,114,FALSE,Ulmus,parvifolia,ULPA,RUL20120207,,FALSE,10.5,,,,,,10.5,,,INST,OM,5,FALSE,TRUE,FALSE,FALSE,FALSE,FALSE,FALSE,FALSE,TRUE,TRUE,FALSE,FALSE,FALSE,FALSE,Moderate,N/A,None,,FALSE,FALSE,FALSE,FALSE,FALSE,FALSE,FALSE,,,2,1,1,2,4,FALSE,FALSE,FALSE
6/15/2023,ULPA-115,115,FALSE,Ulmus,parvifolia,ULPA,RUL20120299,,FALSE,10.2,,,,,,10.2,,,INST,OM,2,FALSE,TRUE,FALSE,TRUE,FALSE,FALSE,FALSE,FALSE,TRUE,TRUE,FALSE,FALSE,FALSE,FALSE,None,recent,Dry/brown,,FALSE,FALSE,FALSE,FALSE,TRUE,FALSE,FALSE,,epicormic branching,1,1,2,1,3,FALSE,FALSE,FALSE
6/15/2023,ULPA-116,116,FALSE,Ulmus,parvifolia,ULPA,RUL20120298,,FALSE,10.1,,,,,,10.1,,,INST,OM,3,FALSE,TRUE,FALSE,TRUE,FALSE,FALSE,FALSE,FALSE,TRUE,TRUE,FALSE,FALSE,FALSE,FALSE,None,recent,Dry/brown,,FALSE,FALSE,FALSE,FALSE,TRUE,FALSE,FALSE,extensive trunk pruning,,2,1,7,3,2,FALSE,FALSE,FALSE
6/15/2023,ULPA-117,117,FALSE,Ulmus,parvifolia,ULPA,RUL20120296,,FALSE,10.8,,,,,,10.8,,,INST,OM,3,FALSE,TRUE,FALSE,TRUE,FALSE,FALSE,FALSE,FALSE,TRUE,TRUE,FALSE,FALSE,FALSE,FALSE,None,recent,Patchy but green,,FALSE,FALSE,FALSE,FALSE,TRUE,FALSE,FALSE,,next to sewer access,2,1,2,2,3,FALSE,FALSE,FALSE
6/15/2023,ULPA-118,118,FALSE,Ulmus,parvifolia,ULPA,RUL20120271,,FALSE,,,,,,,0,,,INST,,,FALSE,FALSE,FALSE,FALSE,FALSE,FALSE,FALSE,FALSE,FALSE,FALSE,FALSE,FALSE,FALSE,FALSE,,,,,FALSE,FALSE,FALSE,FALSE,FALSE,FALSE,FALSE,,,,,,,,FALSE,TRUE,FALSE
6/15/2023,QUPH-119,119,FALSE,Quercus,phellos,QUPH,RQU20120329,,FALSE,13.4,,,,,,13.4,,,INST,OM,3,FALSE,TRUE,FALSE,FALSE,FALSE,FALSE,FALSE,FALSE,TRUE,TRUE,TRUE,FALSE,FALSE,FALSE,None,recent,Lush,,TRUE,FALSE,FALSE,FALSE,FALSE,FALSE,FALSE,,,2,1,1,1,5,FALSE,FALSE,FALSE
6/15/2023,ULAM-120,120,FALSE,Ulmus,americana,ULAM,RUL20120121,,FALSE,,,,,,,0,,,INST,,,FALSE,FALSE,FALSE,FALSE,FALSE,FALSE,FALSE,FALSE,FALSE,FALSE,FALSE,FALSE,FALSE,FALSE,,,,,FALSE,FALSE,FALSE,FALSE,FALSE,FALSE,FALSE,,,,,,,,FALSE,TRUE,FALSE
6/15/2023,ULAM-121,121,FALSE,Ulmus,americana,ULAM,RUL20120128,,FALSE,,,,,,,0,,,INST,,,FALSE,FALSE,FALSE,FALSE,FALSE,FALSE,FALSE,FALSE,FALSE,FALSE,FALSE,FALSE,FALSE,FALSE,,,,,FALSE,FALSE,FALSE,FALSE,FALSE,FALSE,FALSE,,,,,,,,FALSE,TRUE,FALSE
6/15/2023,ULAM-122,122,FALSE,Ulmus,americana,ULAM,RUL20120127,,FALSE,,,,,,,0,,,INST,,,FALSE,FALSE,FALSE,FALSE,FALSE,FALSE,FALSE,FALSE,FALSE,FALSE,FALSE,FALSE,FALSE,FALSE,,,,,FALSE,FALSE,FALSE,FALSE,FALSE,FALSE,FALSE,,,,,,,,FALSE,TRUE,FALSE
6/15/2023,ULAM-123,123,FALSE,Ulmus,americana,ULAM,RUL20120135,,FALSE,,,,,,,0,,,INST,,,FALSE,FALSE,FALSE,FALSE,FALSE,FALSE,FALSE,FALSE,FALSE,FALSE,FALSE,FALSE,FALSE,FALSE,,,,,FALSE,FALSE,FALSE,FALSE,FALSE,FALSE,FALSE,,,,,,,,FALSE,TRUE,FALSE
6/15/2023,ULAM-124,124,FALSE,Ulmus,americana,ULAM,RUL20120134,,FALSE,,,,,,,0,,,INST,,,FALSE,FALSE,FALSE,FALSE,FALSE,FALSE,FALSE,FALSE,FALSE,FALSE,FALSE,FALSE,FALSE,FALSE,,,,,FALSE,FALSE,FALSE,FALSE,FALSE,FALSE,FALSE,,,,,,,,FALSE,TRUE,FALSE
6/15/2023,ULAM-125,125,FALSE,Ulmus,americana,ULAM,RUL20120133,,FALSE,,,,,,,0,,,INST,,,FALSE,FALSE,FALSE,FALSE,FALSE,FALSE,FALSE,FALSE,FALSE,FALSE,FALSE,FALSE,FALSE,FALSE,,,,,FALSE,FALSE,FALSE,FALSE,FALSE,FALSE,FALSE,,,,,,,,FALSE,TRUE,FALSE
6/15/2023,ULAM-126,126,FALSE,Ulmus,americana,ULAM,RUL20120130,,FALSE,,,,,,,0,,,INST,,,FALSE,FALSE,FALSE,FALSE,FALSE,FALSE,FALSE,FALSE,FALSE,FALSE,FALSE,FALSE,FALSE,FALSE,,,,,FALSE,FALSE,FALSE,FALSE,FALSE,FALSE,FALSE,,,,,,,,FALSE,TRUE,FALSE
6/15/2023,ULAM-127,127,FALSE,Ulmus,americana,ULAM,RUL20120120,,FALSE,,,,,,,0,,,INST,,,FALSE,FALSE,FALSE,FALSE,FALSE,FALSE,FALSE,FALSE,FALSE,FALSE,FALSE,FALSE,FALSE,FALSE,,,,,FALSE,FALSE,FALSE,FALSE,FALSE,FALSE,FALSE,,,,,,,,FALSE,TRUE,FALSE
6/15/2023,ULAM-128,128,FALSE,Ulmus,americana,ULAM,RUL20120119,,FALSE,,,,,,,0,,,INST,,,FALSE,FALSE,FALSE,FALSE,FALSE,FALSE,FALSE,FALSE,FALSE,FALSE,FALSE,FALSE,FALSE,FALSE,,,,,FALSE,FALSE,FALSE,FALSE,FALSE,FALSE,FALSE,,,,,,,,FALSE,TRUE,FALSE
6/16/2023,QUPH-129,129,FALSE,Quercus,phellos,QUPH,EQU20120366,,FALSE,,,,,,,0,,,INST,,,FALSE,FALSE,FALSE,FALSE,FALSE,FALSE,FALSE,FALSE,FALSE,FALSE,FALSE,FALSE,FALSE,FALSE,,,,,FALSE,FALSE,FALSE,FALSE,FALSE,FALSE,FALSE,,,,,,,,FALSE,TRUE,FALSE
6/16/2023,QUPH-130,130,FALSE,Quercus,phellos,QUPH,EQU20120367,,FALSE,,,,,,,0,,,INST,,,FALSE,FALSE,FALSE,FALSE,FALSE,FALSE,FALSE,FALSE,FALSE,FALSE,FALSE,FALSE,FALSE,FALSE,,,,,FALSE,FALSE,FALSE,FALSE,FALSE,FALSE,FALSE,,,,,,,,FALSE,TRUE,FALSE
6/16/2023,QUPH-131,131,FALSE,Quercus,phellos,QUPH,EQU20120360,,FALSE,,,,,,,0,,,INST,,,FALSE,FALSE,FALSE,FALSE,FALSE,FALSE,FALSE,FALSE,FALSE,FALSE,FALSE,FALSE,FALSE,FALSE,,,,,FALSE,FALSE,FALSE,FALSE,FALSE,FALSE,FALSE,,,,,,,,FALSE,TRUE,FALSE
6/16/2023,QUPH-132,132,FALSE,Quercus,phellos,QUPH,EQU20120361,,FALSE,,,,,,,0,,,INST,,,FALSE,FALSE,FALSE,FALSE,FALSE,FALSE,FALSE,FALSE,FALSE,FALSE,FALSE,FALSE,FALSE,FALSE,,,,,FALSE,FALSE,FALSE,FALSE,FALSE,FALSE,FALSE,,,,,,,,FALSE,TRUE,FALSE
6/16/2023,QUPH-133,133,FALSE,Quercus,phellos,QUPH,EQU20120372,,FALSE,,,,,,,0,,,INST,,,FALSE,FALSE,FALSE,FALSE,FALSE,FALSE,FALSE,FALSE,FALSE,FALSE,FALSE,FALSE,FALSE,FALSE,,,,,FALSE,FALSE,FALSE,FALSE,FALSE,FALSE,FALSE,,,,,,,,FALSE,TRUE,FALSE
6/16/2023,QUPH-134,134,FALSE,Quercus,phellos,QUPH,EQU20120363,,FALSE,,,,,,,0,,,INST,,,FALSE,FALSE,FALSE,FALSE,FALSE,FALSE,FALSE,FALSE,FALSE,FALSE,FALSE,FALSE,FALSE,FALSE,,,,,FALSE,FALSE,FALSE,FALSE,FALSE,FALSE,FALSE,,,,,,,,FALSE,TRUE,FALSE
6/16/2023,ULAM-135,135,FALSE,Ulmus,americana,ULAM,EUL20140337,,FALSE,,,,,,,0,,,INST,,,FALSE,FALSE,FALSE,FALSE,FALSE,FALSE,FALSE,FALSE,FALSE,FALSE,FALSE,FALSE,FALSE,FALSE,,,,,FALSE,FALSE,FALSE,FALSE,FALSE,FALSE,FALSE,,,,,,,,FALSE,TRUE,FALSE
6/16/2023,ULAM-136,136,FALSE,Ulmus,americana,ULAM,EUL20140336,,FALSE,,,,,,,0,,,INST,,,FALSE,FALSE,FALSE,FALSE,FALSE,FALSE,FALSE,FALSE,FALSE,FALSE,FALSE,FALSE,FALSE,FALSE,,,,,FALSE,FALSE,FALSE,FALSE,FALSE,FALSE,FALSE,,,,,,,,FALSE,TRUE,FALSE
6/16/2023,ULAM-137,137,FALSE,Ulmus,americana,ULAM,EUL20140029,,FALSE,5.3,,,,,,5.3,,"4'1""",INST,OM,1,FALSE,TRUE,FALSE,FALSE,FALSE,FALSE,FALSE,FALSE,FALSE,FALSE,FALSE,FALSE,FALSE,FALSE,None,recent,Patchy but green,,FALSE,FALSE,FALSE,FALSE,TRUE,FALSE,FALSE,,sticky sap on leaves,2,2,2,2,4,FALSE,FALSE,FALSE
6/16/2023,ULAM-138,138,FALSE,Ulmus,americana,ULAM,EUL20140010,,FALSE,8.1,,,,,,8.1,,,INST,OM,2,TRUE,FALSE,FALSE,TRUE,TRUE,FALSE,FALSE,FALSE,FALSE,FALSE,FALSE,FALSE,FALSE,FALSE,None,recent,Dry/brown,,TRUE,FALSE,FALSE,FALSE,TRUE,FALSE,FALSE,,,1,2,1,1,4,FALSE,FALSE,FALSE
6/16/2023,ULAM-139,139,FALSE,Ulmus,americana,ULAM,EUL20140008,,FALSE,14.8,,,,,,14.8,,,INST,OM,3,FALSE,TRUE,FALSE,FALSE,FALSE,FALSE,FALSE,FALSE,TRUE,TRUE,TRUE,FALSE,TRUE,FALSE,Minimal,N/A,None,"irrigation hose present, sprinkler approx 5 ft away",TRUE,FALSE,FALSE,FALSE,TRUE,FALSE,FALSE,,torn bark could be either result of pruning or from breaking branch,1,2,1,2,4,FALSE,FALSE,FALSE
6/16/2023,QUPH-140,140,FALSE,Quercus,phellos,QUPH,EQU20180006,,FALSE,10,,,,,,10,,,INST,OM,2,TRUE,FALSE,FALSE,TRUE,FALSE,FALSE,FALSE,FALSE,TRUE,TRUE,TRUE,FALSE,FALSE,FALSE,None,recent,Turf,heavy pruning,FALSE,FALSE,FALSE,FALSE,FALSE,FALSE,FALSE,,grass is wet,2,2,1,2,4,FALSE,FALSE,FALSE
6/16/2023,QUPH-141,141,FALSE,Quercus,phellos,QUPH,EQU20180009,,FALSE,9.8,,,,,,9.8,,,INST,OM,1,FALSE,FALSE,FALSE,TRUE,FALSE,FALSE,FALSE,FALSE,TRUE,TRUE,TRUE,FALSE,FALSE,FALSE,None,recent,Turf,,FALSE,FALSE,FALSE,FALSE,FALSE,FALSE,FALSE,new growth displaying signs of corrosis,,1,1,1,1,5,FALSE,FALSE,FALSE
6/16/2023,QUPH-142,142,FALSE,Quercus,phellos,QUPH,EQU20120252,,FALSE,22.8,,,,,,22.8,,,INST,OM,5,FALSE,TRUE,FALSE,FALSE,FALSE,FALSE,FALSE,FALSE,TRUE,FALSE,TRUE,FALSE,FALSE,FALSE,None,recent,Turf,,TRUE,FALSE,TRUE,FALSE,TRUE,FALSE,TRUE,bleeding wound ,,2,1,1,1,5,FALSE,FALSE,FALSE
6/16/2023,LAIN-143,143,FALSE,Lagerstroemia,indica,LAIN,ELA20140145,,TRUE,8.9,7.4,8.1,5.6,8.4,,38.4,,,INST,OM,3,FALSE,TRUE,FALSE,FALSE,FALSE,FALSE,FALSE,FALSE,TRUE,TRUE,FALSE,FALSE,FALSE,FALSE,None,N/A,None,,FALSE,FALSE,FALSE,FALSE,FALSE,FALSE,FALSE,epicormic growth,,2,1,1,1,4,FALSE,FALSE,FALSE
6/16/2023,QUPH-144,144,FALSE,Quercus,phellos,QUPH,EQU20150392,,FALSE,2.5,,,,,,2.5,,,INST,SC,3,FALSE,TRUE,FALSE,FALSE,FALSE,FALSE,FALSE,FALSE,TRUE,TRUE,FALSE,FALSE,FALSE,FALSE,None,N/A,None,,FALSE,FALSE,FALSE,FALSE,FALSE,FALSE,FALSE,nearly dead,,5,1,19,4,4,FALSE,FALSE,FALSE
6/16/2023,QUPH-145,145,FALSE,Quercus,phellos,QUPH,EQU20120178,,FALSE,23.2,,,,,,23.2,,,INST,SC,5,FALSE,TRUE,FALSE,FALSE,FALSE,FALSE,FALSE,FALSE,TRUE,FALSE,TRUE,FALSE,FALSE,FALSE,None,N/A,None,,TRUE,FALSE,FALSE,FALSE,TRUE,FALSE,FALSE,cut root,,1,1,1,1,5,FALSE,FALSE,FALSE
6/16/2023,QUPH-146,146,FALSE,Quercus,phellos,QUPH,EQU20120006,,FALSE,,,,,,,0,,,INST,,,FALSE,FALSE,FALSE,FALSE,FALSE,FALSE,FALSE,FALSE,FALSE,FALSE,FALSE,FALSE,FALSE,FALSE,,,,,FALSE,FALSE,FALSE,FALSE,FALSE,FALSE,FALSE,,,,,,,0,FALSE,TRUE,FALSE
6/16/2023,QUPH-147,147,FALSE,Quercus,phellos,QUPH,EQU20120156,,FALSE,25.3,,,,,,25.3,,,INST,OM,4,FALSE,TRUE,FALSE,FALSE,FALSE,FALSE,FALSE,FALSE,TRUE,TRUE,FALSE,FALSE,FALSE,FALSE,None,N/A,None,tube inserted into trunk,TRUE,FALSE,FALSE,FALSE,TRUE,FALSE,TRUE,,,2,1,2,1,5,FALSE,FALSE,FALSE
6/16/2023,QUPH-148,148,FALSE,Quercus,phellos,QUPH,EQU20120181,,FALSE,24.2,,,,,,24.2,,,INST,OM,4,FALSE,TRUE,FALSE,TRUE,FALSE,FALSE,FALSE,FALSE,FALSE,FALSE,FALSE,FALSE,FALSE,FALSE,None,N/A,None,,FALSE,FALSE,FALSE,TRUE,FALSE,FALSE,FALSE,,,2,1,1,1,3,FALSE,FALSE,FALSE
6/16/2023,QUPH-149,149,FALSE,Quercus,phellos,QUPH,EQUXXXX0170,,FALSE,38.5,,,,,,38.5,,,INST,OM,3,TRUE,FALSE,FALSE,TRUE,FALSE,FALSE,FALSE,FALSE,TRUE,TRUE,TRUE,FALSE,FALSE,FALSE,None,N/A,None,,FALSE,FALSE,TRUE,TRUE,TRUE,FALSE,FALSE,,,1,1,7,3,5,FALSE,FALSE,FALSE
6/16/2023,QUPH-150,150,FALSE,Quercus,phellos,QUPH,EQUXXXX0171,,FALSE,36.5,,,,,,36.5,,,INST,OM,3,FALSE,TRUE,FALSE,FALSE,FALSE,FALSE,FALSE,FALSE,TRUE,TRUE,TRUE,FALSE,FALSE,FALSE,None,N/A,None,,TRUE,FALSE,FALSE,FALSE,FALSE,TRUE,FALSE,exit holes and bark missing ,,1,1,3,1,5,FALSE,FALSE,FALSE
6/16/2023,QUPH-151,151,FALSE,Quercus,phellos,QUPH,EQUXXXX0106,,FALSE,,,,,,,0,,,INST,,,FALSE,FALSE,FALSE,FALSE,FALSE,FALSE,FALSE,FALSE,FALSE,FALSE,FALSE,FALSE,FALSE,FALSE,,,,,FALSE,FALSE,FALSE,FALSE,FALSE,FALSE,FALSE,,,,,,,,FALSE,TRUE,FALSE
6/16/2023,ULAM-152,152,FALSE,Ulmus,americana,ULAM,EUL20120054,,FALSE,13.5,,,,,,13.5,,,INST,OM,1,FALSE,FALSE,FALSE,FALSE,FALSE,FALSE,FALSE,FALSE,TRUE,TRUE,FALSE,FALSE,FALSE,FALSE,None,N/A,Dry/brown,,TRUE,FALSE,FALSE,FALSE,FALSE,FALSE,FALSE,odd chlorosis midvein not dark,,4,2,1,4,4,FALSE,FALSE,FALSE
6/16/2023,ULAM-153,153,FALSE,Ulmus,americana,ULAM,EUL20150351,,FALSE,,,,,,,0,,,INST,,,FALSE,FALSE,FALSE,FALSE,FALSE,FALSE,FALSE,FALSE,FALSE,FALSE,FALSE,FALSE,FALSE,FALSE,,,,,FALSE,FALSE,FALSE,FALSE,FALSE,FALSE,FALSE,,,,,,,,FALSE,TRUE,FALSE
6/16/2023,QUPH-154,154,FALSE,Quercus,phellos,QUPH,EQUXXXX0184,,FALSE,31.2,,,,,,31.2,,,INST,OM,4,TRUE,TRUE,FALSE,TRUE,FALSE,FALSE,FALSE,FALSE,TRUE,TRUE,FALSE,FALSE,FALSE,FALSE,None,N/A,None,,FALSE,FALSE,FALSE,TRUE,TRUE,FALSE,FALSE,,,1,1,7,3,3,FALSE,FALSE,FALSE
6/16/2023,CECA-155,155,FALSE,Cercis,canadensis,CECA,ECE620150314,,FALSE,7.3,,,,,,7.3,,,INST,OM,2,FALSE,FALSE,FALSE,FALSE,FALSE,FALSE,FALSE,FALSE,TRUE,FALSE,TRUE,FALSE,FALSE,FALSE,None,recent,Lush,,TRUE,FALSE,FALSE,FALSE,TRUE,FALSE,FALSE,,,2,1,2,3,4,FALSE,FALSE,FALSE
6/16/2023,ULPA-156,156,FALSE,Ulmus,parvifolia,ULPA,EUL20150103,,FALSE,8.5,,,,,,8.5,,"4'5""",INST,OM,2,FALSE,TRUE,FALSE,TRUE,FALSE,FALSE,FALSE,FALSE,TRUE,TRUE,TRUE,FALSE,FALSE,TRUE,None,N/A,None,,FALSE,FALSE,FALSE,FALSE,FALSE,FALSE,FALSE,,,1,1,1,1,3,FALSE,FALSE,FALSE
6/16/2023,ULPA-157,157,FALSE,Ulmus,parvifolia,ULPA,EUL20150039,,FALSE,13.2,,,,,,13.2,,,INST,OM,2,FALSE,TRUE,FALSE,FALSE,FALSE,FALSE,FALSE,FALSE,TRUE,TRUE,FALSE,FALSE,FALSE,FALSE,None,N/A,None,,TRUE,FALSE,FALSE,FALSE,TRUE,FALSE,FALSE,,,2,1,2,1,4,FALSE,FALSE,FALSE
6/16/2023,ULPA-158,158,FALSE,Ulmus,parvifolia,ULPA,EUL20150007,,FALSE,14.7,,,,,,14.7,,,INST,OM,2,FALSE,TRUE,FALSE,TRUE,FALSE,FALSE,FALSE,FALSE,TRUE,TRUE,FALSE,FALSE,FALSE,TRUE,None,N/A,None,,TRUE,FALSE,FALSE,FALSE,TRUE,FALSE,FALSE,,,2,1,3,2,5,FALSE,FALSE,FALSE
6/16/2023,ULPA-159,159,FALSE,Ulmus,parvifolia,ULPA,EUL20150112,,FALSE,10.5,,,,,,10.5,,,INST,OM,2,FALSE,FALSE,FALSE,TRUE,FALSE,FALSE,FALSE,FALSE,TRUE,TRUE,TRUE,FALSE,FALSE,FALSE,None,recent,Patchy but green,,TRUE,FALSE,FALSE,FALSE,TRUE,FALSE,FALSE,,,2,1,2,2,4,FALSE,FALSE,FALSE
6/19/2023,ULPA-160,160,FALSE,Ulmus,parvifolia,ULPA,RUL20150128,,,8.4,,,,,,8.4,,,INST,OM,3,FALSE,TRUE,FALSE,FALSE,FALSE,FALSE,FALSE,FALSE,TRUE,TRUE,FALSE,FALSE,FALSE,FALSE,None,N/A,None,,FALSE,FALSE,FALSE,FALSE,TRUE,FALSE,FALSE,,,1,1,1,1,3,FALSE,FALSE,FALSE
6/19/2023,ULPA-161,161,FALSE,Ulmus,parvifolia,ULPA,RULXXXX0966,,FALSE,3.1,,,,,,3.1,,,INST,NAT,1,FALSE,FALSE,FALSE,FALSE,FALSE,FALSE,FALSE,FALSE,FALSE,FALSE,FALSE,FALSE,FALSE,FALSE,None,potentially never,Shrubs or herbaceous non-grass species,in retention ponds,FALSE,FALSE,FALSE,FALSE,TRUE,FALSE,FALSE,,,2,2,3,2,5,FALSE,FALSE,FALSE
6/19/2023,ACRU-162,162,FALSE,Acer,rubrum,ACRU,RAC2XXXX0964,,FALSE,5.3,,,,,,5.3,,,INST,NAT,1,FALSE,FALSE,FALSE,FALSE,FALSE,FALSE,FALSE,FALSE,FALSE,FALSE,FALSE,FALSE,FALSE,FALSE,None,potentially never,Shrubs or herbaceous non-grass species,in retention ponds,FALSE,FALSE,FALSE,FALSE,TRUE,FALSE,FALSE,fire ant nest at base,,2,1,1,2,5,FALSE,FALSE,FALSE
6/19/2023,ULPA-,,TRUE,Ulmus,parvifolia,ULPA,RUL20130639,,FALSE,,,,,,,0,,,INST,,,FALSE,FALSE,FALSE,FALSE,FALSE,FALSE,FALSE,FALSE,FALSE,FALSE,FALSE,FALSE,FALSE,FALSE,,,,,FALSE,FALSE,FALSE,FALSE,FALSE,FALSE,FALSE,,,2,1,1,1,3,FALSE,FALSE,FALSE
6/19/2023,ULPA-,,TRUE,Ulmus,parvifolia,ULPA,RUL20130550,,FALSE,,,,,,,0,,,INST,,,FALSE,FALSE,FALSE,FALSE,FALSE,FALSE,FALSE,FALSE,FALSE,FALSE,FALSE,FALSE,FALSE,FALSE,,,,,FALSE,FALSE,FALSE,FALSE,FALSE,FALSE,FALSE,,has sprinkler and is very wet,2,1,2,1,2,FALSE,FALSE,FALSE
6/19/2023,ACRU-163,163,FALSE,Acer,rubrum,ACRU,replacement for RAC220140399,,FALSE,6.8,,,,,,6.8,,,INST,NAT,1,FALSE,TRUE,FALSE,FALSE,FALSE,FALSE,FALSE,FALSE,TRUE,TRUE,FALSE,FALSE,FALSE,FALSE,Minimal,N/A,None,in Beber sculpture garden ,FALSE,FALSE,FALSE,FALSE,TRUE,FALSE,FALSE,,,2,2,1,2,1,FALSE,FALSE,FALSE
6/19/2023,ULPA-,,TRUE,Ulmus,parvifolia,ULPA,RUL20120348,,FALSE,,,,,,,0,,,INST,,,FALSE,FALSE,FALSE,FALSE,FALSE,FALSE,FALSE,FALSE,FALSE,FALSE,FALSE,FALSE,FALSE,FALSE,,,,,FALSE,FALSE,FALSE,FALSE,FALSE,FALSE,FALSE,,,2,1,8,4,4,FALSE,FALSE,FALSE
6/19/2023,ULAM- 164,164,FALSE,Ulmus,americana,ULAM,RUL20120231,,FALSE,18.3,,,,,,18.3,,,INST,OM,3,FALSE,TRUE,FALSE,TRUE,TRUE,FALSE,FALSE,FALSE,TRUE,TRUE,FALSE,FALSE,FALSE,FALSE,None,recent,Patchy but green,,FALSE,FALSE,FALSE,TRUE,TRUE,TRUE,FALSE,go the leaf gall that pop off,covered in ants,2,2,8,4,4,FALSE,FALSE,FALSE
6/19/2023,ULAM-165,165,FALSE,Ulmus,americana,ULAM,RUL20130005,,FALSE,,,,,,,0,,,INST,,,FALSE,FALSE,FALSE,FALSE,FALSE,FALSE,FALSE,FALSE,FALSE,FALSE,FALSE,FALSE,FALSE,FALSE,,,,,FALSE,FALSE,FALSE,FALSE,FALSE,FALSE,FALSE,,,,,,,,FALSE,TRUE,FALSE
6/19/2023,CECA-,,TRUE,Cercis,canadensis,CECA,ACE620130208,,FALSE,,,,,,,0,,,INST,,,FALSE,FALSE,FALSE,FALSE,FALSE,FALSE,FALSE,FALSE,FALSE,FALSE,FALSE,FALSE,FALSE,FALSE,,,,,FALSE,FALSE,FALSE,FALSE,FALSE,FALSE,FALSE,,,1,2,2,2,3,FALSE,FALSE,FALSE
6/19/2023,QUPH-166,166,FALSE,Quercus,phellos,QUPH,RQU20120344,,FALSE,5.1,,,,,,5.1,,,INST,SC,5,TRUE,TRUE,FALSE,TRUE,TRUE,FALSE,FALSE,FALSE,TRUE,TRUE,FALSE,FALSE,FALSE,FALSE,None,N/A,None,,FALSE,FALSE,TRUE,FALSE,TRUE,FALSE,FALSE,,right by bus stop sign,5,1,6,4,4,FALSE,FALSE,FALSE
6/19/2023,ACRU-,,TRUE,Acer,rubrum,ACRU,ACRU-048,,FALSE,,,,,,,0,,,INST,,,FALSE,FALSE,FALSE,FALSE,FALSE,FALSE,FALSE,FALSE,FALSE,FALSE,FALSE,FALSE,FALSE,FALSE,,,,,FALSE,FALSE,FALSE,FALSE,FALSE,FALSE,FALSE,,,1,1,2,1,5,FALSE,FALSE,FALSE
6/19/2023,QUPH-,,TRUE,Quercus,phellos,QUPH,AQU20120041,,FALSE,,,,,,,0,,,INST,,,FALSE,FALSE,FALSE,FALSE,FALSE,FALSE,FALSE,FALSE,FALSE,FALSE,FALSE,FALSE,FALSE,FALSE,,,,,FALSE,FALSE,FALSE,FALSE,FALSE,FALSE,FALSE,,,1,2,1,1,5,FALSE,FALSE,FALSE
6/19/2023,QUPH-167,167,FALSE,Quercus,phellos,QUPH,AQU20120197,,FALSE,,,,,,,0,,,INST,,,FALSE,FALSE,FALSE,FALSE,FALSE,FALSE,FALSE,FALSE,FALSE,FALSE,FALSE,FALSE,FALSE,FALSE,,,,,FALSE,FALSE,FALSE,FALSE,FALSE,FALSE,FALSE,,,,,,,,FALSE,TRUE,FALSE
6/19/2023,QUPH-167,167,FALSE,Quercus,phellos,QUPH,replacement for AQU20120197,https://maps.app.goo.gl/a8t7RVaWx61sSphy8,FALSE,3.3,,,,,,3.3,,,INST,OM,1,FALSE,FALSE,FALSE,TRUE,FALSE,FALSE,FALSE,FALSE,FALSE,FALSE,FALSE,FALSE,FALSE,FALSE,Extensive,N/A,Shrubs or herbaceous non-grass species,mulch with pine straw,FALSE,FALSE,FALSE,FALSE,FALSE,FALSE,TRUE,,,1,2,1,2,4,FALSE,FALSE,FALSE
6/19/2023,LAIN-,,TRUE,Lagerstroemia,indica,LAIN,ALA20150067,,FALSE,,,,,,,0,,,INST,,,FALSE,FALSE,FALSE,FALSE,FALSE,FALSE,FALSE,FALSE,FALSE,FALSE,FALSE,FALSE,FALSE,FALSE,,,,,FALSE,FALSE,FALSE,FALSE,FALSE,FALSE,FALSE,,,1,1,1,1,5,FALSE,FALSE,FALSE
6/19/2023,LAIN-168,168,FALSE,Lagerstroemia,indica,LAIN,ALA20170051,,TRUE,2,2,1.6,1.4,1.9,1.9,10.8,,,INST,SC,5,TRUE,TRUE,FALSE,FALSE,FALSE,FALSE,FALSE,FALSE,TRUE,TRUE,FALSE,FALSE,FALSE,FALSE,None,N/A,None,,FALSE,FALSE,FALSE,FALSE,FALSE,TRUE,FALSE,cuts at intervals along bark,,2,1,1,1,5,FALSE,FALSE,FALSE
6/19/2023,LAIN-169,169,FALSE,Lagerstroemia,indica,LAIN,ALA20180005,,FALSE,2.4,1.6,2.4,2.4,2,,10.8,,,INST,SC,5,TRUE,TRUE,FALSE,FALSE,FALSE,FALSE,FALSE,FALSE,TRUE,TRUE,FALSE,FALSE,FALSE,FALSE,None,N/A,None,,FALSE,FALSE,FALSE,FALSE,TRUE,TRUE,FALSE,cuts at intervals along bark,,2,1,4,2,5,FALSE,FALSE,FALSE
6/19/2023,ULAM-170,170,FALSE,Ulmus,americana,ULAM,AUL20180114,Princeton ,FALSE,8.6,,,,,,8.6,,,INST,OH,5,FALSE,TRUE,FALSE,FALSE,FALSE,FALSE,FALSE,FALSE,TRUE,TRUE,FALSE,FALSE,FALSE,FALSE,None,N/A,None,,FALSE,FALSE,FALSE,FALSE,TRUE,TRUE,FALSE,"ingrown bark, outgrowths on bark",sticky leaves,2,1,4,2,4,FALSE,FALSE,FALSE
6/19/2023,LAIN-,,TRUE,Lagerstroemia,indica,LAIN,ALA20140129,,FALSE,,,,,,,0,,,INST,,,FALSE,FALSE,FALSE,FALSE,FALSE,FALSE,FALSE,FALSE,FALSE,FALSE,FALSE,FALSE,FALSE,FALSE,,,,,FALSE,FALSE,FALSE,FALSE,FALSE,FALSE,FALSE,,,1,1,1,1,5,FALSE,FALSE,FALSE
6/19/2023,LAIN-,,TRUE,Lagerstroemia,indica,LAIN,"
ALA20140143",,FALSE,,,,,,,0,,,INST,,,FALSE,FALSE,FALSE,FALSE,FALSE,FALSE,FALSE,FALSE,FALSE,FALSE,FALSE,FALSE,FALSE,FALSE,,,,,FALSE,FALSE,FALSE,FALSE,FALSE,FALSE,FALSE,,,1,1,1,1,3,FALSE,FALSE,FALSE
6/19/2023,LAIN-171,171,FALSE,Lagerstroemia,indica,LAIN,WLA20140010,,FALSE,,,,,,,0,,,INST,,,FALSE,FALSE,FALSE,FALSE,FALSE,FALSE,FALSE,FALSE,FALSE,FALSE,FALSE,FALSE,FALSE,FALSE,,,,,FALSE,FALSE,FALSE,FALSE,FALSE,FALSE,FALSE,,,,,,,,FALSE,TRUE,FALSE
6/19/2023,ULPA-172,172,FALSE,Ulmus,parvifolia,ULPA,RUL20150039,,FALSE,11.3,,,,,,11.3,,,INST,OM,5,FALSE,TRUE,FALSE,FALSE,FALSE,FALSE,FALSE,FALSE,TRUE,TRUE,FALSE,FALSE,FALSE,FALSE,Moderate,N/A,Shrubs or herbaceous non-grass species,,FALSE,FALSE,FALSE,FALSE,TRUE,TRUE,FALSE,,canopy up against building,2,1,1,1,3,FALSE,FALSE,FALSE
6/19/2023,ULPA-173,173,FALSE,Ulmus,parvifolia,ULPA,RUL20120250,,FALSE,,,,,,,0,,,INST,,,FALSE,FALSE,FALSE,FALSE,FALSE,FALSE,FALSE,FALSE,FALSE,FALSE,FALSE,FALSE,FALSE,FALSE,,,,,FALSE,FALSE,FALSE,FALSE,FALSE,FALSE,FALSE,,,,,,,,FALSE,TRUE,FALSE
6/19/2023,CECA-174,174,FALSE,Cercis,canadensis,CECA,CCE620190124,,FALSE,3.8,,,,,,3.8,,"3'11""",INST,OH,3,FALSE,TRUE,FALSE,TRUE,FALSE,FALSE,FALSE,FALSE,TRUE,TRUE,FALSE,FALSE,FALSE,FALSE,Moderate,N/A,Shrubs or herbaceous non-grass species,,FALSE,FALSE,FALSE,FALSE,TRUE,FALSE,TRUE,,,4,1,20,4,4,FALSE,FALSE,FALSE
6/19/2023,CECA-175,175,FALSE,Cercis,canadensis,CECA,WCE620190018,,FALSE,2.6,,,,,,2.6,,,INST,OM,1,FALSE,TRUE,FALSE,TRUE,TRUE,FALSE,FALSE,FALSE,TRUE,TRUE,FALSE,FALSE,FALSE,FALSE,None,recent,Lush,,FALSE,FALSE,FALSE,FALSE,TRUE,FALSE,FALSE,,,2,1,17,4,5,FALSE,FALSE,FALSE
6/19/2023,QUPH-176,176,FALSE,Quercus,phellos,QUPH,CQU20140087,,FALSE,37.3,,,,,,37.3,,,INST,OM,1,FALSE,FALSE,FALSE,TRUE,FALSE,FALSE,FALSE,FALSE,TRUE,FALSE,FALSE,FALSE,FALSE,FALSE,Minimal,recent,Patchy but green,,FALSE,TRUE,FALSE,FALSE,TRUE,TRUE,FALSE,hollow gere old branch broke and tore down trunk,,2,1,3,2,3,FALSE,FALSE,FALSE
6/19/2023,QUPH-177,177,FALSE,Quercus,phellos,QUPH,CQUXXXX0144,,FALSE,31.4,,,,,,31.4,,,INST,OM,2,FALSE,FALSE,FALSE,TRUE,FALSE,FALSE,FALSE,FALSE,TRUE,TRUE,TRUE,FALSE,FALSE,FALSE,Minimal,N/A,None,,FALSE,FALSE,FALSE,FALSE,TRUE,FALSE,FALSE,,,1,1,2,1,2,FALSE,FALSE,FALSE
6/19/2023,CECA-178,178,FALSE,Cercis,canadensis,CECA,CCE620120201,waterfall variety ,FALSE,2.3,,,,,,2.3,,"3'11""",INST,OM,1,FALSE,FALSE,FALSE,TRUE,FALSE,FALSE,FALSE,TRUE,TRUE,TRUE,FALSE,FALSE,FALSE,FALSE,Minimal,recent,Patchy but green,,FALSE,FALSE,FALSE,FALSE,TRUE,FALSE,FALSE,trunk resprout,,2,2,11,4,1,FALSE,FALSE,FALSE
6/19/2023,CECA-,,TRUE,Cercis,canadensis,CECA,CCE620130615,,FALSE,,,,,,,0,,,INST,,,FALSE,FALSE,FALSE,FALSE,FALSE,FALSE,FALSE,FALSE,FALSE,FALSE,FALSE,FALSE,FALSE,FALSE,,,,,FALSE,FALSE,FALSE,FALSE,FALSE,FALSE,FALSE,,,2,2,1,1,5,FALSE,FALSE,FALSE
6/19/2023,CECA-,,TRUE,Cercis,canadensis,CECA,CCE620130613,,FALSE,,,,,,,0,,,INST,,,FALSE,FALSE,FALSE,FALSE,FALSE,FALSE,FALSE,FALSE,FALSE,FALSE,FALSE,FALSE,FALSE,FALSE,,,,,FALSE,FALSE,FALSE,FALSE,FALSE,FALSE,FALSE,,,2,2,2,2,5,FALSE,FALSE,FALSE
6/19/2023,CECA-179,179,FALSE,Cercis,canadensis,CECA,CCE620130609,,FALSE,7.3,,,,,,7.3,,"3'9""",INST,NAT,3,FALSE,TRUE,FALSE,FALSE,FALSE,FALSE,FALSE,FALSE,FALSE,FALSE,FALSE,FALSE,FALSE,FALSE,None,N/A,None,,FALSE,FALSE,FALSE,FALSE,TRUE,FALSE,TRUE,bumps on bark,,2,2,2,2,5,FALSE,FALSE,FALSE
6/19/2023,QUPH-180,180,FALSE,Quercus,phellos,QUPH,CQU20120125,,FALSE,14.2,,,,,,14.2,,,INST,OM,3,TRUE,FALSE,FALSE,TRUE,FALSE,FALSE,FALSE,FALSE,TRUE,TRUE,FALSE,FALSE,FALSE,FALSE,None,recent,Patchy but green,,FALSE,FALSE,FALSE,FALSE,TRUE,TRUE,TRUE,exit holes in trunk,,2,1,1,1,4,FALSE,FALSE,FALSE
6/19/2023,CECA-181,181,FALSE,Cercis,canadensis,CECA,CCE620140022,,FALSE,2.3,,,,,,2.3,,"3'11""",INST,OM,1,FALSE,FALSE,FALSE,TRUE,TRUE,FALSE,FALSE,FALSE,TRUE,TRUE,FALSE,FALSE,FALSE,FALSE,Minimal,N/A,None,,FALSE,FALSE,FALSE,FALSE,TRUE,FALSE,FALSE,,,2,2,7,3,4,FALSE,FALSE,FALSE
6/19/2023,CECA-182,182,FALSE,Cercis,canadensis,CECA,CCE620120208,,FALSE,5.9,,,,,,5.9,,,INST,OM,2,FALSE,TRUE,FALSE,TRUE,FALSE,FALSE,FALSE,FALSE,TRUE,TRUE,FALSE,FALSE,FALSE,FALSE,None,recent,Patchy but green,,FALSE,FALSE,FALSE,FALSE,TRUE,TRUE,TRUE,"decay from broken branch, split near co-dominant branch that is likely to break off soon",,2,1,6,3,3,FALSE,FALSE,FALSE
6/19/2023,CECA-183,183,FALSE,Cercis,canadensis,CECA,CCE620120170,,FALSE,9.1,,,,,,9.1,,"2'6""",INST,OM,2,FALSE,TRUE,FALSE,TRUE,FALSE,FALSE,FALSE,FALSE,TRUE,TRUE,FALSE,FALSE,FALSE,FALSE,Minimal,N/A,None,,FALSE,FALSE,FALSE,FALSE,FALSE,TRUE,TRUE,,,2,1,3,2,3,FALSE,FALSE,FALSE
6/19/2023,CECA-184,184,FALSE,Cercis,canadensis,CECA,CCE620120117,,FALSE,5.8,,,,,,5.8,,,INST,OM,2,FALSE,TRUE,FALSE,TRUE,FALSE,FALSE,FALSE,FALSE,TRUE,TRUE,FALSE,FALSE,FALSE,FALSE,Minimal,old,Lush,,FALSE,FALSE,FALSE,FALSE,TRUE,TRUE,TRUE,"gash in brak near root flare, gash near prune scar but looks like break",,2,1,2,2,3,FALSE,FALSE,FALSE
6/19/2023,CECA-185,185,FALSE,Cercis,canadensis,CECA,CCE620130462,,FALSE,,,,,,,0,,,INST,,,FALSE,FALSE,FALSE,FALSE,FALSE,FALSE,FALSE,FALSE,FALSE,FALSE,FALSE,FALSE,FALSE,FALSE,,,,,FALSE,FALSE,FALSE,FALSE,FALSE,FALSE,FALSE,,,,,,,,FALSE,TRUE,FALSE
6/19/2023,CECA-185,185,FALSE,Cercis,canadensis,CECA,replacement for CCE620130462,https://maps.app.goo.gl/JYpcK4UQatBGLxx79,FALSE,4.6,,,,,,4.6,,,INST,OM,3,FALSE,TRUE,FALSE,FALSE,FALSE,FALSE,FALSE,FALSE,TRUE,TRUE,FALSE,FALSE,FALSE,FALSE,Minimal,recent,Dry/brown,,FALSE,FALSE,FALSE,FALSE,TRUE,FALSE,TRUE,,,2,2,1,2,2,FALSE,FALSE,FALSE
6/19/2023,CECA-,,TRUE,Cercis,canadensis,CECA,CCE620130460,,FALSE,,,,,,,0,,,INST,,,FALSE,FALSE,FALSE,FALSE,FALSE,FALSE,FALSE,FALSE,FALSE,FALSE,FALSE,FALSE,FALSE,FALSE,,,,,FALSE,FALSE,FALSE,FALSE,FALSE,FALSE,FALSE,,,2,2,2,2,2,FALSE,FALSE,FALSE
6/19/2023,QUPH-186,186,FALSE,Quercus,phellos,QUPH,CQU20120098,,FALSE,31.2,,,,,,31.2,,,INST,OM,2,FALSE,TRUE,FALSE,FALSE,FALSE,FALSE,FALSE,FALSE,TRUE,TRUE,FALSE,FALSE,FALSE,FALSE,None,N/A,None,,TRUE,FALSE,FALSE,FALSE,TRUE,FALSE,FALSE,,,1,1,3,1,4,FALSE,FALSE,FALSE
6/19/2023,QUPH-,,TRUE,Quercus,phellos,QUPH,EQU20120181,,FALSE,,,,,,,0,,,INST,,,FALSE,FALSE,FALSE,FALSE,FALSE,FALSE,FALSE,FALSE,FALSE,FALSE,FALSE,FALSE,FALSE,FALSE,,,,,FALSE,FALSE,FALSE,FALSE,FALSE,FALSE,FALSE,,,2,1,1,1,3,FALSE,FALSE,FALSE
6/19/2023,QUPH-187,187,FALSE,Quercus,phellos,QUPH,EQU20120293,,FALSE,26.1,,,,,,26.1,,,INST,SP,4,TRUE,TRUE,FALSE,FALSE,FALSE,FALSE,FALSE,FALSE,TRUE,TRUE,FALSE,FALSE,FALSE,FALSE,None,N/A,None,,FALSE,FALSE,TRUE,TRUE,FALSE,FALSE,FALSE,,,1,1,1,1,4,FALSE,FALSE,FALSE
6/20/2023,ULPA-,,TRUE,Ulmus,parvifolia,ULPA,RUL20120299,,FALSE,,,,,,,0,,,INST,,,FALSE,FALSE,FALSE,FALSE,FALSE,FALSE,FALSE,FALSE,FALSE,FALSE,FALSE,FALSE,FALSE,FALSE,,,,,FALSE,FALSE,FALSE,FALSE,FALSE,FALSE,FALSE,,,1,1,1,1,3,FALSE,FALSE,FALSE
6/20/2023,ULPA-,,TRUE,Ulmus,parvifolia,ULPA,RUL20120209,,FALSE,,,,,,,0,,,INST,,,FALSE,FALSE,FALSE,FALSE,FALSE,FALSE,FALSE,FALSE,FALSE,FALSE,FALSE,FALSE,FALSE,FALSE,,,,,FALSE,FALSE,FALSE,FALSE,FALSE,FALSE,FALSE,,,1,1,1,1,4,FALSE,FALSE,FALSE
6/20/2023,LAIN-190,190,FALSE,Lagerstroemia,indica,LAIN,ALA20140150,,TRUE,8.4,6,3.5,8,6.9,7.2,40,,,INST,OM,4,FALSE,TRUE,FALSE,FALSE,FALSE,FALSE,FALSE,FALSE,TRUE,TRUE,FALSE,FALSE,FALSE,FALSE,Minimal,N/A,None,,TRUE,FALSE,FALSE,TRUE,FALSE,FALSE,FALSE,,,1,1,2,1,4,FALSE,FALSE,FALSE
6/25/2023,QUPH-191,191,FALSE,Quercus,phellos,QUPH,EQU20120105,,FALSE,23.9,,,,,,23.9,,,INST,SP,4,TRUE,TRUE,FALSE,TRUE,FALSE,FALSE,FALSE,FALSE,TRUE,TRUE,FALSE,FALSE,FALSE,FALSE,None,N/A,None,,FALSE,FALSE,FALSE,TRUE,TRUE,FALSE,TRUE,,birds nest,2,1,1,1,5,FALSE,FALSE,FALSE
6/25/2023,QUPH-,,TRUE,Quercus,phellos,QUPH,EQUXXXX0184,,FALSE,,,,,,,0,,,INST,,,FALSE,FALSE,FALSE,FALSE,FALSE,FALSE,FALSE,FALSE,FALSE,FALSE,FALSE,FALSE,FALSE,FALSE,,,,,FALSE,FALSE,FALSE,FALSE,FALSE,FALSE,FALSE,,,2,1,7,3,2,FALSE,FALSE,FALSE
6/25/2023,QUPH-,,TRUE,Quercus,phellos,QUPH,EQU20180006,,FALSE,,,,,,,0,,,INST,,,FALSE,FALSE,FALSE,FALSE,FALSE,FALSE,FALSE,FALSE,FALSE,FALSE,FALSE,FALSE,FALSE,FALSE,,,,,FALSE,FALSE,FALSE,FALSE,FALSE,FALSE,FALSE,,,2,2,1,2,4,FALSE,FALSE,FALSE
6/25/2023,ULAM-,,TRUE,Ulmus,americana,ULAM,EUL20140010,,FALSE,,,,,,,0,,,INST,,,FALSE,FALSE,FALSE,FALSE,FALSE,FALSE,FALSE,FALSE,FALSE,FALSE,FALSE,FALSE,FALSE,FALSE,,,,,FALSE,FALSE,FALSE,FALSE,FALSE,FALSE,FALSE,,,1,2,1,1,4,FALSE,FALSE,FALSE
7/4/2023,ACRU-192,192,FALSE,Acer,rubrum,ACRU,CAC220130676,,FALSE,3.1,,,,,,3.1,,,INST,OM,3,FALSE,TRUE,FALSE,TRUE,TRUE,FALSE,FALSE,TRUE,FALSE,FALSE,FALSE,FALSE,FALSE,FALSE,Moderate,recent,Lush,,FALSE,FALSE,FALSE,FALSE,TRUE,TRUE,FALSE,,,2,1,11,4,5,FALSE,FALSE,FALSE
