OBJECTID,TREE_ID,SUB_NAME,SUB_GENUS,SUB_SPECIES,SUB_VARIETY,PLANTS,USER_ID,DATE_ADDED,DATE_UPDATED,NAME,SUB_ID,NOTES,DBH,REVISIT_ID,REVISIT_DATE_ADDED,REVISIT_DATE_UPDATED,REVISIT_NOTES,REVISIT_TYPE,CROWN_VIGOR,LEAF_DEFOLIATIONF,LEAF_DISCOLORATIONF,FINE_TWIG_DIEBACKF,CROWN_LIGHT_EXPOSURE,CROWN_DENSITY_TRANS,INV_CROWN_VIGOR,PercImpervious
4,9989CB9E-E7B4-4F8F-ABFD-00DBEC808AFF,eastern redbud,Cercis,canadensis,NA,CECA4               ,179696,09:30.0,58:21.6,S-O18-CECA-009,3273,"DBH measured at 2'8""",2.2,4,13:33.0,,,2,2,2,2,1,5,35,4,72
6,79C383F6-A96A-48F9-86BA-01D2BE95C76E,red maple,Acer,rubrum,NA,ACRU                ,189796,56:02.0,16:04.9,S-Q21-ACRU-069,3247,,6.3,277,57:33.0,,,2,3,1,2,45,5,55,3,80
7,DE0C7E31-05AC-4206-B718-02B200C5813A,crapemyrtle,Lagerstroemia,indica,NA,LAIN                ,189796,06:24.0,,S-P21-LAUN-001,6931,"DBH measured at 3'4""",1.45,363,08:00.0,,Bark blonding ,2,1,1,1,5,5,45,5,91
9,DBE4DD4B-107C-489D-BA04-037A5D623B18,Callery pear (Bradford pear),Pyrus,calleryana,NA,PYCA80              ,189796,57:37.0,,S-U21-PYCA-018,10957,"Dbh measured at 4'3""",19.5,444,58:45.0,,,2,1,1,2,1,4,5,5,40
10,1E7D1EA8-1D99-4855-9831-03EAB8B6DC61,juniper,Juniperus,spp.,NA,JUNIP               ,189796,36:33.0,,S-R21-JUUN-010,3640,,5,334,37:53.0,,,2,1,1,1,1,5,15,5,51
11,DC9F33F2-76D5-48A0-A1E7-044CF878AB54,willow oak,Quercus,phellos,NA,QUPH                ,189796,37:25.0,21:02.6,S-O18-QUPH-037,3343,,16.9,38,42:28.0,,,2,3,NA,2,5,4,35,3,79
17,2082A15D-39AF-4F61-9518-06B2C04513D1,willow oak,Quercus,phellos,NA,QUPH                ,189796,39:25.0,28:00.2,S-O18-QUPH-032,3343,,30.7,8,41:10.0,,,2,4,NA,4,15,3,45,2,69
18,F6411E12-F480-4BA1-8A43-06E8B8DD1F86,trident maple,Acer,buergerianum,NA,ACBU4               ,203642,36:09.0,,S-O21-ACBU-055,20243,,8.4,362,28:55.0,38:02.0,,2,1,1,2,1,5,15,5,27
20,DBB528FB-3705-442C-87F6-0720C8B54E00,eastern redbud,Cercis,canadensis,NA,CECA4               ,179696,45:12.0,58:35.0,S-O18-CECA-019,3273,"Measured at 2'11""",1.55,14,46:28.0,,,2,2,2,2,1,5,45,4,85
21,B91D927D-E184-4C9E-A261-0765879AB822,Japanese zelkova,Zelkova,serrata,NA,ZESE80              ,189796,40:26.0,02:38.8,S-Q21-ZESE-065,18056,,12.05,273,41:41.0,,"Trunk damage, resprout",2,1,1,1,1,4,35,5,79
22,7019DB0F-5C55-43A3-BB38-07BBB6FA9FB5,Kentucky coffeetree,Gymnocladus,dioicus,NA,GYDI                ,189796,56:20.0,04:40.6,S-Q21-GYDI-042,3986,,9.5,256,57:11.0,,Some epicormic branching,2,2,1,2,1,5,35,4,86
23,1AD215A8-C138-427B-BAB9-08674781CA48,willow oak,Quercus,phellos,NA,QUPH                ,179696,03:02.0,,S-O21-QUPH-037,3343,,35,144,04:29.0,,"Root decay, broken branches. ",2,2,1,2,1,5,45,4,37
24,D68B74C9-1645-4B5A-B667-0877DCE34FD6,elm,Ulmus,spp.,NA,ULMUS               ,189796,34:46.0,,S-P21-ULUN-020,3478,,1.4,381,36:33.0,,Broken branches low in canopy,2,2,1,2,20,5,75,4,60
25,E94FA44D-D24E-46F2-9BC2-08AB8E006B36,eastern redbud,Cercis,canadensis,NA,CECA4               ,179696,41:57.0,58:51.9,S-O18-CECA-013,3273,"Measured at 2'3""",1.6,8,43:31.0,,,2,2,2,2,1,5,15,4,53
27,FE06CEF7-D1CA-4E15-AFC7-0A9D1A104D11,Norway maple,Acer,platanoides,NA,ACPL                ,189796,18:17.0,,S-P21-ACPL-065,3002,"This tree is a 'Crimson sunset maple,' a hybrid between an Acer truncatum and an Acer platanoides. All the previous Acer platanoides are, too.",0.89,423,19:05.0,,"This tree is a 'Crimson sunset maple,' a hybrid between an Acer truncatum and an Acer platanoides. All the previous Acer platanoides are, too.",2,2,2,2,1,4,35,4,66
28,8EBF7B9B-9647-4DCA-A4D9-0B2D36C4DDB4,sugar maple,Acer,saccharum,NA,ACSA3               ,189796,59:38.0,,S-O21-ACSA-058,3249,,16,311,00:34.0,,,2,2,1,1,5,5,45,4,37
29,0764D700-ED97-40B9-A4D7-0B337DED76EB,trident maple,Acer,buergerianum,NA,ACBU4               ,203642,32:13.0,,S-O21-ACBU-053,20243,,6.2,84,33:34.0,,,2,1,1,1,1,4,25,5,27
31,2493124E-C98B-40D4-984F-0BD1A1D4BE6D,live oak,Quercus,virginiana,NA,QUVI                ,189796,05:54.0,,S-O21-QUVI-112,3349,,35,327,06:53.0,,,2,2,1,1,5,5,25,4,51
32,F3930370-68A5-4348-A9EF-0BD503872ED8,American hornbeam,Carpinus,caroliniana,NA,CACA18              ,189796,00:50.0,55:23.0,S-Q21-CACA-014,3258,,1.65,228,01:57.0,06:15.0,Dead,2,5,NA,NA,100,NA,0,1,84
33,2667D147-7C8F-4033-A568-0C58125BF9C4,maple,Acer,spp.,NA,ACER                ,189796,18:39.0,13:26.3,S-Q21-ACTR-060,3477,,3.9,268,20:11.0,,,2,1,1,2,1,4,15,5,74
34,74AC93B2-5B87-411B-9604-0C94A21E1DBB,American hornbeam,Carpinus,caroliniana,NA,CACA18              ,189796,29:17.0,,S-R21-CACA-008,3258,,0.7,332,30:05.0,,,2,3,2,1,20,5,65,3,51
35,E938FBD6-7B08-406A-B0BE-0D0F33E0EF71,Kentucky coffeetree,Gymnocladus,dioicus,NA,GYDI                ,189796,33:43.0,04:54.5,S-Q21-GYDI-037,3986,,4.2,251,35:16.0,,Gash in branch,2,1,1,2,1,5,45,5,82
36,B8C6EFAA-DDC6-4E6D-9FFE-0D17863F668E,live oak,Quercus,virginiana,NA,QUVI                ,203642,27:42.0,,S-O21-QUVI-052,3349,,23.9,83,28:51.0,,,2,1,1,1,5,5,35,5,27
39,16B9B38C-9CDE-4468-A646-0EDC43333908,American elm,Ulmus,americana,NA,ULAM                ,189796,03:57.0,,S-P21-ULAM-038,3358,,1.45,397,05:24.0,,,2,2,1,2,15,5,65,4,60
41,A0204245-C50B-40AF-9DBF-10DF4D8E4B24,red maple,Acer,rubrum,NA,ACRU                ,189796,28:15.0,16:20.8,S-Q21-ACRU-028,3247,,5.9,242,29:54.0,,,2,3,1,2,25,5,45,3,83
42,B97F3611-AE96-4AE8-BE9F-11E5FD152470,willow oak,Quercus,phellos,NA,QUPH                ,189796,48:19.0,28:11.6,S-O18-QUPH-033,3343,,22.4,9,49:58.0,,,2,3,NA,3,1,4,25,3,69
43,8954F409-D7C0-4B25-A401-11FF3A113BA5,willow oak,Quercus,phellos,NA,QUPH                ,189796,18:08.0,28:27.8,S-O18-QUPH-036,3343,,43.7,37,19:31.0,,"Fungal conch, hole in trunk, broken Branch",2,2,1,1,5,4,45,4,49
45,C15D0885-E38F-42BB-AF99-12DB2472FEC3,red maple,Acer,rubrum,NA,ACRU                ,189796,52:05.0,16:35.7,S-Q21-ACRU-025,3247,,4.7,239,53:23.0,,,2,3,1,2,15,5,55,3,83
47,ABD347F0-4830-4F93-A27D-13614183FEC9,live oak,Quercus,virginiana,NA,QUVI                ,189796,45:51.0,,S-S22-QUVI-013,3349,"Dbh measured at 2'2""",36.6,437,47:09.0,49:07.0,,2,2,1,1,10,5,45,4,41
50,11F98461-7203-4319-B9E0-14CE9D533DD0,sweetgum,Liquidambar,styraciflua,NA,LIST2               ,189796,31:52.0,,S-T18-LIST-015,3296,,11.9,467,33:05.0,,Light stake extremely close to base.,2,2,1,1,5,2,45,4,8
51,6A1981E0-A70C-4694-A9C4-15224DF19D78,river birch,Betula,nigra,NA,BENI                ,189796,34:15.0,52:10.0,S-R21-BENI-023,3256,Protection at base; root diaper.,1.21,342,35:43.0,,Protection at base; root diaper.,2,3,1,1,30,4,65,3,54
54,A60B4700-5C0E-45BC-BECE-169537C05271,American elm,Ulmus,americana,NA,ULAM                ,189796,03:58.0,,S-R21-ULAM-017,3358,Protection at base; pole.,1.25,338,05:13.0,,Protection at base; pole.,2,2,2,2,1,5,45,4,11
55,AED1C6A7-4B26-4A78-B2AA-16CB48B2591E,plum/cherry,Prunus,spp.,NA,PRUNU               ,203642,41:04.0,,S-O21-PRYE-042,6898,Prunes yeodoensis,1.1,74,42:34.0,,,2,5,NA,NA,100,NA,95,1,11
59,F8B6E399-02E0-434B-831C-1A98AF2B5699,eastern redbud,Cercis,canadensis,NA,CECA4               ,189796,49:34.0,,S-P21-CECA-048,3273,,1,407,50:34.0,,Strange mulch.,2,4,2,5,15,4,55,2,64
61,A112A5B9-DFC9-4826-BF86-1AE24343CB6D,crapemyrtle,Lagerstroemia,indica,NA,LAIN                ,189796,15:31.0,,S-P21-LAUN-003,6931,"DBH measured at 3'10""",1.6,365,17:09.0,,,2,1,2,1,1,5,45,5,86
64,BE82918F-6751-4165-B43F-1BDF4A84826E,crapemyrtle,Lagerstroemia,indica,NA,LAIN                ,189796,33:56.0,,S-O21-LAUN-063,6931,,7,315,35:14.0,,,2,1,1,1,1,4,35,5,37
67,02C846A5-84FF-458B-8FE9-1C90C8ABC2F5,live oak,Quercus,virginiana,NA,QUVI                ,189796,01:24.0,,S-S22-QUVI-007,3349,"Dbh measured at 3'5""",37.1,431,03:52.0,15:46.0,,2,1,1,1,5,4,35,5,23
68,4AAD91FA-A76E-4313-8BDB-1CB893AEB6A3,unlisted plant,,,NA,,189796,12:55.0,,S-M19-NYSY-017,59420,,16.1,459,14:13.0,,Large branch dieback,2,2,1,2,5,2,35,4,10
69,8D1E4213-B095-434C-9425-1CFFE534BADC,red maple,Acer,rubrum,NA,ACRU                ,189796,51:53.0,17:01.5,S-Q21-ACRU-068,3247,,7.61,476,19:59.0,,,2,3,1,2,35,4,45,3,79
71,201F0F82-6574-47DE-A716-1DB0B0717A93,eastern redbud,Cercis,canadensis,NA,CECA4               ,189796,35:32.0,36:56.4,S-O18-CECA-002,3273,Dbh measured at 2',1.36,1,37:42.0,39:17.0,Protection at t,2,3,3,4,30,5,45,3,71
72,D70666C9-7F6E-4AFC-831B-1DD748B67A69,American hornbeam,Carpinus,caroliniana,NA,CACA18              ,189796,03:52.0,55:40.8,S-Q21-CACA-015,3258,,0.7,229,05:07.0,,Dead,2,5,NA,NA,100,NA,0,1,77
73,170A5C13-A3C5-4867-AF79-1E6249833ECD,unlisted plant,,,NA,,189796,22:14.0,,S-M19-NYSY-008,59420,"DBH measured at 2'7""",16.4,452,24:03.0,,Large branch dieback,2,2,2,2,1,3,25,4,27
74,E46F7ACE-BB04-451F-B50F-1E887F4CBEC7,red maple,Acer,rubrum,NA,ACRU                ,189796,56:09.0,17:15.7,S-Q21-ACRU-031,3247,,8.4,245,58:13.0,,,2,1,1,2,1,4,35,5,84
75,E3E14980-E5BD-4C6D-9700-1EC8659D7EA7,Chinese elm,Ulmus,parvifolia,NA,ULPA                ,189796,12:30.0,56:19.3,S-Q21-ULPA-046,6567,,11.7,260,13:47.0,,"Trunk decay, sign against trunk",2,1,1,1,1,4,15,5,81
76,8A01C8D0-5EB7-414D-B4A6-1EF134399524,crapemyrtle,Lagerstroemia,indica,NA,LAIN                ,189796,30:11.0,49:41.3,S-P21-LAUN-043,6931,,1.51,402,31:12.0,,Trunk sprout.,2,2,2,2,5,5,45,4,65
77,89346148-2984-421A-AAFE-20805FDCF3F5,peach,Prunus,persica,NA,PRPE3               ,179696,26:12.0,20:36.4,S-O21-PRPE-024,6920,,1.45,131,27:18.0,,,2,1,1,1,1,5,35,5,18
80,B16D08EA-C02E-4813-A52A-225424051942,crapemyrtle,Lagerstroemia,indica,NA,LAIN                ,189796,34:20.0,,S-P21-LAUN-008,6931,"DBH measured at 3'6""",1.6,369,35:36.0,,"Fungal conch, pruning scars with exposed wood, lower trunk resprout ",2,1,2,2,5,5,45,5,91
83,E7FE469D-1C69-4704-A1EF-234260ABB099,willow oak,Quercus,phellos,NA,QUPH                ,189796,35:04.0,27:23.2,S-O18-QUPH-050,3343,,12.31,51,36:39.0,,"Girdling roots, chlorotic leaves, fungus on leaves",2,3,1,3,5,3,45,3,77
84,0DBD4A64-5A57-4DB0-A587-23652F3AB4CF,American hornbeam,Carpinus,caroliniana,NA,CACA18              ,189796,11:42.0,33:00.7,S-R21-CACA-038,3258,,0.75,347,12:21.0,,Protection at base.,2,2,2,2,10,5,55,4,40
85,A9103CA2-3AE7-4F1B-B375-24962D7B2ED6,red maple,Acer,rubrum,NA,ACRU                ,189796,15:33.0,17:32.8,S-Q21-ACRU-059,3247,,9.8,477,25:47.0,,,2,2,1,2,10,5,35,4,74
86,8F2BA1CB-2636-48EB-83CF-255036B1EA62,Japanese zelkova,Zelkova,serrata,NA,ZESE80              ,189796,28:12.0,02:51.3,S-Q21-ZESE-062,18056,,10.35,270,30:01.0,,,2,1,1,1,10,3,35,5,72
87,1A8154B9-1491-4173-AD3C-25BC56EFAE71,plum/cherry,Prunus,spp.,NA,PRUNU               ,189796,54:12.0,,S-O21-PRYE-057,6898,Prunus yedoensis,1.4,310,56:16.0,,,2,1,2,1,1,5,35,5,37
89,F2B8F531-C13C-4E26-8B4E-2632BA62D498,Kentucky coffeetree,Gymnocladus,dioicus,NA,GYDI                ,189796,59:11.0,05:05.3,S-Q21-GYDI-043,3986,,4.6,257,03:12.0,08:29.0,"Bark blonding, epicormic branching",2,1,1,2,1,5,35,5,86
90,4E09487A-82FC-4882-82BF-2664120F57CF,crapemyrtle,Lagerstroemia,indica,NA,LAIN                ,189796,10:35.0,20:09.6,S-U16-LAIN-005,6931,"Multistemmed: other dbhs 4.4, 4.7, 4.65, 4.9, 5",5,291,14:37.0,,,2,2,1,2,5,5,35,4,42
92,E794BC2E-36F6-40B3-B86C-26E3BADC6BB1,eastern redbud,Cercis,canadensis,NA,CECA4               ,179696,23:15.0,59:14.2,S-O18-CECA-016,3273,"Measured at 3'9""",1.8,11,25:41.0,,,2,2,2,2,1,5,55,4,69
93,57844421-405B-472A-BEEB-27722C34367B,red maple,Acer,rubrum,NA,ACRU                ,189796,05:40.0,17:54.2,S-Q21-ACRU-071,3247,,8.5,279,07:06.0,,,2,2,1,2,5,2,25,4,90
94,3A4DD769-735B-4201-90D7-279C3988BEF3,Callery pear (Bradford pear),Pyrus,calleryana,NA,PYCA80              ,189796,28:16.0,26:17.0,S-O21-PYCA-002,10957,We could not measure DBH because on private property.,17.51,307,30:10.0,,We could not measure DBH because on private property; some resprout from pruning scars.,2,1,1,1,5,4,35,5,51
95,8FC5A15A-E988-4F38-9288-27DDA7A05E2D,willow oak,Quercus,phellos,NA,QUPH                ,189796,59:19.0,27:34.7,S-O18-QUPH-054,3343,,14.8,55,01:10.0,,"Chlorotic leaves, some oozing, a bit of trunk sprout",2,4,1,4,1,4,35,2,82
96,2A87CD9D-12DA-4114-85FE-287C4D50220E,trident maple,Acer,buergerianum,NA,ACBU4               ,203642,38:23.0,,S-O21-ACBU-041,20243,,1.5,73,39:32.0,,,2,1,1,1,1,5,45,5,11
97,8B2B84B1-F6D8-41A2-88D3-28ADC9E65BA7,crapemyrtle,Lagerstroemia,indica,NA,LAIN                ,189796,20:47.0,,S-P21-LAUN-004,6931,"DBH measured at 4'1""",2.5,366,22:02.0,,,2,1,2,2,5,5,45,5,92
98,4C0AD4F7-73A6-44F8-A96C-28C81B5CFD62,Freeman maple,Acer,x freemanii,NA,ACFR                ,189796,28:22.0,02:20.6,S-Q21-ACXF-051,55869,,6.5,263,30:16.0,,"Epicormic branching, yellowing leaves, broken branches, root decay",2,3,2,2,20,5,45,3,77
99,A0916A78-ACAC-4100-A673-292FFE0E6F00,plum/cherry,Prunus,spp.,NA,PRUNU               ,189796,53:23.0,13:50.4,S-O18-PRUN-024,6898,"Dbh measured at 1'5""",10.1,5,55:44.0,,,2,2,1,2,25,2,35,4,79
100,1EDADB74-76CE-45FE-8D50-293D9C202ED1,willow oak,Quercus,phellos,NA,QUPH                ,189796,40:31.0,,S-O21-QUPH-107,3343,,42.5,323,41:34.0,,,2,2,1,1,10,5,45,4,30
101,CD77E60F-FFFE-48C0-932A-2954903BF4FD,American elm,Ulmus,americana,NA,ULAM                ,189796,02:13.0,52:45.0,S-Q21-ULAM-007,3358,,4.4,221,03:17.0,,,2,1,2,1,1,5,15,5,72
104,F9A6315C-BC9A-4FB9-A91F-2B14583B432C,red maple,Acer,rubrum,NA,ACRU                ,189796,38:20.0,18:24.9,S-Q21-ACRU-022,3247,,5.3,236,39:51.0,,,2,3,1,2,25,5,45,3,72
105,17C2537B-58CC-4606-B97E-2B224E6ECF90,scarlet oak,Quercus,coccinea,NA,QUCO2               ,189796,26:18.0,,S-M19-QUCO-031,3328,"Dbh taken at 3'11""",20.6,465,27:51.0,,"Large branch dieback, insect defoliation in small amounts throughout crowm",2,2,2,2,10,4,35,4,51
106,590FAD9B-0228-4B11-BDBD-2BAC1642957C,unlisted plant,,,NA,,189796,13:11.0,,S-M19-NYSY-006,59420,Nyssa sylvatica,15.4,450,14:38.0,,,2,2,2,2,1,4,25,4,54
107,38D7B513-FF46-40EC-AA11-2C54F870B1D6,Kentucky coffeetree,Gymnocladus,dioicus,NA,GYDI                ,189796,41:13.0,09:56.4,S-Q21-GYDI-039,3986,,6.11,253,42:08.0,,Root decay,2,1,1,1,1,5,45,5,82
108,37547CDC-294A-4273-B91C-2C7D0DD366E6,red maple,Acer,rubrum,NA,ACRU                ,179696,14:08.0,33:41.2,S-O21-ACRU-021,3247,,18.31,129,16:03.0,,Epicormic branching ,2,3,1,2,20,4,65,3,19
109,E5E65D3F-A0CB-4035-B1C5-2CDB8DA2C62A,eastern redbud,Cercis,canadensis,NA,CECA4               ,189796,10:43.0,53:40.9,S-P21-CECA-052,3273,The tree is slant.,1.05,411,11:58.0,,Significant basal sprout; the trunk is slant.,2,3,2,4,5,5,45,3,45
110,F82A00CA-6EEC-4522-9057-2DAADD64049F,winged elm,Ulmus,alata,NA,ULAL                ,189796,15:52.0,25:55.0,S-U16-ULAL-016,3357,,19.15,577,24:23.0,24:23.0,,2,3,1,2,45,4,75,3,6
112,D936607F-53B2-41F6-AB75-2DF95A099EF8,Japanese zelkova,Zelkova,serrata,NA,ZESE80              ,189796,43:37.0,03:15.8,S-Q21-ZESE-066,18056,,8.4,274,44:58.0,51:24.0,,2,3,1,2,30,4,45,3,79
113,A4F1D9D2-DB80-4CCA-A4F3-2E85BFD6D590,eastern redbud,Cercis,canadensis,NA,CECA4               ,179696,36:39.0,59:30.0,S-O18-CECA-012,3273,"DBH measured at 2'10""",1.7,7,38:21.0,,,2,3,3,2,1,5,45,3,69
115,F2DC5601-D2E0-49EB-BB27-2FE2E3A289F2,Kentucky coffeetree,Gymnocladus,dioicus,NA,GYDI                ,189796,08:56.0,10:16.8,S-Q21-GYDI-045,3986,,3,259,10:24.0,,Yellowed leaves,2,2,1,2,1,5,55,4,81
118,B6235974-0488-4274-8277-30C5E2F0C3D3,plum/cherry,Prunus,spp.,NA,PRUNU               ,179696,37:04.0,14:49.3,S-O21-PRUN-026,6898,,1,133,38:33.0,,Large pieces of bark used as mulch.,2,1,2,1,1,5,45,5,18
119,FB333E11-32DC-4279-AE86-3110E8126205,elm,Ulmus,spp.,NA,ULMUS               ,189796,28:45.0,,S-P21-ULUN-019,3478,,1.6,380,32:35.0,,Some broken branches due to stake,2,2,1,2,20,5,65,4,60
120,CEDCA89C-0ADC-4332-A530-3181AE0760B4,Kentucky coffeetree,Gymnocladus,dioicus,NA,GYDI                ,189796,51:41.0,10:41.5,S-Q21-GYDI-041,3986,,4.25,255,53:50.0,,,2,1,1,2,1,5,45,5,82
123,B51D5E9B-6136-4A7C-ACE6-32AC277A80FE,European smoketree,Cotinus,coggygria,NA,COCO10              ,189796,05:37.0,,S-M19-COCO-004,17245,"Multistemmed, 1.64 measured at 1'4""",1.67,449,07:13.0,,,2,1,1,2,5,5,45,5,54
124,5CAAA761-9370-4752-88AD-32C317C3E19D,Norway maple,Acer,platanoides,NA,ACPL                ,189796,10:57.0,24:31.0,S-P21-ACPL-063,3002,,1.01,421,11:52.0,,"We hypothesize this tree to be an Acer platanoides (Noway maple), even if it is recorded in the city inventory as an Acer truncatus (Shantung maple); leaves are scorched.",2,2,1,1,1,5,35,4,66
125,864C0AF8-70A5-49A0-A7A1-32E4AF3F5BD8,Chinese elm,Ulmus,parvifolia,NA,ULPA                ,189796,20:50.0,56:31.5,S-Q21-ULPA-075,6567,,4.51,283,22:31.0,,Trunk damage,2,2,1,2,1,3,45,4,55
127,4EED77C2-E7C9-48B3-B315-3497EEFCD33C,crapemyrtle,Lagerstroemia,indica,NA,LAIN                ,189796,19:51.0,20:40.1,S-U16-LAUN-001,6931,"Multistemmed, other dbh 2.5",3.65,287,21:12.0,,Resprout from pruning scar.,2,1,1,1,5,5,55,5,2
128,BEB59EFB-B10B-4A7B-A16A-3510D4B74C20,red maple,Acer,rubrum,NA,ACRU                ,189796,34:11.0,18:48.9,S-Q21-ACRU-021,3247,,5.6,235,35:46.0,,,2,3,1,2,25,5,55,3,72
129,1F0C008A-6140-4602-BAC9-355826EBEE8B,pecan,Carya,illinoinensis,NA,CAIL2               ,189796,22:07.0,46:38.3,S-O21-CAIL-001,3262,Plants growing on the bottom in shrub form; DBH cannot be measured because on private property. We estimated DBH at approximately 3'10'',25,306,25:52.0,,We could not measure DBH because on private property.,2,1,1,1,1,5,35,5,27
130,FF390277-72F5-4A9F-AF67-359324EBA124,Kentucky coffeetree,Gymnocladus,dioicus,NA,GYDI                ,189796,40:33.0,11:07.3,S-Q21-GYDI-055,3986,,3.01,265,42:22.0,,"Trunk damage, large branch dieback",2,4,2,3,55,4,65,2,77
132,B593D2B5-37B8-4DCE-8707-36C56C054E1F,sugar maple,Acer,saccharum,NA,ACSA3               ,189796,16:27.0,,S-R21-ACSA-019,3249,Tag with species present; protection at base.,0.75,339,19:07.0,,Tag with species present; protection at base.,2,2,2,2,5,3,35,4,11
133,3B2021DD-7E4D-4504-867C-36CB59C4CC04,red maple,Acer,rubrum,NA,ACRU                ,189796,33:03.0,19:02.9,S-Q21-ACRU-029,3247,,5.35,243,34:36.0,56:03.0,,2,1,1,2,5,4,35,5,84
134,0E01E025-E498-46DB-AAB4-372B9CDD9FB8,Japanese zelkova,Zelkova,serrata,NA,ZESE80              ,189796,38:00.0,46:15.0,S-P21-ZESE-030,18056,,1.2,390,39:02.0,,,2,5,NA,NA,100,NA,95,1,75
137,89F77935-E16E-4B6F-8212-38F408DB8ECD,red maple,Acer,rubrum,NA,ACRU                ,189796,14:36.0,19:25.1,S-Q21-ACRU-017,3247,,5.1,231,16:12.0,18:54.0,,2,2,1,1,20,5,45,4,72
138,0F57F985-F9B4-4AF4-98C5-393BAC308F99,sweetbay,Magnolia,virginiana,NA,MAVI2               ,189796,59:48.0,,S-O21-MAVI-071,3302,,1.4,321,00:32.0,,,2,2,1,2,10,5,55,4,48
139,FD74BB97-BE78-4D80-9258-3950F465549C,sweetbay,Magnolia,virginiana,NA,MAVI2               ,189796,55:51.0,,S-O21-MAVI-070,3302,,1,320,57:36.0,,,2,1,1,1,5,5,55,5,48
140,4D0A816B-A6D5-4313-A7B4-39796E972E69,willow oak,Quercus,phellos,NA,QUPH                ,179696,53:55.0,,S-O21-QUPH-018,3343,,22.7,126,55:04.0,,Some epicormic branching; regrowth from pruning scars; root decay.,2,2,2,1,1,3,25,4,37
141,AD050AEE-57F0-4D71-9302-39BFC86FDD59,unlisted plant,,,NA,,189796,17:13.0,,S-M19-NYSY-007,59420,"DBH measured at 2'11""",12.9,451,18:46.0,,,2,2,2,2,5,4,35,4,36
143,5ACE1826-90DC-439A-8E18-3B191D21C9D8,eastern redbud,Cercis,canadensis,NA,CECA4               ,179696,20:05.0,59:47.3,S-O18-CECA-010,3273,"DBH measures at 2'6""Multistemmed, other is 0.6in",1.1,5,23:49.0,,,2,3,3,1,1,5,65,3,69
144,FBF44CC8-7FF2-41A1-B367-3BCB33986D39,ginkgo,Ginkgo,biloba,NA,GIBI2               ,189796,23:25.0,,S-P21-GIBI-026,3976,,1.5,387,24:38.0,,"Top is broken off, extensive trunk peeling, broken branches",2,4,2,3,30,5,55,2,75
145,D4EDED3E-128D-4D5F-8F88-3CDD3E9B2F43,hedge maple,Acer,campestre,NA,ACCA5               ,179696,14:11.0,,S-O21-ACCA-039,12452,,7.4,146,15:36.0,,,2,2,1,2,5,1,45,4,59
148,B0757714-9605-4231-9A7C-3DB23C072BDF,Kousa dogwood,Cornus,kousa,NA,COKO2               ,189796,26:01.0,,S-T18-COKO-028,17242,DBH measured at 3'8''.,3.48,471,27:25.0,,,2,1,1,1,1,4,35,5,21
150,BBC9634B-F3CA-45AD-9F55-3EBD931B5A88,unlisted plant,,,NA,,189796,44:00.0,,S-O21-ASTR-067,59420,,0.6,317,45:02.0,,,2,2,2,2,5,4,45,4,37
151,3673A76A-22FC-4A59-A879-402E6AC0D2E1,eastern redbud,Cercis,canadensis,NA,CECA4               ,179696,30:35.0,00:02.7,S-O18-CECA-017,3273,"DBH measured 2'9""",1.8,12,33:34.0,,,2,1,2,2,1,5,45,5,85
152,96BE4A1E-5676-4165-AE86-403B7835FF86,elm,Ulmus,spp.,NA,ULMUS               ,189796,39:10.0,,S-P21-ULUN-021,3478,,1.45,382,40:04.0,,,2,2,2,2,15,5,55,4,51
153,062480DE-3D87-434A-BF03-40D28D87456F,Japanese zelkova,Zelkova,serrata,NA,ZESE80              ,189796,46:48.0,03:27.4,S-Q21-ZESE-067,18056,,13.5,275,49:14.0,,Trunk damage,2,2,1,2,10,4,45,4,79
154,83F37117-F1A5-426A-8FB2-420EB5DAB930,unlisted plant,,,NA,,189796,54:59.0,,S-M19-NYSY-014,59420,"Dbh measured at 3'6""",14.3,588,20:31.0,20:31.0,,2,2,1,2,5,4,35,4,51
155,03A22C48-9132-4D84-AAA4-422F8E62CB81,American hornbeam,Carpinus,caroliniana,NA,CACA18              ,189796,04:17.0,13:04.0,S-R21-CACA-002,3258,,1,1,49:18.6,,,2,2,2,2,1,4,35,4,25
156,E7236CC0-62C8-4B65-88B3-4271919BDADD,Kentucky coffeetree,Gymnocladus,dioicus,NA,GYDI                ,189796,28:35.0,11:19.7,S-Q21-GYDI-036,3986,,3.4,250,29:44.0,33:06.0,Fresh pruning,2,1,1,1,1,5,45,5,84
157,62B8D89F-4FC5-4DB1-8AF4-42E39639F962,eastern redbud,Cercis,canadensis,NA,CECA4               ,203612,49:44.0,37:25.1,S-O18-CECA-003,3273,DBH measured at 3' 1'',1.7,1,53:48.0,,"Additional stems near bottom, not counted.",2,2,2,2,1,5,45,4,71
158,BAF8FCEE-FD27-4E2A-B471-444A98DA1822,red maple,Acer,rubrum,NA,ACRU                ,189796,22:03.0,19:36.5,S-Q21-ACRU-027,3247,,4.5,241,23:06.0,56:06.0,,2,3,1,2,35,5,55,3,83
159,DE038F97-E332-4D01-BEE0-450B4B259BAB,bur oak,Quercus,macrocarpa,NA,QUMA2               ,179696,59:03.0,,S-O21-QUMA-036,3329,,1.25,143,00:27.0,,,2,2,2,2,1,2,45,4,14
162,7D1640C2-EEFC-4D41-8186-4695E89D1AFE,ginkgo,Ginkgo,biloba,NA,GIBI2               ,189796,26:59.0,,S-P21-GIBI-027,3976,,1.05,388,28:24.0,,,2,2,1,2,5,5,35,4,66
163,1F0A6566-AA74-46E7-8F51-471521C84F1B,willow oak,Quercus,phellos,NA,QUPH                ,189796,53:35.0,26:57.7,S-O18-QUPH-053,3343,,11.2,54,55:25.0,,,2,2,1,2,1,4,15,4,82
165,17371071-FEB0-491E-8374-4898A9AEEBC6,American elm,Ulmus,americana,NA,ULAM                ,189796,08:59.0,53:01.9,S-Q21-ULAM-008,3358,,3.5,223,10:29.0,02:08.6,,2,1,1,2,1,5,35,5,64
166,51B88AE0-56F7-4D96-A5AA-4906371676C4,Japanese zelkova,Zelkova,serrata,NA,ZESE80              ,189796,31:33.0,03:40.3,S-Q21-ZESE-063,18056,,12.7,271,32:30.0,,,2,2,1,2,5,4,35,4,79
167,F4DDABFB-6CE4-4861-8C39-4948998B62F1,plum/cherry,Prunus,spp.,NA,PRUNU               ,179696,47:21.0,14:05.8,S-O18-PRUN-028,6898,"DBH taken at 2'8""",10.3,18,50:20.0,,,2,2,2,2,20,2,25,4,79
168,AF1F1D58-2886-4008-AB53-4AC09DAEBB3F,American elm,Ulmus,americana,NA,ULAM                ,189796,49:17.0,53:14.2,S-Q21-ULAM-005,3358,,4.9,219,50:30.0,,,2,1,2,2,1,5,15,5,77
170,1D7465CF-8C39-4749-BD74-4B8F6D6BF7A7,European hornbeam,Carpinus,betulus,NA,CABE8               ,189796,00:21.0,32:28.5,S-R21-CACA-034,10632,Protection at base; root diaper.,0.96,343,01:29.0,,Protection at base; root diaper.,2,1,2,2,5,3,55,5,40
174,00E22697-E5DA-40C4-B77A-4D8B18594005,sweetbay,Magnolia,virginiana,NA,MAVI2               ,189796,01:24.0,,S-O21-MAVI-072,3302,,1.05,322,02:59.0,,,2,1,1,2,1,5,45,5,41
175,D953E7D1-B13F-4068-8947-4DD5DC3FC006,trident maple,Acer,buergerianum,NA,ACBU4               ,203642,32:31.0,,S-O21-ACBU-040,20243,,1.75,72,34:30.0,,Exposed heartwood at base,2,1,1,2,1,5,35,5,11
176,90E86612-D2F7-4D86-B874-4E3951AFA109,willow oak,Quercus,phellos,NA,QUPH                ,189796,42:25.0,,O21-QUPH-004,3343,We could not measure DBH because the tree is on private property; some trunk sprout; ornamental metal sculpture nailed in the bark. ,16.01,309,44:27.0,,We could not measure DBH because the tree is on private property; some trunk sprout; ornamental metal sculpture nailed in the bark. ,2,1,1,1,1,5,25,5,46
177,DC2FD8FF-EC7A-4AE3-B18A-4F513881321E,ginkgo,Ginkgo,biloba,NA,GIBI2               ,189796,17:06.0,,S-P21-GIBI-024,3976,,1.3,385,18:21.0,,,2,2,1,2,1,5,25,4,79
178,BD9DEFFE-9D1D-4603-8C12-4F537DC042E7,plum/cherry,Prunus,spp.,NA,PRUNU               ,203642,43:26.0,,S-O21-PRYE-043,6898,,0.75,75,44:28.0,,,2,1,2,2,1,5,45,5,11
179,9D6F7927-58DE-481D-889F-4F9097CE2E98,plum/cherry,Prunus,spp.,NA,PRUNU               ,179696,08:15.0,,S-O21-PRYE-020,6898,,1.4,128,10:12.0,,Protection at base; some oozing,2,1,2,1,1,5,55,5,19
180,7BA1F22A-B7D1-4E67-A3BE-9F523F9E16BE,crapemyrtle,Lagerstroemia,indica,NA,LAIN                ,189796,42:34.0,24:16.0,S-U16-LAUN-012,6931,"Multistemmed dbh other: 5.85, 6.1, 6.1, 5.7, 5.4",6.8,298,45:01.0,,,2,2,1,1,1,3,35,4,16
181,E855947F-0147-4D81-A67C-52D68437F26C,red maple,Acer,rubrum,NA,ACRU                ,189796,40:01.0,19:49.6,S-Q21-ACRU-030,3247,,6.9,244,41:39.0,,,2,1,1,2,1,3,35,5,84
182,EDA7301A-385F-486B-8C51-5308167CF396,sweetgum,Liquidambar,styraciflua,NA,LIST2               ,189796,17:56.0,25:45.0,S-M19-LYST-018,3296,"Multistemmed, second dbh 14.1",15,460,19:46.0,,"Large branch dieback, some browning",2,2,1,2,5,3,55,4,11
184,0CC1D849-8637-426D-B966-53FE47FDD37F,Chinese elm,Ulmus,parvifolia,NA,ULPA                ,189796,13:40.0,56:44.1,S-Q21-ULPA-073,6567,,8,281,15:44.0,,Broken branches,2,1,1,2,1,4,35,5,55
185,606DECA8-CB35-48E3-BF88-540904C7BC36,crapemyrtle,Lagerstroemia,indica,NA,LAIN                ,189796,34:08.0,23:50.7,S-U16-LAUN-007,6931,"Multistemmed dbhs: 5.3, 4.2, 5.2, 3.6, 3.3",7,293,36:22.0,,,2,1,1,1,5,4,35,5,16
186,E032957E-D712-41B6-BD6D-556B05223512,American elm,Ulmus,americana,NA,ULAM                ,189796,45:35.0,16:15.1,S-Q21-ULAM-004,3358,,4.3,218,47:11.0,,,2,2,2,2,1,5,25,4,68
187,BB3091F0-A02C-402D-8E52-557800A9924B,plum/cherry,Prunus,spp.,NA,PRUNU               ,189796,31:25.0,28:21.1,S-P21-PRUN-069,6898,,0.56,426,32:14.0,,Same species as S-P21-PRUN-067.,2,2,2,2,1,5,55,4,61
189,E2892D51-CBFA-4298-B1D7-569DB7BAEB76,Japanese maple,Acer,palmatum,NA,ACPA2               ,189796,05:44.0,,S-O21-ACPA-059,3001,"Multistemmed other dbh: 2.1, 1.8, 2.25, 1.75, 2",2.8,312,08:33.0,11:28.0,,2,1,1,1,1,3,35,5,37
191,A07D8BF0-FE3C-4BF2-B76C-594093ADC8DF,hawthorn,Crataegus,spp.,NA,CRATA               ,189796,48:23.0,,S-R21-CRVI-044,3959,,1.26,581,47:21.0,47:21.0,,2,1,2,2,5,5,45,5,25
192,14EA9ADB-C8D4-4461-9B17-5ABFB742DB6E,crapemyrtle,Lagerstroemia,indica,NA,LAIN                ,189796,35:24.0,21:33.6,S-U16-LAUN-019,6931,"Multistemmed other dbh: 5.3, 5.2, 4.7, 4.15, 6",6.9,305,39:41.0,,,2,1,1,1,1,5,45,5,6
193,36E7BD6A-9FA3-4EF1-95BD-5B147A5E7E27,Japanese zelkova,Zelkova,serrata,NA,ZESE80              ,189796,22:09.0,03:53.8,S-Q21-ZESE-061,18056,,10.75,269,23:57.0,,Trunk damage,2,2,1,1,10,3,35,4,72
195,E79C70DA-FB10-4DD8-BCDF-5D210AAD9DA0,serviceberry,Amelanchier,spp.,NA,AMELA               ,179696,31:50.0,09:33.5,S-O21-AMUN-025,47898,Multistemmed ,1.41,132,32:55.0,,Significant yellowing of the leaves; planted in gardenscaped area; we suspect this could be an Amelanchier arborea (Alabama serviceberry).,2,3,2,3,5,5,45,3,18
196,7022305B-1B12-4412-8B5F-5D7B4E477A6F,unknown plant,,,NA,,189796,25:34.0,13:17.0,S-U16-QUUN-002,59419,,18.8,288,34:04.0,37:15.0,"Mulching present. Probably a post oak (Quercus stellata, unlisted), but we are not sure.",2,2,1,2,15,4,45,4,10
197,ED04ABB6-22E3-47FB-8AE0-5DD2D1C3DF61,willow oak,Quercus,phellos,NA,QUPH                ,189796,44:43.0,27:09.8,S-O18-QUPH-038,3343,,14.1,39,47:07.0,,World branching,2,3,NA,2,10,3,45,3,79
198,B45F7706-836E-4123-AD26-5DD8A0172F27,American hornbeam,Carpinus,caroliniana,NA,CACA18              ,189796,54:31.0,02:36.0,S-R21-CACA-047,3258,,1,355,55:10.0,,Mulch volcano; some chlorotism.,2,2,1,2,1,5,45,4,34
199,CCEAC738-8435-4265-8E39-5E18858072BB,chinaberry,Melia,azedarach,NA,MEAZ                ,179696,54:38.0,,S-O21-MEAZ-035,3049,Multistemmed (second DBH is 6.5),7.8,142,56:13.0,,,2,1,1,1,1,3,45,5,14
201,ABFEA791-9522-46E8-A748-5F936AFD0451,yellow-poplar,Liriodendron,tulipifera,NA,LITU                ,189796,41:03.0,41:47.8,S-T18-LITU-017,2770,,13.2,469,42:47.0,,,2,2,1,1,15,4,35,4,1
205,19513A6C-1E8D-4B8D-8570-628692E46DDF,plum/cherry,Prunus,spp.,NA,PRUNU               ,179696,04:47.0,,S-O21-PRYE-019,6898,,1.61,582,22:14.0,22:14.0,,2,1,2,2,1,5,35,5,19
207,1AEB9CB5-8CD9-46E9-A93C-62DB6D2BEF4F,red mulberry,Morus,rubra,NA,MORU2               ,189796,19:40.0,26:01.1,S-R21-MORU-006,3306,,13,330,20:52.0,,,2,2,1,2,1,4,35,4,46
208,39D5F4D1-5B57-4804-A086-632CEFC557D4,crapemyrtle,Lagerstroemia,indica,NA,LAIN                ,189796,52:31.0,52:43.7,S-P21-LAUN-049,6931,"Multistemmed, the DBH of the other stems are 2.5, 2.5, 2.2, 2.6, 3.",2.91,408,56:02.0,,Close to an urban farm.,2,1,1,2,5,3,35,5,64
210,05F30F5C-0DDB-4D00-8491-651460996D62,unlisted plant,,,NA,,189796,30:54.0,,S-M19-NYSY-010,59420,"Multistemmed, second trunk 12.5""",12.3,454,32:41.0,,"Potentially more dieback, but could be due to self pruning",2,2,1,2,5,1,35,4,10
212,D2F24898-7BDE-4FA6-AD11-653D4F19EED2,peach,Prunus,persica,NA,PRPE3               ,179696,21:32.0,11:23.7,S-O21-PRPE-023,6920,,1.4,130,24:19.0,,DBH measured at 2'11''.,2,1,2,2,1,5,25,5,18
213,4FD0780A-6C41-4B4D-A404-654D61999FB3,American hornbeam,Carpinus,caroliniana,NA,CACA18              ,189796,37:35.0,,S-R21-CACA-040,3258,,1.1,349,38:18.0,,Protection at base; straw on the base.,2,1,2,1,5,5,35,5,57
214,865DBAAE-BE5F-4C3E-90BE-65B0DB57E931,American hornbeam,Carpinus,caroliniana,NA,CACA18              ,189796,04:27.0,,S-R21-CACA-035,3258,,1,344,05:28.0,,Root diaper; protection at nase.,2,1,2,1,1,4,55,5,8
215,B16133F8-2A08-426E-84C6-65C5C1DA5CAA,Norway maple,Acer,platanoides,NA,ACPL                ,189796,58:23.0,,S-P21-ACPL-060,3002,,0.89,418,59:25.0,,"We hypothesize this tree to be an Acer platanoides (Noway maple), even if it is recorded in the city inventory as an Acer truncatus (Shantung maple); leaves are scorched.",2,3,3,3,1,5,45,3,79
216,1DCB57DA-DE4D-4AE8-B05A-669FAD154878,American hornbeam,Carpinus,caroliniana,NA,CACA18              ,189796,32:28.0,,S-R21-CACA-009,3258,,0.75,333,33:27.0,,,2,1,2,1,5,5,45,5,51
217,190034E7-B15B-4D5E-B111-66A8DF2435FD,willow oak,Quercus,phellos,NA,QUPH                ,189796,11:14.0,,S-M19-QUPH-028,3343,,7.2,463,12:18.0,14:58.0,"Browning on leaf edges throughout crown, some spot leaf",2,2,1,2,1,4,35,4,18
219,AE4A4B90-9BAC-4C17-8FD2-67DEE53F4FA0,Kentucky coffeetree,Gymnocladus,dioicus,NA,GYDI                ,189796,05:22.0,11:34.9,S-Q21-GYDI-044,3986,,5.15,258,06:28.0,08:34.0,Decay at pruning scars,2,1,1,2,1,5,35,5,81
220,810CBA98-B99B-4B7C-BB5E-68E66C9918AE,hawthorn,Crataegus,spp.,NA,CRATA               ,189796,57:28.0,02:26.0,S-R21-CRVI-049,3959,Protection at base; Winter King cultivar.,1.11,356,59:29.0,,Protection at base.,2,1,2,2,1,4,45,5,37
223,290D07E2-4CEF-4798-9EC0-697280B640DB,Japanese zelkova,Zelkova,serrata,NA,ZESE80              ,189796,35:45.0,04:07.8,S-Q21-ZESE-064,18056,,13.35,272,36:47.0,,,2,1,1,1,1,4,25,5,79
224,242330F9-5574-4176-A7D8-69BCF84FB71B,American holly,Ilex,opaca,NA,ILOP                ,189796,24:50.0,,S-U21-ILUN-013,3293,,4.27,443,27:20.0,,,2,1,1,1,1,5,45,5,59
226,0A4374C5-C7E9-4156-A8DC-6B75635D3451,pecan,Carya,illinoinensis,NA,CAIL2               ,189796,22:43.0,10:51.5,S-R21-CAIL-007,3262,Estimated dbh,14,331,25:04.0,27:26.0,,2,2,2,2,10,4,45,4,46
227,3C9DAC11-213A-43F2-8C9A-6BB01F5A3D5E,crapemyrtle,Lagerstroemia,indica,NA,LAIN                ,189796,00:08.0,,S-P21-LAUN-012,6931,"Multistemmed (4.2, 2.9, 3.2, 2.8, 2.6)",4.2,373,03:22.0,,Wisteria vine across the trunk.,2,1,2,1,5,3,35,5,75
229,EF915BE6-11F5-4883-A79D-6E00181A0C9B,Japanese flowering cherry,Prunus,serrulata,NA,PRSE3               ,179696,41:35.0,,S-O21-PRSE-027,37073,,1.75,134,42:49.0,,Extensive root decay.,2,4,2,3,55,5,75,2,13
230,F9441985-E045-4348-BF78-6E2F6372164F,sugar maple,Acer,saccharum,NA,ACSA3               ,203642,08:29.0,,S-O21-ACSA-048,3249,,10.3,79,09:54.0,,,2,1,1,2,1,4,25,5,28
231,6FB2B414-1A94-4818-9A27-6E2F87EB81ED,eastern redbud,Cercis,canadensis,NA,CECA4               ,179696,38:19.0,00:20.9,S-O18-CECA-018,3273,"Measured at 3'2""",1.35,13,39:35.0,,,2,3,2,2,45,5,65,3,85
232,711F437F-A44E-440E-B3A8-6E703A5A460A,eastern redcedar,Juniperus,virginiana,NA,JUVI                ,189796,27:29.0,,S-R21-JUVI-022,2259,,15.2,341,30:17.0,,Many broken branches in the understory.,2,2,1,2,1,5,25,4,42
234,187EEBB8-804E-4A28-8432-6EFC7341E66F,crapemyrtle,Lagerstroemia,indica,NA,LAIN                ,189796,27:05.0,49:17.5,S-P21-LAUN-042,6931,,1.75,401,27:51.0,,Large gashes on the trunk suggest decay.,2,2,1,2,1,5,65,4,65
235,3442B806-848B-4B8C-BB97-6F281FC266F0,southern magnolia,Magnolia,grandiflora,NA,MAGR4               ,203642,48:38.0,17:28.0,S-O21-MAGR-056,3301,,1,86,50:52.0,,,2,1,1,1,1,3,35,5,27
236,ADB54E20-6BFA-450D-A3FF-6F2BF6D83B3F,crapemyrtle,Lagerstroemia,indica,NA,LAIN                ,189796,06:49.0,15:35.0,S-P21-LAUN-013,6931,"Multistemmed (2.9, 3.85, 2.85, 2.5, 2.5)",3,374,10:02.0,15:13.0,Willow oak growing at base,2,2,1,2,1,4,25,4,74
237,1D3BA31E-F90A-40B7-8CF9-6F83D7AF32BA,plum/cherry,Prunus,spp.,NA,PRUNU               ,189796,36:43.0,27:59.7,S-P21-PRUN-071,6898,,0.63,428,37:27.0,,Pole present.,2,2,2,2,1,5,65,4,63
239,CEC1C585-9923-41C9-A362-7054D0479CC1,red maple,Acer,rubrum,NA,ACRU                ,189796,02:30.0,20:06.8,S-Q21-ACRU-032,3247,,7.5,246,03:22.0,,,2,1,1,2,5,3,25,5,84
240,2F238826-11F3-492D-AEEB-70ECBE3AF895,American hornbeam,Carpinus,caroliniana,NA,CACA18              ,189796,46:20.0,35:28.9,S-R21-CACA-043,3258,,0.75,352,47:01.0,,All the leaves are light-colored.,2,4,1,5,10,4,45,2,25
241,6B37AA01-E9FE-45B3-B6F4-71CA9FAC37AC,eastern redcedar,Juniperus,virginiana,NA,JUVI                ,189796,44:44.0,02:05.7,S-Q21-JUVI-056,2259,,5.3,266,46:16.0,,,2,3,1,3,5,2,45,3,66
242,9E1977D8-135B-42B9-84EE-73D0ADF03F85,plum/cherry,Prunus,spp.,NA,PRUNU               ,179696,19:05.0,14:17.2,S-O18-PRUN-25,6898,"DBH take  at 1'6"" ",10.5,15,23:10.0,38:18.0,,2,4,2,3,60,2,55,2,79
244,8E0CEB46-C173-4C00-986C-74988D1BDC53,Norway maple,Acer,platanoides,NA,ACPL                ,189796,55:29.0,,S-P21-ACPL-059,3002,,1,417,56:42.0,02:10.0,"Some trunk sprout; We hypothesize this tree to be an Acer platanoides (Noway maple), even if it is recorded in the city inventory as an Acer truncatus (Shantung maple); leaves are scorched.",2,2,2,1,1,5,35,4,77
245,943E0A55-E4A6-4CA2-89FE-7591F1D03994,plum/cherry,Prunus,spp.,NA,PRUNU               ,189796,18:32.0,14:31.2,S-O18-PRUN-021,6898,"Dbh measured at 1'3""",9.5,2,20:58.0,38:57.0,Branches get hit by buses,2,3,2,2,35,3,45,3,89
248,2AAF4815-60D6-4B4B-8D0F-773324915256,willow oak,Quercus,phellos,NA,QUPH                ,189796,35:32.0,,S-S18-QUPH-005,3343,,36,446,36:41.0,,,2,2,1,2,5,4,35,4,18
249,7DA0872A-009E-4ADC-90E0-7755EC197BF0,American hornbeam,Carpinus,caroliniana,NA,CACA18              ,189796,06:29.0,33:55.1,S-R21-CACA-036,3258,,1.01,345,07:08.0,,"Significant broken branches; protection at base, root diaper.",2,2,2,2,1,3,45,4,8
251,1EEC38D8-1BAA-4D53-9A22-7808537429C1,willow oak,Quercus,phellos,NA,QUPH                ,189796,20:16.0,26:45.8,S-O18-QUPH-030,3343,,17.45,6,22:08.0,,,2,4,NA,4,1,4,25,2,71
253,1A2D929A-F4FA-4219-A6D2-78E1D95EC7D3,pine,Pinus,spp.,NA,PINUS               ,189796,50:34.0,12:37.0,S-U16-PITA-003,3480,,24.5,289,52:02.0,,,2,2,1,2,5,5,45,4,20
255,226750A2-74EC-4582-9ADC-79F54D9CF38C,unlisted plant,,,NA,,189796,37:14.0,,O21-QULY-001,59420,,4.3,185,39:17.0,42:05.0,Leaves are fuzzy on the back,2,1,1,2,1,5,15,5,18
257,366ED877-41F8-4F4D-8D40-7B4466CB25A3,American elm,Ulmus,americana,NA,ULAM                ,189796,19:12.0,,S-R21-ULAM-055,3358,,1,359,19:53.0,,Trunk sprout.,2,2,2,2,1,5,35,4,28
261,98F8A8F3-3714-4B81-8A54-7D97F16595D1,willow oak,Quercus,phellos,NA,QUPH                ,189796,56:46.0,,S-R21-QUPH-001,3343,,44.5,328,57:56.0,,,2,2,1,1,10,5,45,4,33
262,606ACAB4-CFD3-4B9E-BCDB-7DAC917526CB,crapemyrtle,Lagerstroemia,indica,NA,LAIN                ,189796,15:02.0,22:32.4,S-U16-LAUN-009,6931,"Multistemmed other dbhs: 6.4, 5.2, 6.65, 6.1",6,295,18:29.0,38:18.0,,2,2,1,1,5,3,35,4,16
264,3AF3A8D1-4442-4283-AAEE-80A61CE7C0F1,plum/cherry,Prunus,spp.,NA,PRUNU               ,189796,22:36.0,22:17.0,S-P21-PRUN-055,6898,Pole present.,0.64,414,23:41.0,26:41.0,"Pole present; we hypothesize for this to be a sweet cherry, but we are not certain.",2,3,3,1,1,5,65,3,60
265,F60C7FCC-1581-4615-818A-80DE4D672D8F,American hornbeam,Carpinus,caroliniana,NA,CACA18              ,189796,57:16.0,55:54.5,S-Q21-CACA-013,3258,,1.6,227,00:03.0,06:28.0,Dead,2,5,NA,NA,100,NA,0,1,82
266,E35AE1B1-B786-4561-B736-80E11F4EF249,American hornbeam,Carpinus,caroliniana,NA,CACA18              ,189796,06:41.0,56:05.9,S-Q21-CACA-016,3258,,0.65,230,07:56.0,,Dead,2,5,NA,NA,100,NA,0,1,81
268,A1EF8C3B-8051-4D8E-9190-821B530FC60C,willow oak,Quercus,phellos,NA,QUPH                ,189796,56:44.0,24:03.8,S-O18-QUPH-045,3343,,14.95,46,58:27.0,,Epicormic branching; light post within the crown,2,2,2,2,1,2,35,4,74
271,C5F05CAB-2C01-4FE1-8366-836B5AE6DD48,live oak,Quercus,virginiana,NA,QUVI                ,189796,09:44.0,,S-S22-QUVI-008,3349,Dbh measured at 2ft,40.5,432,13:24.0,,,2,1,1,1,5,5,35,5,27
275,2DC724C0-2C69-4127-9242-853131503939,plum/cherry,Prunus,spp.,NA,PRUNU               ,189796,40:51.0,11:13.2,S-P21-PRUN-073,6898,,0.55,430,41:34.0,,,2,2,2,2,5,5,55,4,60
276,ACB34FE3-E599-41B1-BA2C-854896648FC5,live oak,Quercus,virginiana,NA,QUVI                ,189796,47:49.0,,S-O21-QUVI-108,3349,,35.2,324,48:46.0,,,2,2,1,1,10,4,35,4,10
277,B9C92F8D-67E7-4EAC-92D3-855B52BC6869,Japanese zelkova,Zelkova,serrata,NA,ZESE80              ,189796,49:27.0,,S-P21-ZESE-033,18056,,0.7,393,50:46.0,,,2,4,3,5,95,5,85,2,61
279,D27208A9-8D16-4C31-9955-86602DC02B4D,Callery pear (Bradford pear),Pyrus,calleryana,NA,PYCA80              ,189796,00:27.0,,S-U21-PYCA-019,10957,,17.9,445,03:14.0,,,2,1,1,2,1,5,5,5,40
281,56A6D93D-CA09-49E0-8890-877186C8E6A0,plum/cherry,Prunus,spp.,NA,PRUNU               ,189796,43:53.0,14:44.9,S-O18-PRUN-023,6898,Dbh measured at 1.5,9.5,4,45:53.0,,,2,3,2,2,25,3,45,3,79
282,F4E09441-916E-4736-A137-87C5E8E5C60C,northern red oak,Quercus,rubra,NA,QURU                ,189796,42:32.0,,S-S18-QURA-007,3345,,2.05,448,43:38.0,,,2,2,1,2,5,5,45,4,18
283,EC3CD48F-51C3-4345-9D0B-88299F391DB6,live oak,Quercus,virginiana,NA,QUVI                ,189796,16:08.0,27:06.0,S-S22-QUVI-009,3349,"DBH measured at 2'9""",37.1,433,18:44.0,,,2,1,1,1,5,3,35,5,27
285,EA262D4F-2D85-4DE5-9C71-890C06A2946C,live oak,Quercus,virginiana,NA,QUVI                ,189796,09:58.0,,S-R21-QUVI-053,3349,,17.51,358,12:59.0,,The power line intercepts the crown at different spots.,2,2,1,2,5,4,15,4,45
286,71896AEA-42B3-4B45-BD0D-8A98E12C86DF,eastern redbud,Cercis,canadensis,NA,CECA4               ,179696,29:14.0,00:35.0,S-O18-CECA-011,3273,"Measured 3'2""",1.85,6,31:14.0,,,2,3,2,2,1,5,45,3,69
287,1048075A-E9B9-4C13-A17B-8BB9E947A7BE,American elm,Ulmus,americana,NA,ULAM                ,189796,26:37.0,53:38.9,S-Q21-ULAM-001,3358,,4,215,29:33.0,,,2,1,2,1,1,5,15,5,72
288,EE9D3087-36BF-4A33-A480-8BD73A41C290,hedge maple,Acer,campestre,NA,ACCA5               ,179696,08:26.0,,S-O21-ACCA-038,12452,"DBH measured at 4'1""",5.7,145,10:53.0,,Severe trunk decay and dieback,2,3,2,2,35,2,65,3,59
289,BC1A3CAB-B86C-4B8D-AD36-8D009CBC576F,eastern redbud,Cercis,canadensis,NA,CECA4               ,179696,32:25.0,38:23.6,S-O18-CECA-006,3273,"Measured at 1'8""",2.5,1,36:03.0,,,2,3,2,3,1,4,25,3,71
290,84611673-FF06-4FAA-AAAC-8D23F77DD3FC,Japanese zelkova,Zelkova,serrata,NA,ZESE80              ,189796,29:56.0,04:21.2,S-Q21-ZESE-077,18056,,8.25,285,31:19.0,,"Broken branches, light patches",2,3,1,2,40,4,55,3,78
291,918D2B44-4894-46B5-82C1-8D95C351B538,willow oak,Quercus,phellos,NA,QUPH                ,189796,04:00.0,25:42.2,S-O18-QUPH-046,3343,,13.9,47,05:27.0,,,2,2,1,2,1,3,35,4,74
292,0DF6E377-0AEF-4AA7-885D-8D98577BA589,willow oak,Quercus,phellos,NA,QUPH                ,189796,40:02.0,25:52.8,S-O18-QUPH-043,3343,"Strange branching, perhaps old trunk sprout; fungus disease leading to some decay.",14,44,42:49.0,,,2,3,2,2,1,3,35,3,74
296,C765D83A-02D1-400A-B96A-908F49371D1B,crapemyrtle,Lagerstroemia,indica,NA,LAIN                ,189796,37:41.0,50:37.9,S-P21-LAUN-045,6931,,1.5,404,38:32.0,,Large branch dieback.,2,3,2,1,15,5,65,3,70
297,4E53790D-FBE5-4094-B516-919EED66ED2A,eastern redbud,Cercis,canadensis,NA,CECA4               ,189796,24:33.0,08:11.4,S-P21-CECA-018,3273,,1.1,379,25:12.0,,,2,3,2,3,20,5,55,3,74
299,5D6394E5-F5F1-430D-95A3-926DA990E272,littleleaf linden,Tilia,cordata,NA,TICO2               ,189796,33:49.0,13:13.0,S-Q21-TICO-052,11688,,19.4,264,35:20.0,,"Broken branches, yellowed leaves",2,3,1,2,10,2,35,3,77
300,6EE421BC-EE37-4296-B6E7-9289788948C5,plum/cherry,Prunus,spp.,NA,PRUNU               ,189796,31:14.0,14:58.2,S-O18-PRUN-022,6898,"Branches caught in power pole stakesMeasured at 1'1""",10.2,3,34:14.0,,,2,4,2,3,55,3,75,2,89
301,CB4C60AD-2153-4D9D-BF00-929A08519724,willow oak,Quercus,phellos,NA,QUPH                ,189796,30:55.0,,S-R21-QUPH-058,3343,,46.7,360,33:00.0,,Root pan above soil; root decay; many broken branches.,2,3,1,3,15,5,45,3,27
303,1E9C646C-2CA9-4B49-8D2B-952C909E32D5,willow oak,Quercus,phellos,NA,QUPH                ,189796,59:30.0,26:05.9,S-O18-QUPH-040,3343,Sap dripping,17.2,41,01:35.0,,,2,3,2,3,10,3,35,3,83
306,D5C57757-2C97-4B17-A29D-96554E98DBB3,winged elm,Ulmus,alata,NA,ULAL                ,189796,31:46.0,26:26.6,S-U16-ULAL-018,3357,,7,304,32:42.0,,,2,2,2,2,1,3,35,4,6
307,16B8BBE9-0519-41FE-BA7B-96B6DFFF5E86,willow oak,Quercus,phellos,NA,QUPH                ,189796,47:57.0,26:15.7,S-O18-QUPH-052,3343,,13.35,53,49:29.0,,Chlorotic leaves,2,3,1,3,5,4,35,3,77
309,23888D9C-ED9A-473B-B6B2-9832CDC2E715,willow oak,Quercus,phellos,NA,QUPH                ,189796,11:07.0,26:26.5,S-O18-QUPH-047,3343,,15.55,48,12:46.0,,Epicormic branching; chlorotic leaves; power line present,2,3,1,3,1,3,45,3,74
310,104C6033-6C69-4E31-8FAF-998B7564226C,red maple,Acer,rubrum,NA,ACRU                ,189796,19:18.0,20:21.1,S-Q21-ACRU-018,3247,,6.1,232,20:21.0,27:17.0,,2,3,1,1,35,5,55,3,72
311,E06E24EC-48A1-4AF7-9909-99AFD59CACDC,flowering dogwood,Cornus,florida,NA,COFL2               ,203642,56:43.0,,S-O21-COFL-046,3275,,2.2,77,58:55.0,,,2,3,1,3,NA,2,35,3,28
313,58EF538D-2CE9-4331-976E-9AF78E10FF25,plum/cherry,Prunus,spp.,NA,PRUNU               ,179696,55:52.0,15:10.7,S-O18-PRUN-029,6898,"DBH measured at 1'4""",12.11,467,01:55.0,01:55.0,,2,3,2,2,30,2,35,3,79
315,08532AD7-CBDB-4420-9D24-9E7D57BB10E1,flowering dogwood,Cornus,florida,NA,COFL2               ,189796,33:58.0,12:19.0,S-U16-COFL-011,3275,,4.9,297,35:42.0,,,2,3,1,3,10,2,45,3,16
318,3A0CE31E-75AA-476F-BC1E-A0505229AAC3,eastern redbud,Cercis,canadensis,NA,CECA4               ,189796,15:01.0,54:04.2,S-P21-CECA-053,3273,,1.55,412,15:45.0,,,2,2,2,2,5,4,35,4,74
319,A95AFF55-6F00-4880-BFCB-A18B5D70B10A,red maple,Acer,rubrum,NA,ACRU                ,189796,42:20.0,20:32.7,S-Q21-ACRU-023,3247,,5,1,46:49.4,,,2,3,1,2,20,5,45,3,72
320,318D820B-F369-4C82-9AFB-A1D465985C2C,willow oak,Quercus,phellos,NA,QUPH                ,189796,47:50.0,24:16.6,S-O18-QUPH-044,3343,Light post interacting with the crown; trunk sprout.,12.9,45,49:50.0,,Spot leaf disease,2,3,1,2,20,3,65,3,74
321,45830486-FA0C-414E-AA82-A21F95BCEFAD,eastern redbud,Cercis,canadensis,NA,CECA4               ,179696,17:13.0,00:50.0,S-O18-CECA-015,3273,"DBH measured at 3'11""",1.65,10,18:56.0,,,2,1,2,2,1,5,45,5,69
322,92888A89-3833-4EE9-8C8B-A386867A97FC,ginkgo,Ginkgo,biloba,NA,GIBI2               ,189796,19:26.0,,S-P21-GIBI-025,3976,"Dbh measured at 2'5""",0.75,386,21:13.0,,,2,3,1,3,1,5,45,3,75
325,6E742DE8-F39F-45D1-B3D0-A4E39F5C1F94,Japanese zelkova,Zelkova,serrata,NA,ZESE80              ,189796,50:01.0,,S-S22-ZESE-014,18056,,0.8,438,51:38.0,,,2,3,1,3,10,2,45,3,26
326,20CA5200-B6A8-4BFC-8F13-A4FFC5463AE9,American elm,Ulmus,americana,NA,ULAM                ,189796,17:15.0,53:50.7,S-Q21-ULAM-011,3358,,3.7,225,19:51.0,,,2,2,2,1,5,5,35,4,76
327,828B4DE1-697A-4AFF-84FD-A53207A5C4B1,red maple,Acer,rubrum,NA,ACRU                ,189796,22:48.0,20:45.8,S-Q21-ACRU-019,3247,,4.7,233,23:53.0,,,2,3,1,1,35,5,55,3,72
328,DB6E59F0-160F-4065-975B-A5486FDCDF85,eastern redbud,Cercis,canadensis,NA,CECA4               ,179696,45:59.0,01:05.6,S-O18-CECA-007,3273,"DBH measured at 1'9""",9.2,2,47:55.0,,,2,2,2,2,5,4,35,4,72
329,D6581AB2-6EAA-4034-B201-A58B68B06F54,American elm,Ulmus,americana,NA,ULAM                ,189796,20:52.0,,S-R21-ULAM-020,3358,Protection at base.,0.84,340,22:25.0,,Protection at base.,2,2,2,2,5,3,55,4,42
331,6F1288DD-476D-443A-8D4B-A6298B60D783,hawthorn,Crataegus,spp.,NA,CRATA               ,189796,40:16.0,,S-R21-CRVI-041,3959,Winter King cultivar.,1.11,350,41:43.0,,Large gash in the trunk suggesting decay.,2,1,2,2,1,5,45,5,30
332,A2864434-12E8-4729-91E1-A633AE9694BE,red maple,Acer,rubrum,NA,ACRU                ,189796,59:34.0,20:56.8,S-Q21-ACRU-070,3247,,5.2,278,01:20.0,,Broken branches,2,2,1,2,5,4,25,4,80
333,8573837D-E4CB-4177-A4DE-A659106BD8C2,willow oak,Quercus,phellos,NA,QUPH                ,179696,23:04.0,12:35.7,S-O21-QUPH-030,3343,Hollow pruning scars suggest decay.,38.1,137,25:28.0,,Hollow pruning scars suggest decay.,2,3,1,2,10,5,55,3,13
334,0CD9CEC7-21C1-44B2-B2F9-A6694C0A7504,water oak,Quercus,nigra,NA,QUNI                ,189796,07:15.0,22:50.0,S-O18-QUNI-035,3340,,39.5,36,09:01.0,13:30.0,"Broken branches, large holes in tree, branch decay, smaller dieback, epicomic branches, chlorotic leaves, fungus on leaves",2,3,1,2,15,4,35,3,49
335,1D88F303-ACFE-476F-9959-A6D65D16AD90,eastern redbud,Cercis,canadensis,NA,CECA4               ,179696,00:21.0,01:19.4,S-O18-CECA-008,3273,"DBH measured at 1'3""",10.1,3,02:47.0,,,2,2,2,2,1,4,35,4,72
338,A0B6A44B-5227-4674-BC57-A77322733291,American elm,Ulmus,americana,NA,ULAM                ,189796,22:20.0,54:03.7,S-Q21-ULAM-012,3358,,4.5,1,44:54.2,,,2,1,2,2,1,5,15,5,84
339,D07F971F-FFE7-4B79-AC5E-A89DA5C1D716,eastern redbud,Cercis,canadensis,NA,CECA4               ,203642,24:33.0,15:57.7,S-O21-CECA-051,3273,,2.6,82,26:21.0,,,2,3,1,3,1,4,45,3,28
342,CC744100-9445-40FF-ABFD-A8D4FE2EE067,red maple,Acer,rubrum,NA,ACRU                ,189796,08:16.0,21:08.2,S-Q21-ACRU-072,3247,,10.45,280,10:05.0,,Girdling roots,2,2,1,2,15,5,35,4,74
343,792D185A-7A46-4607-8A83-A8D7DB830B16,crapemyrtle,Lagerstroemia,indica,NA,LAIN                ,189796,00:02.0,53:04.1,S-P21-LAUN-050,6931,"Multistemmed, the other stems' DBH are 2.3, 2.4, 1.8, 2.2, and 3.2.",2.8,409,02:06.0,,One broken branch.,2,2,1,2,5,3,35,4,64
345,D9488C13-C76E-4389-BCFA-A94432214FE7,red maple,Acer,rubrum,NA,ACRU                ,189796,45:33.0,42:08.5,S-T18-ACRU-018,3247,,14.91,470,46:50.0,,,2,3,1,2,15,4,55,3,6
346,B59553D8-B642-4867-A7E4-A983EAB8D7B1,ginkgo,Ginkgo,biloba,NA,GIBI2               ,189796,32:08.0,,S-P21-GIBI-029,3976,"Main stem is dead, but resprout. Dbh measured at 2'6""",1.35,389,34:04.0,,,2,4,1,3,1,5,65,2,57
348,C5624A6B-B385-4C52-8395-A9F6068B97B1,Kentucky coffeetree,Gymnocladus,dioicus,NA,GYDI                ,189796,16:49.0,11:47.3,S-Q21-GYDI-047,3986,,3.2,261,17:58.0,,"Trunk decay, zip ties on tree",2,4,1,2,50,5,55,2,76
350,7911DD51-8233-48DE-89DC-AB78FC3E7DF4,plum/cherry,Prunus,spp.,NA,PRUNU               ,179696,05:47.0,15:23.9,S-O18-PRUN-020,6898,DBH MEASURED AT 1?4?,11.8,466,04:28.0,04:28.0,,2,4,2,2,45,4,55,2,89
351,1F8B1983-5D65-485D-8829-AC45FBCCF546,trident maple,Acer,buergerianum,NA,ACBU4               ,189796,23:21.0,22:11.6,S-Q21-ACBU-050,20243,,1.69,262,25:24.0,,"Staked, very bumpy trunk",2,2,2,2,5,5,35,4,92
352,FC6B47CE-8B2F-41FD-B685-AC7B8E41BF75,white mulberry,Morus,alba,NA,MOAL                ,189796,32:18.0,27:25.4,S-O21-MOAL-003,6050,We could not measure DBH because the tree is on private property.,7.5,308,36:03.0,,We could not measure DBH because the tree is on private property; growing around a light pole; vine around the pole and the trunk; epicormic branching.,2,2,1,1,1,5,35,4,51
353,7DA56BA8-4E4C-46DE-9E08-ACF325682062,Kentucky coffeetree,Gymnocladus,dioicus,NA,GYDI                ,189796,25:03.0,12:13.4,S-Q21-GYDI-035,3986,,3.3,249,26:27.0,,Large dead branch,2,2,1,2,1,5,35,4,84
355,81FF0129-8007-4518-B21B-AD5905E3FEC9,unlisted plant,,,NA,,189796,37:32.0,,S-M19-NYSY-011,59420,,20.9,455,39:57.0,,Overall light leaf coloration throughout canopy (patches of light green leaves that aren't glossy),2,3,2,3,5,3,35,3,11
357,A3FAD500-7F85-4B75-AECF-ADACEE4341DA,sugar maple,Acer,saccharum,NA,ACSA3               ,179696,28:39.0,,S-O21-ACSA-031,3249,,1.25,138,31:01.0,,Dense leaves around stem but few major branches,2,1,1,2,1,2,35,5,13
361,FAB9008C-C862-4474-AC6E-AE5C0D9D2E5A,eastern redbud,Cercis,canadensis,NA,CECA4               ,189796,15:42.0,,S-P21-CECA-015,3273,,1,376,17:03.0,,,2,4,2,5,50,5,65,2,74
362,F004DB2A-DF71-427D-B085-AEB7E70BB900,American elm,Ulmus,americana,NA,ULAM                ,189796,13:12.0,54:16.1,S-Q21-ULAM-010,3358,,3.6,224,15:22.0,,,2,2,2,2,1,5,25,4,76
364,BCEFE262-5774-4DE1-83F9-AF4EE7F63355,bur oak,Quercus,macrocarpa,NA,QUMA2               ,179696,46:11.0,,S-O21-QUMA-028,3329,The tree is not in the city inventory.,1.1,135,15:48.0,,The tree is not in the city inventory; protection at base; root diaper,2,5,NA,NA,100,NA,95,1,18
365,2843BD7A-9240-4C6E-B1FB-AFCF3EF40EE9,willow oak,Quercus,phellos,NA,QUPH                ,189796,59:24.0,24:37.0,S-O18-QUPH-034,3343,,29.5,10,01:16.0,,,2,2,NA,NA,1,4,25,4,70
366,B3A61B6E-F9DF-498A-BCC7-AFE9ED5A8F5E,willow oak,Quercus,phellos,NA,QUPH                ,189796,18:51.0,24:50.1,S-O18-QUPH-048,3343,,18.4,49,20:52.0,,Trunk sprout; epicormic branching; power line ,2,2,2,2,1,4,25,4,66
367,081DD8C1-9DA6-46DD-BB66-B02F3DAE266C,lagerstroemia,Lagerstroemia,spp.,NA,LAGER               ,203642,03:16.0,06:51.2,S-O21-LAUN-047,37928,"Multi stemmed (3.6, 4.1, 4.4, 4.5)",5.4,78,05:24.0,04:29.0,,2,1,1,1,5,4,25,5,28
369,51A68781-1A1D-4153-9E7E-B070BCE978AA,unlisted plant,,,NA,,189796,38:55.0,,S-O21-ASTR-065,59420,Paw paw,0.8,316,40:23.0,,,2,2,2,2,1,4,55,4,37
371,1A7083A7-2B75-4457-848A-B144001ED2A9,plum/cherry,Prunus,spp.,NA,PRUNU               ,189796,38:20.0,10:54.2,S-P21-PRUN-072,6898,,0.55,429,39:06.0,09:37.3,,2,2,2,2,1,5,55,4,63
372,57CE7B27-73DA-4B01-B00B-B18C01FC23B2,eastern redbud,Cercis,canadensis,NA,CECA4               ,203642,22:05.0,36:16.1,S-O18-CECA-001,3273,"DBH taken at 2' 10""",2.3,1,23:32.0,24:45.4,,2,3,2,2,1,5,35,3,66
374,1C6270DC-17C2-413E-99D8-B23B351EA890,American elm,Ulmus,americana,NA,ULAM                ,189796,55:30.0,54:27.2,S-Q21-ULAM-006,3358,,4.9,220,57:27.0,,,2,1,2,2,1,5,15,5,70
375,9C743B93-B045-4747-8A24-B2818C85D3B1,Japanese maple,Acer,palmatum,NA,ACPA2               ,189796,12:50.0,,S-O21-ACPA-060,3001,"Multistemmed other dbh: 2.5, 2.65, 3.75, 2.8, 2.5",5.2,313,16:03.0,,,2,1,1,2,5,4,45,5,59
376,B7BD72D4-9F86-415F-809B-B3173843B923,willow oak,Quercus,phellos,NA,QUPH                ,189796,37:07.0,,S-R21-QUPH-059,3343,,29.7,361,38:16.0,40:57.0,Mail box attached to the trunk.,2,2,1,2,15,4,45,4,20
378,173FE7FC-18CE-418D-A549-B3AD9B404AC2,Norway maple,Acer,platanoides,NA,ACPL                ,189796,07:16.0,24:14.6,S-P21-ACPL-062,3002,"DBH measured at 4'1''. We hypothesize this tree to be an Acer platanoides (Noway maple), even if it is recorded in the city inventory as an Acer truncatus (Shantung maple); leaves are scorched.",1,420,08:54.0,,"DBH measured at 4'1''. We hypothesize this tree to be an Acer platanoides (Noway maple), even if it is recorded in the city inventory as an Acer truncatus (Shantung maple); leaves are scorched.",2,2,2,2,1,5,25,4,75
379,E1F1D06F-50C6-4EEE-97F4-B3BCA3D3182E,willow oak,Quercus,phellos,NA,QUPH                ,189796,30:58.0,25:04.2,S-O18-QUPH-031,3343,,18,7,32:24.0,,,2,2,NA,2,5,3,35,4,69
380,9F7919F0-03B7-4FCB-87E0-B432392FADC1,hawthorn,Crataegus,spp.,NA,CRATA               ,189796,07:26.0,40:19.5,S-R21-CRVI-050,3959,,1.2,357,08:24.0,,Pole.,2,2,2,2,1,5,45,4,37
382,EB13D0EF-4562-4BDB-8149-B619A8A57802,American hornbeam,Carpinus,caroliniana,NA,CACA18              ,189796,42:52.0,,S-R21-CACA-042,3258,,1.01,351,44:18.0,,Protection at base.,2,2,1,2,10,5,45,4,30
384,43416E5B-9E23-4B28-99F4-B72E5A3883CE,sweetbay,Magnolia,virginiana,NA,MAVI2               ,189796,53:04.0,19:03.9,S-O21-MAVI-069,3302,,1,319,54:25.0,,,2,2,2,2,1,5,55,4,48
386,E40CD0E5-D66B-4C0C-B6B0-B7A5461C81BD,maple,Acer,spp.,NA,ACER                ,189796,36:03.0,13:37.8,S-Q21-ACTR-078,3477,,3.1,286,38:16.0,,Spot leaf,2,3,1,3,1,5,15,3,80
392,61DBCC32-8B49-45FE-A5E0-B9FF35CD1E07,Persian ironwood,Parrotia,persica,NA,PAPE18              ,189796,40:58.0,51:12.8,S-P21-PAPE-046,22567,The leaves are all browned,0.8,405,42:06.0,,The leaves are all browned; Persian spire cultivar.,2,5,NA,NA,20,NA,45,1,70
393,4A94F56F-4FC2-4285-BC90-BA346A60D843,Kentucky coffeetree,Gymnocladus,dioicus,NA,GYDI                ,189796,45:19.0,12:25.6,S-Q21-GYDI-040,3986,,7.45,478,33:58.0,,,2,1,1,1,1,5,35,5,82
394,0CF851FE-7C22-44E1-BD40-BACB1CD4A516,eastern redbud,Cercis,canadensis,NA,CECA4               ,189796,44:40.0,,S-P21-CECA-009,3273,,0.95,370,45:58.0,,,2,4,3,5,65,4,85,2,64
395,C99AD674-9637-41DC-BF7F-BB38AB6E6610,crapemyrtle,Lagerstroemia,indica,NA,LAIN                ,189796,15:57.0,,S-P21-LAUN-039,6931,,1.25,398,16:57.0,,,2,1,2,1,5,4,45,5,61
396,CBBBB85C-5667-427B-9407-BC0931103FFA,red maple,Acer,rubrum,NA,ACRU                ,189796,33:26.0,34:44.9,S-R21-ACRU-039,3247,Large gash in the trunk suggesting decay.,17.2,348,35:15.0,,Large gash in the trunk suggesting decay.,2,2,2,1,1,4,25,4,57
397,78280700-36D6-47BA-AE29-BC2F86E2E0E0,plum/cherry,Prunus,spp.,NA,PRUNU               ,189796,29:11.0,,S-P21-PRUN-057,6898,,0.15,416,30:04.0,,"Pole present; we hypothesize for this to be a sweet cherry, but we are not certain, based on the previous two trees and the bark.",2,5,NA,NA,100,NA,95,1,72
400,6A38327F-9961-41F6-9512-BE61A1A48CDD,Japanese zelkova,Zelkova,serrata,NA,ZESE80              ,189796,40:56.0,,S-P21-ZESE-031,18056,,1,391,43:26.0,,,2,2,2,2,20,5,65,4,67
402,F21C2F01-14C5-49AE-8085-BF1D57C2A980,willow oak,Quercus,phellos,NA,QUPH                ,203642,18:52.0,15:37.4,S-O21-QUPH-050,3343,,17,81,19:57.0,,,2,1,1,2,1,5,35,5,28
403,569AC7B5-921A-4F8F-9DF9-BF5A5A596127,Chinese elm,Ulmus,parvifolia,NA,ULPA                ,189796,24:40.0,57:12.4,S-Q21-ULPA-076,6567,,4.7,284,25:38.0,,"Yellowing leaves, nail in trunk",2,3,1,3,5,4,55,3,55
405,6FED5D1E-E9C8-41B0-9A34-BFD3E9E52EB6,plum/cherry,Prunus,spp.,NA,PRUNU               ,179696,27:46.0,15:36.4,S-O18-PRUN-026,6898,"DBH taken at 1'4""",10.61,16,31:11.0,,,2,3,2,3,30,3,45,3,79
406,E6BD4D35-DC8D-4F2A-8AC8-C0010CC0A4FA,willow oak,Quercus,phellos,NA,QUPH                ,189796,25:55.0,25:18.6,S-O18-QUPH-049,3343,,16.6,50,27:43.0,,,2,2,2,2,1,4,25,4,66
407,CB342D35-BFAF-4AAA-9A9C-C001B97BB043,willow oak,Quercus,phellos,NA,QUPH                ,189796,36:38.0,,S-S22-QUPH-012,3343,,42.5,436,37:38.0,,,2,2,1,2,5,5,35,4,41
408,438BB79D-6300-43F9-9656-C0B3CA0BFB96,crapemyrtle,Lagerstroemia,indica,NA,LAIN                ,189796,46:44.0,24:37.6,S-U16-LAUN-013,6931,"Multistemmed other dbhs: 4, 3.35, 4.2, 4.4, 3.1",5.4,299,49:10.0,,,2,2,1,1,1,4,45,4,16
410,147B2FB5-78A7-4019-B181-C14CFCCAE25A,crapemyrtle,Lagerstroemia,indica,NA,LAIN                ,189796,03:29.0,11:55.0,S-U16-LAUN-015,6931,,6,301,06:19.0,,Decay at stump,2,1,1,2,5,5,45,5,6
412,79853D59-DDAD-4786-9FC4-C15E113045CD,winged elm,Ulmus,alata,NA,ULAL                ,189796,44:27.0,26:49.9,S-U16-ULAL-008,3357,,15.8,294,45:41.0,,,2,2,1,2,10,4,45,4,16
413,50A13EA3-80EA-40CD-AE0A-C26E567436DA,crapemyrtle,Lagerstroemia,indica,NA,LAIN                ,189796,23:11.0,,S-P21-LAUN-041,6931,,1.5,400,24:56.0,,,2,1,2,1,1,5,55,5,65
414,0278B967-76CE-4E09-9D50-C30F5F494F4A,American hornbeam,Carpinus,caroliniana,NA,CACA18              ,189796,52:02.0,38:41.8,S-R21-CACA-046,3258,,0.75,354,52:48.0,,Mulch volcano.,2,3,2,3,1,4,45,3,28
415,241EADD1-A2D1-4893-98DC-C328278E60A5,red maple,Acer,rubrum,NA,ACRU                ,189796,46:38.0,21:22.8,S-Q21-ACRU-024,3247,,4.6,238,48:58.0,,,2,2,1,2,15,5,45,4,72
417,50719528-0ACB-43B6-ACF8-C3FD6DC4D6EA,unlisted plant,,,NA,,189796,45:12.0,,S-M19-NYSY-012,59420,"DBH estimated, four stems",12,456,47:02.0,, Considerable large branch dieback,2,2,2,2,5,3,45,4,37
418,72A3E04F-6420-4FC1-934A-C453B4BE20C5,willow oak,Quercus,phellos,NA,QUPH                ,189796,07:05.0,25:31.2,S-O18-QUPH-041,3343,,14.2,42,08:25.0,,Fungal disease on some branches (tiny bumps leading to dieback),2,2,1,2,5,3,35,4,83
420,1A9DF0DC-8274-4163-87FA-C55A3C413222,Norway maple,Acer,platanoides,NA,ACPL                ,189796,14:41.0,24:51.5,S-P21-ACPL-064,3002,"This tree is a 'Crimson sunset maple,' a hybrid between an Acer truncatum and an Acer platanoides. All the previous Acer platanoides are, too.",1.01,422,17:17.0,,"This tree is a 'Crimson sunset maple,' a hybrid between an Acer truncatum and an Acer platanoides. All the previous Acer platanoides are, too.",2,2,2,2,1,5,45,4,66
424,2490CB0D-122F-45A3-836D-C70F204543F1,American elm,Ulmus,americana,NA,ULAM                ,189796,41:27.0,56:55.0,S-Q21-ULAM-003,3358,,4.9,217,44:20.0,,,2,1,2,1,1,5,25,5,68
426,37432FA2-C310-4667-A103-C76E5DE038EF,serviceberry,Amelanchier,spp.,NA,AMELA               ,189796,50:59.0,,S-R21-AMXG-014,47898,Amelanchier x grandiflora Autumn Brilliance,1,336,52:21.0,,,2,2,2,2,10,4,55,4,46
427,A22307F3-C475-45B0-B28F-C8407E67DFF0,oak,Quercus,spp.,NA,QUERC               ,203642,13:25.0,,S-O21-QUUN-049,2759,Possibly quercus marylandia,2.7,80,16:19.0,,,2,2,1,2,1,4,55,4,28
428,B588B9C6-76EC-4310-B530-C8FB7DF0F646,ginkgo,Ginkgo,biloba,NA,GIBI2               ,189796,13:48.0,,S-P21-GIBI-023,3976,"dbh measured at 2'5""",0.65,384,15:35.0,,,2,3,1,3,1,5,15,3,79
429,1D15C9FD-81AC-4F2C-A75B-C92BEC290F8B,crapemyrtle,Lagerstroemia,indica,NA,LAIN                ,189796,44:07.0,51:32.2,S-P21-LAUN-047,6931,,1.5,406,44:50.0,,Some trunk sprout.,2,2,1,1,10,5,65,4,57
430,B41BE7FB-4CDF-46A4-A247-C9C261FB19CE,plum/cherry,Prunus,spp.,NA,PRUNU               ,189796,33:16.0,,S-P21-PRUN-070,6898,,0.64,427,34:30.0,,Some trunk sprout.,2,2,1,2,1,5,55,4,61
431,B4943FFE-3255-4062-9241-CA329C25657B,crapemyrtle,Lagerstroemia,indica,NA,LAIN                ,189796,02:23.0,20:47.2,S-O21-LIUN-111,6931,"Multistemmed other dbh: 4.2, 4",5.1,326,03:18.0,,,2,1,1,1,5,3,45,5,51
435,D59371D2-E8EF-4923-9EFF-CCF760BFC0FF,elm,Ulmus,spp.,NA,ULMUS               ,189796,42:38.0,,S-P21-ULUN-022,3478,,1.1,383,46:22.0,48:05.0,Ulmus americana valley forge,2,2,1,2,15,5,55,4,54
436,75B22364-C301-437F-89A9-CD31AF9FCE8F,live oak,Quercus,virginiana,NA,QUVI                ,189796,21:52.0,,S-S22-QUVI-010,3349,Dbh measured at 3ft,46.6,434,25:07.0,,,2,1,1,1,5,4,35,5,34
437,6A303E68-0A12-4877-BD96-CD8F0566247F,plum/cherry,Prunus,spp.,NA,PRUNU               ,179696,38:53.0,15:51.4,S-O18-PRUN-027,6898,"DBH measured at 1'5""",10.71,17,42:50.0,,Broken branches,2,4,2,3,65,3,55,2,79
438,21159D1C-031F-4E29-8280-CE0BEDD23EBB,eastern redbud,Cercis,canadensis,NA,CECA4               ,189796,18:56.0,,S-P21-CECA-016,3273,,1.05,377,19:52.0,,,2,4,2,5,30,5,55,2,74
440,DD2951BB-4A7B-49D4-94E4-CF39F68C74B9,Chinese elm,Ulmus,parvifolia,NA,ULPA                ,189796,17:19.0,58:05.6,S-Q21-ULPA-074,6567,,5.6,282,18:44.0,,,2,2,1,2,5,2,35,4,55
442,29A018BE-46D2-4CEB-B851-CFAAD09C983C,hawthorn,Crataegus,spp.,NA,CRATA               ,189796,41:17.0,,S-R21-CRVI-011,3959,Crataegus viridis,1,335,43:05.0,,,2,5,NA,NA,100,NA,95,1,33
443,098940D6-523B-41AB-BADE-D0A373398177,Kousa dogwood,Cornus,kousa,NA,COKO2               ,179696,17:58.0,13:58.5,S-O21-COKO-029,17242,,1.7,136,19:50.0,,Surround by grooming bushes,2,2,2,2,5,4,45,4,13
447,F961A405-3914-4AB5-9F70-D44CEF7EA97C,crapemyrtle,Lagerstroemia,indica,NA,LAIN                ,189796,53:17.0,21:07.9,S-O21-LAUN-109,6931,"Multistemmed other dbh: 2.1, 3, 3.2, 1.9, 3.25",4.15,325,56:23.0,,,2,1,1,2,5,4,45,5,68
448,FA76D135-CF02-494A-BFE8-D4FF26E20629,Kentucky coffeetree,Gymnocladus,dioicus,NA,GYDI                ,189796,18:21.0,12:38.7,S-Q21-GYDI-034,3986,,2.5,248,20:25.0,24:59.0,Trunk damage,2,2,1,2,5,4,65,4,84
449,FE620AD0-BA55-4646-B0A1-D54D341AD96F,Persian ironwood,Parrotia,persica,NA,PAPE18              ,189796,33:31.0,50:14.8,S-P21-PAPE-044,22567,,1,403,34:14.0,,Persian spire cultivar. ,2,4,2,5,70,5,85,2,70
450,8C331907-E7A4-47B8-95F1-D570FAACCEE3,eastern redbud,Cercis,canadensis,NA,CECA4               ,189796,21:16.0,08:39.1,S-P21-CECA-017,3273,,1,378,22:12.0,,,2,3,2,3,5,5,45,3,74
452,504E985E-0DA9-44D9-BFBD-D647991AE85B,willow oak,Quercus,phellos,NA,QUPH                ,189796,42:52.0,23:32.4,S-O18-QUPH-051,3343,,11.85,52,45:44.0,,Some chlorotic leaves,2,2,1,2,10,3,45,4,77
453,392B0A92-4CC3-43E9-AA97-D66B7D78C059,trident maple,Acer,buergerianum,NA,ACBU4               ,189796,13:25.0,22:37.4,S-Q21-ACBU-033,20243,,9.75,247,14:59.0,,Ton of seeds,2,1,1,2,1,4,15,5,77
455,12EFD75F-7FC7-461A-AE7C-D821D728FB11,holly,Ilex,spp.,NA,ILEX                ,189796,05:46.0,11:35.0,S-U16-ILCO-004,17039,,11.15,290,07:57.0,,,2,1,1,1,5,5,35,5,42
456,908476B9-21C2-45BF-B6FD-D83DB561B2D5,crapemyrtle,Lagerstroemia,indica,NA,LAIN                ,189796,30:33.0,,S-P21-LAUN-007,6931,,1.25,368,31:46.0,,,2,1,1,1,1,4,45,5,91
457,DA38F2EE-445F-40B2-8470-D9EE380FE8F6,American hornbeam,Carpinus,caroliniana,NA,CACA18              ,189796,23:29.0,26:40.9,S-P21-CACA-067,3258,,1.25,424,24:08.0,,Some yellowing close to the trunk.,2,3,2,3,5,5,35,3,61
458,007F1A42-CFCC-47B8-AFD2-DA3F4F21C790,crapemyrtle,Lagerstroemia,indica,NA,LAIN                ,189796,22:38.0,25:03.4,S-U16-LAUN-017,6931,"Multistemmed other dbhs: 6.4, 6, 6.1, 5.5, 6",6.5,303,25:21.0,,,2,2,1,2,5,4,35,4,6
459,672DCE1A-DAE4-48C1-B930-DA8504712CA4,live oak,Quercus,virginiana,NA,QUVI                ,189796,58:02.0,08:08.5,S-S22-QUVI-016,3349,,34.5,440,00:44.0,,,2,2,1,1,5,3,35,4,22
460,2BDAA846-1319-466F-B36C-DA9D126F534B,plum/cherry,Prunus,spp.,NA,PRUNU               ,189796,23:35.0,,S-O21-PRUN-062,6898,Measured dbh at 4ft 2in,8.45,314,25:36.0,,,2,1,1,1,1,5,35,5,59
461,B37A9C2A-CBC3-4BF9-A1E8-DA9FB57A6524,Japanese zelkova,Zelkova,serrata,NA,ZESE80              ,189796,52:21.0,,S-P21-ZESE-034,18056,,0.65,394,53:47.0,,,2,5,NA,NA,100,NA,85,1,63
463,D624B157-E0FD-4AC7-9F45-DB1F8EDB483E,American hornbeam,Carpinus,caroliniana,NA,CACA18              ,189796,09:26.0,33:23.2,S-R21-CACA-037,3258,,0.81,579,39:35.0,39:35.0,,2,3,2,3,5,3,45,3,8
464,C9B9DB86-8D5F-4BBB-8295-DB7676ACB366,sweetbay,Magnolia,virginiana,NA,MAVI2               ,189796,49:17.0,18:43.9,S-O21-MAVI-068,3302,,1,318,50:55.0,,,2,2,2,2,1,5,65,4,48
465,FE299E9C-4D59-41BD-AE0A-DBB59721B0A2,plum/cherry,Prunus,spp.,NA,PRUNU               ,189796,26:44.0,,S-P21-PRUN-056,6898,,0.63,415,27:36.0,,"Pole present; we hypothesize for this to be a sweet cherry, but we are not certain.",2,2,2,1,1,5,55,4,60
466,E33567F3-12D6-4699-B1A2-DC20B2DEDE63,scarlet oak,Quercus,coccinea,NA,QUCO2               ,189796,21:41.0,,S-M19-QUCO-030,3328,,29.9,464,22:49.0,,,2,2,1,1,5,3,25,4,42
467,963D8E38-1B23-416F-AA92-DCE753A7F476,willow oak,Quercus,phellos,NA,QUPH                ,189796,38:51.0,,S-S18-QUPH-006,3343,,39,447,39:42.0,,,2,2,1,1,5,4,45,4,15
468,E3747B02-E64B-4DB5-B632-DD8AABBC28C2,eastern redbud,Cercis,canadensis,NA,CECA4               ,189796,17:00.0,54:29.7,S-P21-CECA-054,3273,"""The Rising Sun"" cultivar.",0.8,413,18:31.0,,The tree is leaning on a stick.,2,5,NA,NA,100,NA,95,1,74
469,6E7B16A5-3EBD-4168-BB07-DE46389FB786,oak,Quercus,spp.,NA,QUERC               ,179696,43:59.0,,S-O21-QUUN-033,2759,,12.7,140,45:15.0,,,2,1,1,2,1,4,25,5,13
470,BBDF0FBD-7BA6-4728-901D-DE7D79A08479,willow oak,Quercus,phellos,NA,QUPH                ,189796,52:13.0,23:48.3,S-O18-QUPH-039,3343,Epicormic branching,15.5,40,54:13.0,,Oozing from the trunk,2,3,2,3,1,3,35,3,83
471,8A2A7C50-1D09-4740-A1E3-DF2A241D1280,willow oak,Quercus,phellos,NA,QUPH                ,189796,56:55.0,,S-T18-QUPH-039,3343,,15.6,472,58:11.0,,Covered in ivy.,2,2,2,2,1,3,35,4,2
472,1DF9DA81-AFF9-436B-B1E8-DF4CE7C88AB6,winged elm,Ulmus,alata,NA,ULAL                ,189796,28:48.0,27:23.1,S-U16-ULAL-010,3357,,6.2,296,29:48.0,,,2,2,2,2,1,3,35,4,16
473,9C436A29-3291-4FFC-B9CF-E053BA5A0D19,unlisted plant,,,NA,,189796,26:30.0,,S-M19-NYSY-009,59420,"DBH measured at 3'1""",19.5,453,28:40.0,,,2,2,2,2,5,3,25,4,32
474,CC978BCE-A3BB-4877-A2E1-E09749B803E4,winged elm,Ulmus,alata,NA,ULAL                ,189796,26:27.0,27:50.6,S-U16-ULAL-006,3357,Winged elm,6.4,292,27:57.0,,"We hypothesize for this to be a Siberian elm (Ulmus pumila), but we need to double check. There are holes in the mulch. The tree suffers for spot-leaf discoloration and exhibits trunk sprout.",2,3,2,2,5,5,25,3,26
475,6E5F9393-577C-41DF-82F0-E19A43CDA0F1,winged elm,Ulmus,alata,NA,ULAL                ,189796,57:49.0,28:12.9,S-U16-ULAL-014,3357,,6.2,300,59:08.0,,Ulmus alata,2,2,2,2,1,4,35,4,6
476,4DF6AB96-53D9-4FCB-9D38-E1D0E3414B26,oak,Quercus,spp.,NA,QUERC               ,179696,33:49.0,,S-O21-QULY-032,2759,,9.1,139,35:14.0,,Discoloration from webbing condition,2,1,1,2,1,3,25,5,13
479,82BB848D-A549-475E-A437-E5FC9FAC6A87,Kentucky coffeetree,Gymnocladus,dioicus,NA,GYDI                ,189796,37:46.0,12:57.3,S-Q21-GYDI-038,3986,,5.35,252,39:23.0,,Some epicormic branching,2,1,1,2,1,5,45,5,82
480,2BE17480-C469-42AC-BF66-E6A06FC13C29,American elm,Ulmus,americana,NA,ULAM                ,189796,04:26.0,54:53.4,S-Q21-ULAM-009,3358,,4.1,222,05:37.0,02:43.9,,2,1,2,1,1,5,35,5,64
481,827AC74B-4BFD-4317-89F7-E7AD33310075,plum/cherry,Prunus,spp.,NA,PRUNU               ,189796,26:14.0,,S-P21-PRUN-068,6898,Same species as S-P21-PRUN-055.,0.71,425,29:01.0,,Same species as S-P21-PRUN-055.,2,2,2,2,1,5,65,4,75
482,AA5CFE55-2DB6-4D7D-8E7E-E8420C7C0692,willow oak,Quercus,phellos,NA,QUPH                ,189796,35:21.0,,S-T18-QUPH-016,3343,Smaller tree growing very close to base.,32.21,468,37:06.0,,,2,2,1,1,5,5,45,4,8
485,D4E4663E-7F03-4B0D-AC3A-EAE9D65C82D5,Japanese zelkova,Zelkova,serrata,NA,ZESE80              ,189796,01:22.0,,S-P21-ZESE-037,18056,,0.95,396,02:15.0,,,2,1,2,1,10,5,55,5,63
486,B867DBF8-CDA9-47C0-B967-EBDA431736C3,unlisted plant,,,NA,,189796,08:51.0,,S-M19-NYSY-016,59420,,14.5,458,09:50.0,,,2,2,1,2,1,3,35,4,32
487,1E5D05E6-9404-4266-A2FF-EBDF3EFD953B,oak,Quercus,spp.,NA,QUERC               ,179696,49:51.0,,S-O21-QUUN-034,2759,,9.1,141,51:25.0,,"Leaf curling, spot leaf. Some dead branches",2,2,2,2,5,4,25,4,14
488,FE19E643-23FB-4BB3-BA55-EC7F3F0D15E3,flowering dogwood,Cornus,florida,NA,COFL2               ,203642,52:38.0,,S-O21-COFL-045,3275,,3.7,76,54:04.0,,,2,3,2,3,1,4,45,3,28
490,90B55F37-A929-4D75-BE58-ED31057FFB5C,unlisted plant,,,NA,,189796,02:37.0,23:37.6,S-P21-ACTR-061,59420,"We hypothesize for this to be an Acer truncatum (Shantung maple), unlisted.",1.45,419,04:13.0,,,2,1,1,1,1,5,25,5,79
491,961DAE3E-60BE-41F5-B2AB-ED7D3C4A50F3,eastern redbud,Cercis,canadensis,NA,CECA4               ,203642,36:39.0,37:41.5,S-O18-CECA-004,3273,"1'9""",1.86,2,38:43.0,,Protection around base,2,3,2,2,5,5,35,3,71
492,12BAEEF5-9C96-445B-9E76-ED9F161D458F,crapemyrtle,Lagerstroemia,indica,NA,LAIN                ,189796,54:56.0,,S-P21-LAUN-011,6931,"Multistemmed (2.8, 2.2, 2.65, 2.6, 2.9)",4.5,372,57:47.0,,,2,2,2,1,5,3,35,4,75
493,259B6A18-C326-4922-86D4-EE56F4998CB1,eastern redbud,Cercis,canadensis,NA,CECA4               ,189796,49:56.0,,S-P21-CECA-010,3273,,0.95,371,50:53.0,,,2,3,2,4,5,4,35,3,64
494,FF722DBC-743B-4264-80B2-EEB05D8CA168,sweetgum,Liquidambar,styraciflua,NA,LIST2               ,189796,58:33.0,01:22.0,S-U21-LIST-003,3296,,1.17,442,59:37.0,,,2,1,1,1,1,0,45,5,18
495,6FC67509-81DD-4E3F-A919-EEDB58EA5FCD,eastern redbud,Cercis,canadensis,NA,CECA4               ,179696,11:06.0,01:40.7,S-O18-CECA-014,3273,"Measured at 2'2""",1.5,9,12:31.0,,,2,2,2,2,1,5,45,4,69
497,4F2A33FF-DCDB-45CE-900B-EF7A1B815D7E,eastern redbud,Cercis,canadensis,NA,CECA4               ,203642,44:22.0,38:00.4,S-O18-CECA-005,3273,"DBH taken from 2'2""",1.81,3,48:00.0,,,2,5,NA,NA,100,NA,0,1,71
498,7536A58A-7A9F-42A7-ADD4-F1AB291CBACD,live oak,Quercus,virginiana,NA,QUVI                ,189796,27:27.0,,S-S22-QUVI-011,3349,"Dbh measured at: 3'7""",22.1,435,30:43.0,,,2,2,1,1,10,3,45,4,64
500,AF4A4AB2-2285-4165-8738-F2F2696CE402,crapemyrtle,Lagerstroemia,indica,NA,LAIN                ,189796,24:26.0,,S-P21-LAUN-005,6931,,1.05,367,25:48.0,,"Some missing bark at tree base (vertical stripping), resprout at base",2,1,1,1,5,5,35,5,91
503,ED129ED3-2AFF-4F80-B111-F49E24F93D16,willow oak,Quercus,phellos,NA,QUPH                ,189796,33:02.0,23:10.5,S-O18-QUPH-042,3343,Chlorotic leaves,16.6,43,35:21.0,,Epicormic branching,2,2,NA,2,1,3,25,4,83
506,E1421AFA-7D67-4BC8-9EDB-F62A42650190,crapemyrtle,Lagerstroemia,indica,NA,LAIN                ,189796,18:36.0,,S-P21-LAUN-040,6931,,1.75,587,55:59.0,55:59.0,,2,1,1,1,5,5,55,5,64
508,E7D27262-8788-4F1F-8ADB-F6C33F1E83AF,unlisted plant,,,NA,,189796,24:03.0,,S-M19-NYSY-019,59420,Nyssa sylvatica,14.4,461,25:10.0,,,2,2,1,2,10,2,45,4,11
509,60E9708E-92DA-4981-B72C-F6E86DCCBF9D,red maple,Acer,rubrum,NA,ACRU                ,189796,02:45.0,,S-S22-ACRU-017,3247,"Dbh measured at: 3'4""",22.1,441,05:21.0,,,2,3,1,2,15,3,45,3,22
510,E95DB159-3EE5-4340-90DD-F744CFD6E51E,red maple,Acer,rubrum,NA,ACRU                ,189796,55:18.0,21:34.4,S-Q21-ACRU-026,3247,,4.5,240,56:58.0,,,2,1,1,2,1,5,35,5,83
512,117F3892-B64B-46EF-B4D4-F9818B5AD637,crapemyrtle,Lagerstroemia,indica,NA,LAIN                ,189796,10:35.0,,S-P21-LAUN-002,6931,,2.1,364,11:39.0,,"Some exposed inner wood at trunk base, regrowth from pruning scars",2,2,2,2,5,5,45,4,91
513,BA4B7671-2E9E-42CA-8AA2-F9E486AE82D5,American hornbeam,Carpinus,caroliniana,NA,CACA18              ,189796,55:06.0,,S-R21-CACA-015,3258,,0.9,337,55:47.0,,,2,2,2,2,1,5,45,4,51
514,F69B95B4-2C8B-4AF9-91A3-F9EAA00B2D5F,American elm,Ulmus,americana,NA,ULAM                ,189796,35:43.0,55:09.4,S-Q21-ULAM-002,3358,,4.7,216,37:33.0,,,2,4,2,1,1,5,15,2,79
515,FF458A4E-960B-483E-9E3E-FAA826928598,scarlet oak,Quercus,coccinea,NA,QUCO2               ,189796,31:20.0,,S-M19-QUCO-032,3328,,24.4,466,32:42.0,,"Some galls; discoloration from chlorotic leaves, browning, some spot",2,2,1,2,10,4,35,4,49
516,5875B89E-5F81-42FC-90DD-FAAD3CF43E80,Japanese zelkova,Zelkova,serrata,NA,ZESE80              ,189796,46:20.0,,S-P21-ZESE-32,18056,,1.1,392,47:17.0,,,2,5,NA,NA,100,NA,85,1,67
518,829DF958-9B89-4CCC-9087-FDDD83E94224,crapemyrtle,Lagerstroemia,indica,NA,LAIN                ,189796,04:38.0,,S-P21-LAUN-051,6931,"Multistemmed, the other five major stems' DBH are 2.8, 2.75, 2.5, 2.7, 2.6, clockwise. ",3.01,410,07:34.0,,One large broken branch at base.,2,2,1,2,5,3,35,4,64
519,71284A16-4C67-4337-9B34-FE0AAA8D58AE,red maple,Acer,rubrum,NA,ACRU                ,189796,28:26.0,21:49.9,S-Q21-ACRU-020,3247,,5.7,234,30:20.0,,,2,3,1,2,30,5,55,3,70
521,8EB9A245-0603-4DDC-9141-FF8ED8497266,Japanese zelkova,Zelkova,serrata,NA,ZESE80              ,189796,53:57.0,,S-S22-ZESE-015,18056,,1,439,55:38.0,,,2,1,2,2,1,3,45,5,22
